INSERT INTO crop (id, crop_name) VALUES ('1', 'Tomatillo');
INSERT INTO crop (id, crop_name) VALUES ('2', 'Paw Paw');

INSERT INTO breeding_method (id, abbreviation, description, "name") VALUES('bm1', 'MBCR', 'Backcross to recover a specific gene.', 'Male Backcross');
INSERT INTO breeding_method (id, abbreviation, description, "name") VALUES('bm2', 'FBCR', 'Backcross to recover a specific gene.', 'Female Backcross');

INSERT INTO germplasm (id, accession_number, acquisition_date, biological_status_of_accession_code, common_crop_name, country_of_origin_code, default_display_name, genus, germplasm_name, germplasmpui, germplasm_seed_source, institute_code, institute_name, species, species_authority, subtaxa, subtaxa_authority, synonyms, breeding_method_id) VALUES ('1', 'A000001', '19840101', '300', 'G000001', 'COUNTRY1', 'G000001', 'Fructus', 'Name001', 'http://pui.per/accession/A000001', 'open pollination', 'PER001', 'INST1', 'novus', 'L', 'subtaxa', 'N', 'landrace 1', 'bm1');
INSERT INTO germplasm (id, accession_number, acquisition_date, biological_status_of_accession_code, common_crop_name, country_of_origin_code, default_display_name, genus, germplasm_name, germplasmpui, germplasm_seed_source, institute_code, institute_name, species, species_authority, subtaxa, subtaxa_authority, synonyms, breeding_method_id) VALUES ('2', 'A000002', '19840101', '300', 'G000002', 'COUNTRY1', 'G000002', 'Fructus', 'Name002', 'http://pui.per/accession/A000002', 'open pollination', 'PER001', 'INST1', 'novus', 'L', 'subtaxa', 'N', 'landrace 2', 'bm1');
INSERT INTO germplasm (id, accession_number, acquisition_date, biological_status_of_accession_code, common_crop_name, country_of_origin_code, default_display_name, genus, germplasm_name, germplasmpui, germplasm_seed_source, institute_code, institute_name, species, species_authority, subtaxa, subtaxa_authority, synonyms, breeding_method_id) VALUES ('3', 'A000003', '20010101', '500', 'G000003', 'COUNTRY1', 'G000003', 'Fructus', 'Name003', 'http://pui.per/accession/A000003', 'A000001/A000002', 'PER001', 'INST1', 'novus', 'L', 'subtaxa', 'N', 'variety 1', 'bm1');
INSERT INTO germplasm (id, accession_number, acquisition_date, biological_status_of_accession_code, common_crop_name, country_of_origin_code, default_display_name, genus, germplasm_name, germplasmpui, germplasm_seed_source, institute_code, institute_name, species, species_authority, subtaxa, subtaxa_authority, synonyms, breeding_method_id) VALUES ('4', 'A000004', '20010101', '500', 'G000004', 'COUNTRY1', 'G000004', 'Fructus', 'Name004', 'http://pui.per/accession/A000004',  NULL, 'PER001', 'INST1', 'novus', 'L', 'subtaxa', 'N', 'variety 4', 'bm1');
INSERT INTO germplasm (id, accession_number, acquisition_date, biological_status_of_accession_code, common_crop_name, country_of_origin_code, default_display_name, genus, germplasm_name, germplasmpui, germplasm_seed_source, institute_code, institute_name, species, species_authority, subtaxa, subtaxa_authority, synonyms, breeding_method_id) VALUES ('5', 'A000005', '20010101', '500', 'G000005', 'COUNTRY1', 'G000005', 'Fructus', 'Name005', 'http://pui.per/accession/A000005',  NULL, 'PER001', 'INST1', 'novus', 'L', 'subtaxa', 'N', 'variety 5', 'bm1');
INSERT INTO germplasm (id, accession_number, acquisition_date, biological_status_of_accession_code, common_crop_name, country_of_origin_code, default_display_name, genus, germplasm_name, germplasmpui, germplasm_seed_source, institute_code, institute_name, species, species_authority, subtaxa, subtaxa_authority, synonyms, breeding_method_id) VALUES ('6', 'A000006', '20010101', '500', 'G000006', 'COUNTRY1', 'G000006', 'Fructus', 'Name006', 'http://pui.per/accession/A000006',  NULL, 'PER001', 'INST1', 'novus', 'L', 'subtaxa', 'N', 'variety 6', 'bm1');
INSERT INTO germplasm (id, accession_number, acquisition_date, biological_status_of_accession_code, common_crop_name, country_of_origin_code, default_display_name, genus, germplasm_name, germplasmpui, germplasm_seed_source, institute_code, institute_name, species, species_authority, subtaxa, subtaxa_authority, synonyms, breeding_method_id) VALUES ('7', 'A000007', '20010101', '500', 'G000007', 'COUNTRY1', 'G000007', 'Fructus', 'Name007', 'http://pui.per/accession/A000007',  NULL, 'PER001', 'INST1', 'novus', 'L', 'subtaxa', 'N', 'variety 7', 'bm1');
INSERT INTO germplasm (id, accession_number, acquisition_date, biological_status_of_accession_code, common_crop_name, country_of_origin_code, default_display_name, genus, germplasm_name, germplasmpui, germplasm_seed_source, institute_code, institute_name, species, species_authority, subtaxa, subtaxa_authority, synonyms, breeding_method_id) VALUES ('8', 'A000008', '20010101', '500', 'G000008', 'COUNTRY1', 'G000008', 'Fructus', 'Name008', 'http://pui.per/accession/A000008',  NULL, 'PER001', 'INST1', 'novus', 'L', 'subtaxa', 'N', 'variety 8', 'bm1');
INSERT INTO germplasm (id, accession_number, acquisition_date, biological_status_of_accession_code, common_crop_name, country_of_origin_code, default_display_name, genus, germplasm_name, germplasmpui, germplasm_seed_source, institute_code, institute_name, species, species_authority, subtaxa, subtaxa_authority, synonyms, breeding_method_id) VALUES ('9', 'A000009', '20010101', '300', 'Local_variety', 'COUNTRY1', 'Local_variety', 'Fructus', 'Local_variety', 'http://pui.per/accession/A000009', 'open pollination', 'PER001', 'INST1', 'novus', 'L', 'subtaxa', 'N', 'landrace', 'bm1');

INSERT INTO pedigree(id, crossing_plan, crossing_year, family_code, notation, parent1type, parent2type, pedigree, germplasm_db_id, parent1_db_id, parent2_db_id) VALUES('1', 'OPEN_POLLINATION', 2018, 'Cree_x_Bonanza_2018', 'purdy', 'FEMALE', 'MALE', 'A000001', '1', null, null);
INSERT INTO pedigree(id, crossing_plan, crossing_year, family_code, notation, parent1type, parent2type, pedigree, germplasm_db_id, parent1_db_id, parent2_db_id) VALUES('2', 'OPEN_POLLINATION', 2018, 'Cree_x_Bonanza_2018', 'purdy', 'FEMALE', 'MALE', 'A000002', '2', null, null);
INSERT INTO pedigree(id, crossing_plan, crossing_year, family_code, notation, parent1type, parent2type, pedigree, germplasm_db_id, parent1_db_id, parent2_db_id) VALUES('3', 'OPEN_POLLINATION', 2018, 'Cree_x_Bonanza_2018', 'purdy', 'FEMALE', 'MALE', 'A000001/A000002', '3', '1', '2');
INSERT INTO pedigree(id, crossing_plan, crossing_year, family_code, notation, parent1type, parent2type, pedigree, germplasm_db_id, parent1_db_id, parent2_db_id) VALUES('4', 'OPEN_POLLINATION', 2018, 'Cree_x_Bonanza_2018', 'purdy', 'FEMALE', 'MALE', 'A000001/A000003', '4', '1', '3');
INSERT INTO pedigree(id, crossing_plan, crossing_year, family_code, notation, parent1type, parent2type, pedigree, germplasm_db_id, parent1_db_id, parent2_db_id) VALUES('5', 'OPEN_POLLINATION', 2018, 'Cree_x_Bonanza_2018', 'purdy', 'FEMALE', 'MALE', 'A000003/A000004', '5', '3', '4');
INSERT INTO pedigree(id, crossing_plan, crossing_year, family_code, notation, parent1type, parent2type, pedigree, germplasm_db_id, parent1_db_id, parent2_db_id) VALUES('6', 'OPEN_POLLINATION', 2018, 'Cree_x_Bonanza_2018', 'purdy', 'FEMALE', 'MALE', 'A000003/A000002', '6', '3', '2');
INSERT INTO pedigree(id, crossing_plan, crossing_year, family_code, notation, parent1type, parent2type, pedigree, germplasm_db_id, parent1_db_id, parent2_db_id) VALUES('7', 'OPEN_POLLINATION', 2018, 'Cree_x_Bonanza_2018', 'purdy', 'FEMALE', 'MALE', 'A000001/A000006', '7', '1', '6');
INSERT INTO pedigree(id, crossing_plan, crossing_year, family_code, notation, parent1type, parent2type, pedigree, germplasm_db_id, parent1_db_id, parent2_db_id) VALUES('8', 'OPEN_POLLINATION', 2018, 'Cree_x_Bonanza_2018', 'purdy', 'FEMALE', 'MALE', 'A000006/A000007', '8', '6', '7');
INSERT INTO pedigree(id, crossing_plan, crossing_year, family_code, notation, parent1type, parent2type, pedigree, germplasm_db_id, parent1_db_id, parent2_db_id) VALUES('9', 'OPEN_POLLINATION', 2018, 'Cree_x_Bonanza_2018', 'purdy', 'FEMALE', 'MALE', 'A000004/A000007', '9', '4', '7');

INSERT INTO donor (id, germplasm_db_id, donor_accession_number, donor_institute_code, germplasmpui) VALUES ('1', '1', 'A001230', 'INRA', 'https://doi.org/10.1109/5.771073');
INSERT INTO donor (id, germplasm_db_id, donor_accession_number, donor_institute_code, germplasmpui) VALUES ('2', '1', 'A004560', 'INRA', 'https://doi.org/10.1109/5.231123');
INSERT INTO donor (id, germplasm_db_id, donor_accession_number, donor_institute_code, germplasmpui) VALUES ('3', '2', 'A007890', 'INRA', 'https://doi.org/10.1109/5.771073');
INSERT INTO donor (id, germplasm_db_id, donor_accession_number, donor_institute_code, germplasmpui) VALUES ('4', '2', 'A001010', 'INRA', 'https://doi.org/10.1109/5.231123');

INSERT INTO germplasm_attribute_category (id, name) VALUES ('1', 'Morphological');
INSERT INTO germplasm_attribute_category (id, name) VALUES ('2', 'Agronomic');
INSERT INTO germplasm_attribute_category (id, name) VALUES ('3', 'Biotic stress');
INSERT INTO germplasm_attribute_category (id, name) VALUES ('4', 'Abiotic stress');

INSERT INTO germplasm_attribute_definition(id, code, datatype, description, name, uri, attribute_category_id) VALUES ('1', 'RHT', 'Categorical', 'Allele of marker 11_4769', 'Rht-B1b', 'http://www.brapi.org/ontology/MO_123:1000001', '2');
INSERT INTO germplasm_attribute_definition(id, code, datatype, description, name, uri, attribute_category_id) VALUES ('2', 'WEV', 'Categorical', 'Resistance allele', 'Weevil Resistance', 'http://www.brapi.org/ontology/MO_123:1000002', '3');
INSERT INTO germplasm_attribute_definition(id, code, datatype, description, name, uri, attribute_category_id) VALUES ('3', 'FLSHORG', 'Categorical', 'Allelele for orange flesh', 'Flesh Color Orange allele', 'http://www.brapi.org/ontology/MO_123:1000003', '1');
INSERT INTO germplasm_attribute_definition(id, code, datatype, description, name, uri, attribute_category_id) VALUES ('4', 'FLWCOL', 'Categorical', 'Allele for white flower color', 'Flower color white allele', 'http://www.brapi.org/ontology/MO_123:1000004', '1');
INSERT INTO germplasm_attribute_definition(id, code, datatype, description, name, uri, attribute_category_id) VALUES ('5', 'RAL1', 'Categorical', 'Resistance allele 1', 'R allele 1', 'http://www.brapi.org/ontology/MO_123:1000005', '3');
INSERT INTO germplasm_attribute_definition(id, code, datatype, description, name, uri, attribute_category_id) VALUES ('6', 'RAL2', 'Categorical', 'Resistance allele 2', 'R allele 2', 'http://www.brapi.org/ontology/MO_123:1000006', '3');
INSERT INTO germplasm_attribute_definition(id, code, datatype, description, name, uri, attribute_category_id) VALUES ('7', 'RAL3', 'Categorical', 'Resistance allele 3', 'R allele 3', 'http://www.brapi.org/ontology/MO_123:1000007', '3');
INSERT INTO germplasm_attribute_definition(id, code, datatype, description, name, uri, attribute_category_id) VALUES ('8', 'RAL4', 'Categorical', 'Resistance allele 4', 'R allele 4', 'http://www.brapi.org/ontology/MO_123:1000008', '4');
INSERT INTO germplasm_attribute_definition(id, code, datatype, description, name, uri, attribute_category_id) VALUES ('9', 'RAL5', 'Categorical', 'Resistance allele 5', 'R allele 5', 'http://www.brapi.org/ontology/MO_123:1000009', '4');
INSERT INTO germplasm_attribute_definition(id, code, datatype, description, name, uri, attribute_category_id) VALUES ('10', 'RAL6', 'Categorical', 'Resistance allele', 'R allele 6', 'http://www.brapi.org/ontology/MO_123:1000010', '4');

INSERT INTO germplasm_attribute_value(id, germplasm_id, germplasm_attribute_definition_id, value, determined_date) VALUES ('1', '1', '1', 'Present', '20170317');
INSERT INTO germplasm_attribute_value(id, germplasm_id, germplasm_attribute_definition_id, value, determined_date) VALUES ('2', '1', '2', 'Absent', '20170317');
INSERT INTO germplasm_attribute_value(id, germplasm_id, germplasm_attribute_definition_id, value, determined_date) VALUES ('3', '1', '3', '1', '20170317');
INSERT INTO germplasm_attribute_value(id, germplasm_id, germplasm_attribute_definition_id, value, determined_date) VALUES ('4', '1', '4', '3', '20170317');
INSERT INTO germplasm_attribute_value(id, germplasm_id, germplasm_attribute_definition_id, value, determined_date) VALUES ('5', '1', '5', 'Heterozygous', '20170317');
INSERT INTO germplasm_attribute_value(id, germplasm_id, germplasm_attribute_definition_id, value, determined_date) VALUES ('6', '1', '6', '5', '20170317');
INSERT INTO germplasm_attribute_value(id, germplasm_id, germplasm_attribute_definition_id, value, determined_date) VALUES ('7', '1', '7', '7', '20170317');
INSERT INTO germplasm_attribute_value(id, germplasm_id, germplasm_attribute_definition_id, value, determined_date) VALUES ('8', '1', '8', '9', '20170317');
INSERT INTO germplasm_attribute_value(id, germplasm_id, germplasm_attribute_definition_id, value, determined_date) VALUES ('9', '1', '9', '3', '20170317');
INSERT INTO germplasm_attribute_value(id, germplasm_id, germplasm_attribute_definition_id, value, determined_date) VALUES ('10', '1', '10', '1', '20170317');
INSERT INTO germplasm_attribute_value(id, germplasm_id, germplasm_attribute_definition_id, value, determined_date) VALUES ('11', '2', '1', 'Absent', '20170317');
INSERT INTO germplasm_attribute_value(id, germplasm_id, germplasm_attribute_definition_id, value, determined_date) VALUES ('12', '2', '2', 'Heterozygous', '20170317');
INSERT INTO germplasm_attribute_value(id, germplasm_id, germplasm_attribute_definition_id, value, determined_date) VALUES ('13', '2', '3', '3', '20170317');
INSERT INTO germplasm_attribute_value(id, germplasm_id, germplasm_attribute_definition_id, value, determined_date) VALUES ('14', '2', '4', '4', '20170317');
INSERT INTO germplasm_attribute_value(id, germplasm_id, germplasm_attribute_definition_id, value, determined_date) VALUES ('15', '2', '5', 'Absent', '20170317');
INSERT INTO germplasm_attribute_value(id, germplasm_id, germplasm_attribute_definition_id, value, determined_date) VALUES ('16', '2', '6', '7', '20170317');
INSERT INTO germplasm_attribute_value(id, germplasm_id, germplasm_attribute_definition_id, value, determined_date) VALUES ('17', '2', '7', '8', '20170317');
INSERT INTO germplasm_attribute_value(id, germplasm_id, germplasm_attribute_definition_id, value, determined_date) VALUES ('18', '2', '8', '2', '20170317');
INSERT INTO germplasm_attribute_value(id, germplasm_id, germplasm_attribute_definition_id, value, determined_date) VALUES ('19', '2', '9', '1', '20170317');
INSERT INTO germplasm_attribute_value(id, germplasm_id, germplasm_attribute_definition_id, value, determined_date) VALUES ('20', '2', '10', '8', '20170317');
INSERT INTO germplasm_attribute_value(id, germplasm_id, germplasm_attribute_definition_id, value, determined_date) VALUES ('21', '3', '1', 'Heterozygous', '20170317');
INSERT INTO germplasm_attribute_value(id, germplasm_id, germplasm_attribute_definition_id, value, determined_date) VALUES ('22', '3', '2', 'Present', '20170317');
INSERT INTO germplasm_attribute_value(id, germplasm_id, germplasm_attribute_definition_id, value, determined_date) VALUES ('23', '3', '3', '9', '20170317');
INSERT INTO germplasm_attribute_value(id, germplasm_id, germplasm_attribute_definition_id, value, determined_date) VALUES ('24', '3', '4', '5', '20170317');
INSERT INTO germplasm_attribute_value(id, germplasm_id, germplasm_attribute_definition_id, value, determined_date) VALUES ('25', '3', '5', '1', '20170317');
INSERT INTO germplasm_attribute_value(id, germplasm_id, germplasm_attribute_definition_id, value, determined_date) VALUES ('26', '3', '6', '2', '20170317');
INSERT INTO germplasm_attribute_value(id, germplasm_id, germplasm_attribute_definition_id, value, determined_date) VALUES ('27', '3', '7', '6', '20170317');
INSERT INTO germplasm_attribute_value(id, germplasm_id, germplasm_attribute_definition_id, value, determined_date) VALUES ('28', '3', '8', '7', '20170317');
INSERT INTO germplasm_attribute_value(id, germplasm_id, germplasm_attribute_definition_id, value, determined_date) VALUES ('29', '3', '9', '8', '20170317');
INSERT INTO germplasm_attribute_value(id, germplasm_id, germplasm_attribute_definition_id, value, determined_date) VALUES ('30', '3', '10', '4', '20170317');
INSERT INTO germplasm_attribute_value(id, germplasm_id, germplasm_attribute_definition_id, value, determined_date) VALUES ('31', '4', '1', 'Present', '20170317');
INSERT INTO germplasm_attribute_value(id, germplasm_id, germplasm_attribute_definition_id, value, determined_date) VALUES ('32', '4', '2', 'Heterozygous', '20170317');
INSERT INTO germplasm_attribute_value(id, germplasm_id, germplasm_attribute_definition_id, value, determined_date) VALUES ('33', '4', '3', '5', '20170317');
INSERT INTO germplasm_attribute_value(id, germplasm_id, germplasm_attribute_definition_id, value, determined_date) VALUES ('34', '4', '4', '9', '20170317');
INSERT INTO germplasm_attribute_value(id, germplasm_id, germplasm_attribute_definition_id, value, determined_date) VALUES ('35', '4', '5', 'Absent', '20170317');
INSERT INTO germplasm_attribute_value(id, germplasm_id, germplasm_attribute_definition_id, value, determined_date) VALUES ('36', '4', '6', '9', '20170317');
INSERT INTO germplasm_attribute_value(id, germplasm_id, germplasm_attribute_definition_id, value, determined_date) VALUES ('37', '4', '7', '8', '20170317');
INSERT INTO germplasm_attribute_value(id, germplasm_id, germplasm_attribute_definition_id, value, determined_date) VALUES ('38', '4', '8', '7', '20170317');
INSERT INTO germplasm_attribute_value(id, germplasm_id, germplasm_attribute_definition_id, value, determined_date) VALUES ('39', '4', '9', '6', '20170317');
INSERT INTO germplasm_attribute_value(id, germplasm_id, germplasm_attribute_definition_id, value, determined_date) VALUES ('40', '4', '10', '5', '20170317');
INSERT INTO germplasm_attribute_value(id, germplasm_id, germplasm_attribute_definition_id, value, determined_date) VALUES ('41', '5', '1', 'Absent', '20170317');
INSERT INTO germplasm_attribute_value(id, germplasm_id, germplasm_attribute_definition_id, value, determined_date) VALUES ('42', '5', '2', 'Heterozygous', '20170317');
INSERT INTO germplasm_attribute_value(id, germplasm_id, germplasm_attribute_definition_id, value, determined_date) VALUES ('43', '5', '3', '8', '20170317');
INSERT INTO germplasm_attribute_value(id, germplasm_id, germplasm_attribute_definition_id, value, determined_date) VALUES ('44', '5', '4', '5', '20170317');
INSERT INTO germplasm_attribute_value(id, germplasm_id, germplasm_attribute_definition_id, value, determined_date) VALUES ('45', '5', '5', 'Absent', '20170317');
INSERT INTO germplasm_attribute_value(id, germplasm_id, germplasm_attribute_definition_id, value, determined_date) VALUES ('46', '5', '6', '3', '20170317');
INSERT INTO germplasm_attribute_value(id, germplasm_id, germplasm_attribute_definition_id, value, determined_date) VALUES ('47', '5', '7', '4', '20170317');
INSERT INTO germplasm_attribute_value(id, germplasm_id, germplasm_attribute_definition_id, value, determined_date) VALUES ('48', '5', '8', '5', '20170317');
INSERT INTO germplasm_attribute_value(id, germplasm_id, germplasm_attribute_definition_id, value, determined_date) VALUES ('49', '5', '9', '6', '20170317');
INSERT INTO germplasm_attribute_value(id, germplasm_id, germplasm_attribute_definition_id, value, determined_date) VALUES ('50', '5', '10', '7', '20170317');
INSERT INTO germplasm_attribute_value(id, germplasm_id, germplasm_attribute_definition_id, value, determined_date) VALUES ('51', '6', '1', 'Heterozygous', '20170317');
INSERT INTO germplasm_attribute_value(id, germplasm_id, germplasm_attribute_definition_id, value, determined_date) VALUES ('52', '6', '2', 'Absent', '20170317');
INSERT INTO germplasm_attribute_value(id, germplasm_id, germplasm_attribute_definition_id, value, determined_date) VALUES ('53', '6', '3', '8', '20170317');
INSERT INTO germplasm_attribute_value(id, germplasm_id, germplasm_attribute_definition_id, value, determined_date) VALUES ('54', '6', '4', '7', '20170317');
INSERT INTO germplasm_attribute_value(id, germplasm_id, germplasm_attribute_definition_id, value, determined_date) VALUES ('55', '6', '5', 'Present', '20170317');
INSERT INTO germplasm_attribute_value(id, germplasm_id, germplasm_attribute_definition_id, value, determined_date) VALUES ('56', '6', '6', '7', '20170317');
INSERT INTO germplasm_attribute_value(id, germplasm_id, germplasm_attribute_definition_id, value, determined_date) VALUES ('57', '6', '7', '6', '20170317');
INSERT INTO germplasm_attribute_value(id, germplasm_id, germplasm_attribute_definition_id, value, determined_date) VALUES ('58', '6', '8', '5', '20170317');
INSERT INTO germplasm_attribute_value(id, germplasm_id, germplasm_attribute_definition_id, value, determined_date) VALUES ('59', '6', '9', '2', '20170317');
INSERT INTO germplasm_attribute_value(id, germplasm_id, germplasm_attribute_definition_id, value, determined_date) VALUES ('60', '6', '10', '3', '20170317');
INSERT INTO germplasm_attribute_value(id, germplasm_id, germplasm_attribute_definition_id, value, determined_date) VALUES ('61', '7', '1', 'Present', '20170317');
INSERT INTO germplasm_attribute_value(id, germplasm_id, germplasm_attribute_definition_id, value, determined_date) VALUES ('62', '7', '2', 'Heterozygous', '20170317');
INSERT INTO germplasm_attribute_value(id, germplasm_id, germplasm_attribute_definition_id, value, determined_date) VALUES ('63', '7', '3', '9', '20170317');
INSERT INTO germplasm_attribute_value(id, germplasm_id, germplasm_attribute_definition_id, value, determined_date) VALUES ('64', '7', '4', '8', '20170317');
INSERT INTO germplasm_attribute_value(id, germplasm_id, germplasm_attribute_definition_id, value, determined_date) VALUES ('65', '7', '5', 'Present', '20170317');
INSERT INTO germplasm_attribute_value(id, germplasm_id, germplasm_attribute_definition_id, value, determined_date) VALUES ('66', '7', '6', '3', '20170317');
INSERT INTO germplasm_attribute_value(id, germplasm_id, germplasm_attribute_definition_id, value, determined_date) VALUES ('67', '7', '7', '2', '20170317');
INSERT INTO germplasm_attribute_value(id, germplasm_id, germplasm_attribute_definition_id, value, determined_date) VALUES ('68', '7', '8', '6', '20170317');
INSERT INTO germplasm_attribute_value(id, germplasm_id, germplasm_attribute_definition_id, value, determined_date) VALUES ('69', '7', '9', '4', '20170317');
INSERT INTO germplasm_attribute_value(id, germplasm_id, germplasm_attribute_definition_id, value, determined_date) VALUES ('70', '7', '10', '9', '20170317');
INSERT INTO germplasm_attribute_value(id, germplasm_id, germplasm_attribute_definition_id, value, determined_date) VALUES ('71', '8', '1', 'Absent', '20170317');
INSERT INTO germplasm_attribute_value(id, germplasm_id, germplasm_attribute_definition_id, value, determined_date) VALUES ('72', '8', '2', 'Absent', '20170317');
INSERT INTO germplasm_attribute_value(id, germplasm_id, germplasm_attribute_definition_id, value, determined_date) VALUES ('73', '8', '3', '9', '20170317');
INSERT INTO germplasm_attribute_value(id, germplasm_id, germplasm_attribute_definition_id, value, determined_date) VALUES ('74', '8', '4', '1', '20170317');
INSERT INTO germplasm_attribute_value(id, germplasm_id, germplasm_attribute_definition_id, value, determined_date) VALUES ('75', '8', '5', 'Heterozygous', '20170317');
INSERT INTO germplasm_attribute_value(id, germplasm_id, germplasm_attribute_definition_id, value, determined_date) VALUES ('76', '8', '6', '7', '20170317');
INSERT INTO germplasm_attribute_value(id, germplasm_id, germplasm_attribute_definition_id, value, determined_date) VALUES ('77', '8', '7', '5', '20170317');
INSERT INTO germplasm_attribute_value(id, germplasm_id, germplasm_attribute_definition_id, value, determined_date) VALUES ('78', '8', '8', '9', '20170317');
INSERT INTO germplasm_attribute_value(id, germplasm_id, germplasm_attribute_definition_id, value, determined_date) VALUES ('79', '8', '9', '7', '20170317');
INSERT INTO germplasm_attribute_value(id, germplasm_id, germplasm_attribute_definition_id, value, determined_date) VALUES ('80', '8', '10', '3', '20170317');

INSERT INTO location (id, location_type, name, abbreviation, country_code, country_name, latitude, longitude, altitude, institute_name, institute_address) VALUES ('1', 'Storage location', 'Location 1', 'L1', 'PER', 'Peru', -11.1275, -75.356389, 828, 'Plant Science Institute', '71 Pilgrim Avenue Chevy Chase MD 20815');
INSERT INTO location (id, location_type, name, abbreviation, country_code, country_name, latitude, longitude, altitude, institute_name, institute_address) VALUES ('2', 'Breeding location', 'Location 2', 'L2', 'PER', 'Peru', -11.16116, -75.34171, 964, 'Plant Science Institute', '71 Pilgrim Avenue Chevy Chase MD 20815');
INSERT INTO location (id, location_type, name, abbreviation, country_code, country_name, latitude, longitude, altitude, institute_name, institute_address) VALUES ('3', 'Storage location', 'Location 3', 'L3', 'PER', 'Peru', -12.076289, -76.948417, 244, 'Plant Science Institute', '71 Pilgrim Avenue Chevy Chase MD 20815');
INSERT INTO location (id, location_type, name, abbreviation, country_code, country_name, latitude, longitude, altitude, institute_name, institute_address) VALUES ('4', 'Farmer field location', 'Location 4', 'L4', 'MOZ', 'Mozambique', -15.4669, 36.9777, 701, 'Plant Science Institute', '71 Pilgrim Avenue Chevy Chase MD 20815');
INSERT INTO location (id, location_type, name, abbreviation, country_code, country_name, latitude, longitude, altitude, institute_name, institute_address) VALUES ('5', 'Breeding location', 'Location 5', 'L5', 'MOZ', 'Mozambique', -26.0283, 32.39, 7, 'Plant Science Institute', '71 Pilgrim Avenue Chevy Chase MD 20815');
INSERT INTO location (id, location_type, name, abbreviation, country_code, country_name, latitude, longitude, altitude, institute_name, institute_address) VALUES ('6', 'Breeding location', 'Location 6', 'L6', 'PER', 'Peru', -10.96096, -75.22065, 717, 'Plant Science Institute', '71 Pilgrim Avenue Chevy Chase MD 20815');
INSERT INTO location (id, location_type, name, abbreviation, country_code, country_name, latitude, longitude, altitude, institute_name, institute_address) VALUES ('7', 'Breeding location', 'Location 7', 'L7', 'PER', 'Peru', -10.931809, -74.855467, 484, 'Plant Science Institute', '71 Pilgrim Avenue Chevy Chase MD 20815');
INSERT INTO location (id, location_type, name, abbreviation, country_code, country_name, latitude, longitude, altitude, institute_name, institute_address) VALUES ('8', 'Farmer field location', 'Location 8', 'L8', 'PER', 'Peru', -11.05304, -73.75254, 252, 'Plant Science Institute', '71 Pilgrim Avenue Chevy Chase MD 20815');
INSERT INTO location (id, location_type, name, abbreviation, country_code, country_name, latitude, longitude, altitude, institute_name, institute_address) VALUES ('9', 'Farmer field location', 'Location 9', 'L9', 'PER', 'Peru', -11.05304, -73.75254, 252, 'Plant Science Institute', '71 Pilgrim Avenue Chevy Chase MD 20815');
INSERT INTO location (id, location_type, name, abbreviation, country_code, country_name, latitude, longitude, altitude, institute_name, institute_address) VALUES ('10', 'Breeding location', 'Location 10', 'L10', 'PER', 'Peru', -11.25847, -73.82075, 276, 'Plant Science Institute', '71 Pilgrim Avenue Chevy Chase MD 20815');
INSERT INTO location (id, location_type, name, abbreviation, country_code, country_name, latitude, longitude, altitude, institute_name, institute_address) VALUES ('11', 'Breeding location', 'Location 11', 'L11', 'PER', 'Peru', -11.14639, -74.30748, 323, 'Plant Science Institute', '71 Pilgrim Avenue Chevy Chase MD 20815');
INSERT INTO location (id, location_type, name, abbreviation, country_code, country_name, latitude, longitude, altitude, institute_name, institute_address) VALUES ('12', 'Breeding location', 'Location 12', 'L12', 'PER', 'Peru', -11.30817, -74.69242, 758, 'Plant Science Institute', '71 Pilgrim Avenue Chevy Chase MD 20815');
INSERT INTO location (id, location_type, name, abbreviation, country_code, country_name, latitude, longitude, altitude, institute_name, institute_address) VALUES ('13', 'Farmer field location', 'Location 13', 'L13', 'GHA', 'Ghana', 6.71, -1.572, 288, 'Plant Science Institute', '71 Pilgrim Avenue Chevy Chase MD 20815');
INSERT INTO location (id, location_type, name, abbreviation, country_code, country_name, latitude, longitude, altitude, institute_name, institute_address) VALUES ('14', 'Farmer field location', 'Location 14', 'L14', 'GHA', 'Ghana', 5.123, -1.462, 26, 'Plant Science Institute', '71 Pilgrim Avenue Chevy Chase MD 20815');
INSERT INTO location (id, location_type, name, abbreviation, country_code, country_name, latitude, longitude, altitude, institute_name, institute_address) VALUES ('15', 'Farmer field location', 'Location 15', 'L15', 'GHA', 'Ghana', 10.87, -1.1466, 183, 'Plant Science Institute', '71 Pilgrim Avenue Chevy Chase MD 20815');
INSERT INTO location (id, location_type, name, abbreviation, country_code, country_name, latitude, longitude, altitude, institute_name, institute_address) VALUES ('16', 'Storage location', 'Location 16', 'L16', 'UGA', 'Uganda', 0.529144, 32.61246, 1173, 'Plant Science Institute', '71 Pilgrim Avenue Chevy Chase MD 20815');
INSERT INTO location (id, location_type, name, abbreviation, country_code, country_name, latitude, longitude, altitude, institute_name, institute_address) VALUES ('17', 'Storage location', 'Location 17', 'L17', 'UGA', 'Uganda', 1.528, 33.616, 1067, 'Plant Science Institute', '71 Pilgrim Avenue Chevy Chase MD 20815');

INSERT INTO location_additional_info (id, location_db_id, key, value) VALUES ('1', '6', 'altern', 'MARANK');
INSERT INTO location_additional_info (id, location_db_id, key, value) VALUES ('2', '7', 'altern', 'SHIRANI');
INSERT INTO location_additional_info (id, location_db_id, key, value) VALUES ('3', '8', 'altern', 'BETALT');
INSERT INTO location_additional_info (id, location_db_id, key, value) VALUES ('4', '9', 'altern', 'BETBAJ');
INSERT INTO location_additional_info (id, location_db_id, key, value) VALUES ('5', '10', 'altern', 'OVIRI');
INSERT INTO location_additional_info (id, location_db_id, key, value) VALUES ('6', '11', 'altern', 'PTOCOPA');
INSERT INTO location_additional_info (id, location_db_id, key, value) VALUES ('7', '12', 'altern', 'SNPEDRO');
INSERT INTO location_additional_info (id, location_db_id, key, value) VALUES ('8', '1', 'local', 'San Ramon');
INSERT INTO location_additional_info (id, location_db_id, key, value) VALUES ('9', '4', 'local', 'Gurue');
INSERT INTO location_additional_info (id, location_db_id, key, value) VALUES ('10', '5', 'local', 'Umbeluzi');
INSERT INTO location_additional_info (id, location_db_id, key, value) VALUES ('11', '6', 'local', 'San Miguel Centro Marankiari');
INSERT INTO location_additional_info (id, location_db_id, key, value) VALUES ('12', '7', 'local', 'Shirani');
INSERT INTO location_additional_info (id, location_db_id, key, value) VALUES ('13', '8', 'local', 'Betania');
INSERT INTO location_additional_info (id, location_db_id, key, value) VALUES ('14', '9', 'local', 'Betania');
INSERT INTO location_additional_info (id, location_db_id, key, value) VALUES ('15', '10', 'local', 'Nuevaluz Oviri');
INSERT INTO location_additional_info (id, location_db_id, key, value) VALUES ('16', '11', 'local', 'Puerto Ocopa');
INSERT INTO location_additional_info (id, location_db_id, key, value) VALUES ('17', '12', 'local', 'San Pedro');
INSERT INTO location_additional_info (id, location_db_id, key, value) VALUES ('18', '13', 'local', 'Fumesua');
INSERT INTO location_additional_info (id, location_db_id, key, value) VALUES ('19', '14', 'local', 'Komenda');
INSERT INTO location_additional_info (id, location_db_id, key, value) VALUES ('20', '15', 'local', 'Tono dam');
INSERT INTO location_additional_info (id, location_db_id, key, value) VALUES ('21', '16', 'local', 'NaCRRI');
INSERT INTO location_additional_info (id, location_db_id, key, value) VALUES ('22', '17', 'local', 'NaSARRI');
INSERT INTO location_additional_info (id, location_db_id, key, value) VALUES ('23', '1', 'cont', 'South America');
INSERT INTO location_additional_info (id, location_db_id, key, value) VALUES ('24', '4', 'cont', 'Africa');
INSERT INTO location_additional_info (id, location_db_id, key, value) VALUES ('25', '5', 'cont', 'Africa');
INSERT INTO location_additional_info (id, location_db_id, key, value) VALUES ('26', '6', 'cont', 'South America');
INSERT INTO location_additional_info (id, location_db_id, key, value) VALUES ('27', '7', 'cont', 'South America');
INSERT INTO location_additional_info (id, location_db_id, key, value) VALUES ('28', '8', 'cont', 'South America');
INSERT INTO location_additional_info (id, location_db_id, key, value) VALUES ('29', '9', 'cont', 'South America');
INSERT INTO location_additional_info (id, location_db_id, key, value) VALUES ('30', '10', 'cont', 'South America');
INSERT INTO location_additional_info (id, location_db_id, key, value) VALUES ('31', '11', 'cont', 'South America');
INSERT INTO location_additional_info (id, location_db_id, key, value) VALUES ('32', '12', 'cont', 'South America');
INSERT INTO location_additional_info (id, location_db_id, key, value) VALUES ('33', '13', 'cont', 'Africa');
INSERT INTO location_additional_info (id, location_db_id, key, value) VALUES ('34', '14', 'cont', 'Africa');
INSERT INTO location_additional_info (id, location_db_id, key, value) VALUES ('35', '15', 'cont', 'Africa');
INSERT INTO location_additional_info (id, location_db_id, key, value) VALUES ('36', '16', 'cont', 'Africa');
INSERT INTO location_additional_info (id, location_db_id, key, value) VALUES ('37', '17', 'cont', 'Africa');
INSERT INTO location_additional_info (id, location_db_id, key, value) VALUES ('38', '1', 'creg', 'LAC');
INSERT INTO location_additional_info (id, location_db_id, key, value) VALUES ('39', '3', 'creg', 'NA');
INSERT INTO location_additional_info (id, location_db_id, key, value) VALUES ('40', '4', 'creg', 'SSA');
INSERT INTO location_additional_info (id, location_db_id, key, value) VALUES ('41', '5', 'creg', 'SSA');
INSERT INTO location_additional_info (id, location_db_id, key, value) VALUES ('42', '6', 'creg', 'LAC');
INSERT INTO location_additional_info (id, location_db_id, key, value) VALUES ('43', '7', 'creg', 'LAC');
INSERT INTO location_additional_info (id, location_db_id, key, value) VALUES ('44', '8', 'creg', 'LAC');
INSERT INTO location_additional_info (id, location_db_id, key, value) VALUES ('45', '9', 'creg', 'LAC');
INSERT INTO location_additional_info (id, location_db_id, key, value) VALUES ('46', '10', 'creg', 'LAC');
INSERT INTO location_additional_info (id, location_db_id, key, value) VALUES ('47', '11', 'creg', 'LAC');
INSERT INTO location_additional_info (id, location_db_id, key, value) VALUES ('48', '12', 'creg', 'LAC');
INSERT INTO location_additional_info (id, location_db_id, key, value) VALUES ('49', '13', 'creg', 'SSA');
INSERT INTO location_additional_info (id, location_db_id, key, value) VALUES ('50', '14', 'creg', 'SSA');
INSERT INTO location_additional_info (id, location_db_id, key, value) VALUES ('51', '15', 'creg', 'SSA');
INSERT INTO location_additional_info (id, location_db_id, key, value) VALUES ('52', '16', 'creg', 'SSA');
INSERT INTO location_additional_info (id, location_db_id, key, value) VALUES ('53', '17', 'creg', 'SSA');
INSERT INTO location_additional_info (id, location_db_id, key, value) VALUES ('54', '1', 'adm3', 'San Ramon');
INSERT INTO location_additional_info (id, location_db_id, key, value) VALUES ('55', '4', 'adm3', 'Gurue');
INSERT INTO location_additional_info (id, location_db_id, key, value) VALUES ('56', '5', 'adm3', 'Umbeluzi');
INSERT INTO location_additional_info (id, location_db_id, key, value) VALUES ('57', '6', 'adm3', 'Perene');
INSERT INTO location_additional_info (id, location_db_id, key, value) VALUES ('58', '7', 'adm3', 'Pichanaki');
INSERT INTO location_additional_info (id, location_db_id, key, value) VALUES ('59', '8', 'adm3', 'Rio Tambo');
INSERT INTO location_additional_info (id, location_db_id, key, value) VALUES ('60', '9', 'adm3', 'Rio Tambo');
INSERT INTO location_additional_info (id, location_db_id, key, value) VALUES ('61', '10', 'adm3', 'Rio Tambo');
INSERT INTO location_additional_info (id, location_db_id, key, value) VALUES ('62', '11', 'adm3', 'Rio Tambo');
INSERT INTO location_additional_info (id, location_db_id, key, value) VALUES ('63', '12', 'adm3', 'Coviriali');
INSERT INTO location_additional_info (id, location_db_id, key, value) VALUES ('64', '1', 'adm2', 'Chanchamayo');
INSERT INTO location_additional_info (id, location_db_id, key, value) VALUES ('65', '4', 'adm2', 'Gurue');
INSERT INTO location_additional_info (id, location_db_id, key, value) VALUES ('66', '5', 'adm2', 'Boane');
INSERT INTO location_additional_info (id, location_db_id, key, value) VALUES ('67', '6', 'adm2', 'Chanchamayo');
INSERT INTO location_additional_info (id, location_db_id, key, value) VALUES ('68', '7', 'adm2', 'Chanchamayo');
INSERT INTO location_additional_info (id, location_db_id, key, value) VALUES ('69', '8', 'adm2', 'Satipo');
INSERT INTO location_additional_info (id, location_db_id, key, value) VALUES ('70', '9', 'adm2', 'Satipo');
INSERT INTO location_additional_info (id, location_db_id, key, value) VALUES ('71', '10', 'adm2', 'Satipo');
INSERT INTO location_additional_info (id, location_db_id, key, value) VALUES ('72', '11', 'adm2', 'Satipo');
INSERT INTO location_additional_info (id, location_db_id, key, value) VALUES ('73', '12', 'adm2', 'Satipo');
INSERT INTO location_additional_info (id, location_db_id, key, value) VALUES ('74', '13', 'adm2', 'Ejisu-Juaben');
INSERT INTO location_additional_info (id, location_db_id, key, value) VALUES ('75', '15', 'adm2', 'Kassena-Nankana');
INSERT INTO location_additional_info (id, location_db_id, key, value) VALUES ('76', '1', 'adm1', 'Junin');
INSERT INTO location_additional_info (id, location_db_id, key, value) VALUES ('77', '4', 'adm1', 'Zambezia');
INSERT INTO location_additional_info (id, location_db_id, key, value) VALUES ('78', '5', 'adm1', 'Maputo');
INSERT INTO location_additional_info (id, location_db_id, key, value) VALUES ('79', '6', 'adm1', 'Junin');
INSERT INTO location_additional_info (id, location_db_id, key, value) VALUES ('80', '7', 'adm1', 'Junin');
INSERT INTO location_additional_info (id, location_db_id, key, value) VALUES ('81', '8', 'adm1', 'Junin');
INSERT INTO location_additional_info (id, location_db_id, key, value) VALUES ('82', '9', 'adm1', 'Junin');
INSERT INTO location_additional_info (id, location_db_id, key, value) VALUES ('83', '10', 'adm1', 'Junin');
INSERT INTO location_additional_info (id, location_db_id, key, value) VALUES ('84', '11', 'adm1', 'Junin');
INSERT INTO location_additional_info (id, location_db_id, key, value) VALUES ('85', '12', 'adm1', 'Junin');
INSERT INTO location_additional_info (id, location_db_id, key, value) VALUES ('86', '13', 'adm1', 'Ashanti');
INSERT INTO location_additional_info (id, location_db_id, key, value) VALUES ('87', '14', 'adm1', 'Central');
INSERT INTO location_additional_info (id, location_db_id, key, value) VALUES ('88', '15', 'adm1', 'Upper East');
INSERT INTO location_additional_info (id, location_db_id, key, value) VALUES ('89', '17', 'adm1', 'Serere');
INSERT INTO location_additional_info (id, location_db_id, key, value) VALUES ('90', '1', 'annualTotalPrecipitation', '360');
INSERT INTO location_additional_info (id, location_db_id, key, value) VALUES ('91', '3', 'annualTotalPrecipitation', '6.4');
INSERT INTO location_additional_info (id, location_db_id, key, value) VALUES ('92', '1', 'annualMeanTemperature', '23');
INSERT INTO location_additional_info (id, location_db_id, key, value) VALUES ('93', '3', 'annualMeanTemperature', '19.2');

INSERT INTO contact (id, name, email, type, orcid, institute_name) VALUES ('1', 'A. Breeder', 'a.breeder@brapi.org', 'Breeder', '0000-0002-0607-8728', 'Plant Science Institute');
INSERT INTO contact (id, name, email, type, orcid, institute_name) VALUES ('2', 'B. Breeder', 'b.breeder@brapi.org', 'Breeder', '0000-0002-0607-8729', 'Plant Science Institute');
INSERT INTO contact (id, name, email, type, orcid, institute_name) VALUES ('3', 'A. Technician', 'a.technician@brapi.org', 'Technician', '0000-0002-0607-8731', 'Plant Science Institute');
INSERT INTO contact (id, name, email, type, orcid, institute_name) VALUES ('4', 'B. Technician', 'b.technician@brapi.org', 'Technician', '0000-0002-0607-8732', 'Plant Science Institute');

INSERT INTO scale_valid_value(id, max, min)	VALUES ('1', '0', '99999');
insert into scale_valid_value_category(id, scale_valid_value_db_id, category) values ('1', '1', '1');
INSERT INTO scale (id, data_type, decimal_places, name, xref, valid_value_id)	VALUES ('1', 'integer', 0, 'Centimeter', 'xref', '1');
INSERT INTO method(id, description, formula, method_class, name, reference)	VALUES ('1', 'Used for finding the lengths of the sides of a right triangle', 'a^2 + b^2 = c^2', 'classy', 'pythagorean theorem', 'google.com');
INSERT INTO trait (id, attribute, default_value, description, entity, main_abbreviation, name, status, trait_class, xref) VALUES ('1', 'height', '0', 'height', 'entity', 'H', 'Height', 'active', 'Int', 'xref');
INSERT INTO trait (id, attribute, default_value, description, entity, main_abbreviation, name, status, trait_class, xref) VALUES ('2', 'weight', '0', 'weight', 'entity', 'H', 'Weight', 'active', 'Int', 'xref');

INSERT INTO program (crop_id, id, abbreviation, lead_person, objective, name) VALUES ('1', '1', 'P1', 'G. Leader', 'Global Population Improvement', 'Program 1');
INSERT INTO program (crop_id, id, abbreviation, lead_person, objective, name) VALUES ('1', '2', 'P2', 'M. Breeder', 'XYZ', 'Program 2');
INSERT INTO program (crop_id, id, abbreviation, lead_person, objective, name) VALUES ('1', '3', 'P3', 'W. Select', 'XYZ', 'Program 3');
INSERT INTO program (crop_id, id, abbreviation, lead_person, objective, name) VALUES ('1', '4', 'P4', 'G. Gain', 'ABC', 'Program 4');
INSERT INTO program (crop_id, id, abbreviation, lead_person, objective, name) VALUES ('1', '5', 'P5', 'C. Improvement', 'Processing', 'Program 5');
INSERT INTO program (crop_id, id, abbreviation, lead_person, objective, name) VALUES ('1', '6', 'P6', 'A. Test', 'Demo', 'Program 6');
	
INSERT INTO trial (program_id, id, trial_name, start_date, end_date, active, dataset_licence, datasetpui) VALUES ('1', '101', 'Peru Yield Trial 1', '1/1/2013', '7/5/2013', false, 'https://creativecommons.org/licenses/by/4.0', 'doi:10.15454/312953986E3');
INSERT INTO trial (program_id, id, trial_name, start_date, end_date, active, dataset_licence, datasetpui) VALUES ('1', '102', 'Peru Yield Trial 2', '6/1/2014', '1/15/2015', false, 'https://creativecommons.org/licenses/by/4.0', 'doi:10.15454/1234992349');
INSERT INTO trial (program_id, id, trial_name, start_date, end_date, active, dataset_licence, datasetpui) VALUES ('2', '103', 'Ghana Genotype Trial 1', '5/1/2011', '12/15/2011', false, 'https://creativecommons.org/licenses/by/4.0', 'doi:10.15454/134591245');
INSERT INTO trial (program_id, id, trial_name, start_date, end_date, active, dataset_licence, datasetpui) VALUES ('3', '104', 'Ghana Yield Trial 1', '7/1/2012', '2/1/2013', false, 'https://creativecommons.org/licenses/by/4.0', 'doi:10.15454/1235919');
INSERT INTO trial (program_id, id, trial_name, start_date, end_date, active, dataset_licence, datasetpui) VALUES ('3', '105', 'Ghana Yield Trial 2', '8/15/2013', '2/28/2014', false, 'https://creativecommons.org/licenses/by/4.0', 'doi:10.15454/13425915');
INSERT INTO trial (program_id, id, trial_name, start_date, end_date, active, dataset_licence, datasetpui) VALUES ('3', '106', 'Ghana Yield Trial 3', '9/22/2014', '3/21/2015', true, 'https://creativecommons.org/licenses/by/4.0', 'doi:10.15454/125512251');
INSERT INTO trial (program_id, id, trial_name, start_date, end_date, active, dataset_licence, datasetpui) VALUES ('4', '107', 'Mozambique Yield Trial', '5/12/2011', '11/30/2011', false, 'https://creativecommons.org/licenses/by/4.0', 'doi:10.15454/34576437');
INSERT INTO trial (program_id, id, trial_name, start_date, end_date, active, dataset_licence, datasetpui) VALUES ('4', '108', 'Mozambique Genotype Trial', '2/17/2012', '8/21/2012', false, 'https://creativecommons.org/licenses/by/4.0', 'doi:10.15454/34734756');
INSERT INTO trial (program_id, id, trial_name, start_date, end_date, active, dataset_licence, datasetpui) VALUES ('6', '109', 'Demo Yield Trial', '3/24/2016', '10/21/2016', true, 'https://creativecommons.org/licenses/by/4.0', 'doi:10.15454/35673236');

INSERT INTO trial_contact (trial_db_id, contact_db_id) VALUES ('101', '4');
INSERT INTO trial_contact (trial_db_id, contact_db_id) VALUES ('101', '3');
INSERT INTO trial_contact (trial_db_id, contact_db_id) VALUES ('102', '3');
INSERT INTO trial_contact (trial_db_id, contact_db_id) VALUES ('103', '1');
INSERT INTO trial_contact (trial_db_id, contact_db_id) VALUES ('103', '2');

INSERT INTO trial_additional_info (id, trial_db_id, key, value) VALUES ('1', '101', 'publications', 'pmid:239823988');
INSERT INTO trial_additional_info (id, trial_db_id, key, value) VALUES ('2', '101', 'publications', 'pmid:210494013');
INSERT INTO trial_additional_info (id, trial_db_id, key, value) VALUES ('3', '101', 'publications', 'doi:10.2345/GEZG3T23535');
INSERT INTO trial_additional_info (id, trial_db_id, key, value) VALUES ('4', '102', 'publications', 'pmid:245684568');
INSERT INTO trial_additional_info (id, trial_db_id, key, value) VALUES ('5', '102', 'publications', 'pmid:345966399');
INSERT INTO trial_additional_info (id, trial_db_id, key, value) VALUES ('6', '101', 'donorName', 'Donor1');
INSERT INTO trial_additional_info (id, trial_db_id, key, value) VALUES ('7', '101', 'specialProject', 'Project1');
INSERT INTO trial_additional_info (id, trial_db_id, key, value) VALUES ('8', '103', 'donorName', 'Donor2');
INSERT INTO trial_additional_info (id, trial_db_id, key, value) VALUES ('9', '103', 'collaborator', 'NationalPartner1');
INSERT INTO trial_additional_info (id, trial_db_id, key, value) VALUES ('10', '103', 'fundingUSD', '300000');
INSERT INTO trial_additional_info (id, trial_db_id, key, value) VALUES ('11', '104', 'donorName', 'Donor1');
INSERT INTO trial_additional_info (id, trial_db_id, key, value) VALUES ('12', '104', 'specialProject', 'Project2');
INSERT INTO trial_additional_info (id, trial_db_id, key, value) VALUES ('13', '107', 'specialProject', 'Project2');
INSERT INTO trial_additional_info (id, trial_db_id, key, value) VALUES ('14', '107', 'fundingUSD', '1000000');
INSERT INTO trial_additional_info (id, trial_db_id, key, value) VALUES ('15', '108', 'donorName', 'Donor1');
INSERT INTO trial_additional_info (id, trial_db_id, key, value) VALUES ('16', '108', 'collaborator', 'NationalPartner1');
INSERT INTO trial_additional_info (id, trial_db_id, key, value) VALUES ('17', '109', 'fundingUSD', '500000');
INSERT INTO trial_additional_info (id, trial_db_id, key, value) VALUES ('18', '109', 'specialProject', 'Project1');

INSERT INTO study_type (id, name, description) VALUES ('1', 'Crossing Nursery', 'Description for Nursery study type');
INSERT INTO study_type (id, name, description) VALUES ('2', 'Yield study', 'Description for yield study type');
INSERT INTO study_type (id, name, description) VALUES ('3', 'Genotype', 'Description for Genotyping study type');

INSERT INTO study (trial_id, location_id, study_type_id, id, study_name, study_description, start_date, end_date, active, licence, version, "timestamp") VALUES ('101', '1', '2', '1001', 'Study 1', 'Field yield phenotyping study', '1/1/2013', '1/1/2014', true, 'https://creativecommons.org/licenses/by/4.0', '1.1', '01/01/15');
INSERT INTO study (trial_id, location_id, study_type_id, id, study_name, study_description, start_date, end_date, active, licence, version, "timestamp") VALUES ('101', '1', '2', '1002', 'Study 2', 'Field yield phenotyping study', '1/1/2014', '1/1/2015', true, 'https://creativecommons.org/licenses/by/4.0', '2.3', '01/01/16');
INSERT INTO study (trial_id, location_id, study_type_id, id, study_name, study_description, start_date, end_date, active, licence, version, "timestamp") VALUES ('102', '2', '1', '1003', 'Study 3', 'Nursery study description', '1/1/2011', '1/1/2012', false, 'https://creativecommons.org/licenses/by/4.0', '0.1', '01/01/14');
INSERT INTO study (trial_id, location_id, study_type_id, id, study_name, study_description, start_date, end_date, active, licence, version, "timestamp") VALUES ('103', '2', '1', '1004', 'Study 4', 'Nursery study description', '1/1/2011', '1/1/2012', true, 'https://creativecommons.org/licenses/by/4.0', '0.1', '01/01/14');
INSERT INTO study (trial_id, location_id, study_type_id, id, study_name, study_description, start_date, end_date, active, licence, version, "timestamp") VALUES ('104', '2', '1', '1005', 'Study 5', 'Bobs study description', '1/1/2011', '1/1/2012', false, 'https://creativecommons.org/licenses/by/4.0', '0.1', '01/01/14');
INSERT INTO study (trial_id, location_id, study_type_id, id, study_name, study_description, start_date, end_date, active, licence, version, "timestamp") VALUES ('105', '2', '1', '1006', 'Study 6', 'Daves study description', '1/1/2011', '1/1/2012', true, 'https://creativecommons.org/licenses/by/4.0', '0.1', '01/01/14');
INSERT INTO study (trial_id, location_id, study_type_id, id, study_name, study_description, start_date, end_date, active, licence, version, "timestamp") VALUES ('106', '2', '1', '1007', 'Study 7', 'Example study description', '1/1/2011', '1/1/2012', false, 'https://creativecommons.org/licenses/by/4.0', '0.1', '01/01/14');
INSERT INTO study (trial_id, location_id, study_type_id, id, study_name, study_description, start_date, end_date, active, licence, version, "timestamp") VALUES ('107', '2', '1', '1008', 'Study 8', 'Nursery study description', '1/1/2011', '1/1/2012', true, 'https://creativecommons.org/licenses/by/4.0', '0.1', '01/01/14');
INSERT INTO study (trial_id, location_id, study_type_id, id, study_name, study_description, start_date, end_date, active, licence, version, "timestamp") VALUES ('108', '2', '1', '1009', 'Study 9', 'Nursery study description', '1/1/2011', '1/1/2012', false, 'https://creativecommons.org/licenses/by/4.0', '0.1', '01/01/14');
INSERT INTO study (trial_id, location_id, study_type_id, id, study_name, study_description, start_date, end_date, active, licence, version, "timestamp") VALUES ('109', '2', '1', '1010', 'Study 10', 'Nursery study description', '1/1/2011', '1/1/2012', true, 'https://creativecommons.org/licenses/by/4.0', '0.1', '01/01/14');

INSERT INTO study_contact (study_db_id, contact_db_id) VALUES ('1001', '1');
INSERT INTO study_contact (study_db_id, contact_db_id) VALUES ('1001', '2');
INSERT INTO study_contact (study_db_id, contact_db_id) VALUES ('1002', '2');
INSERT INTO study_contact (study_db_id, contact_db_id) VALUES ('1003', '3');
INSERT INTO study_contact (study_db_id, contact_db_id) VALUES ('1003', '4');

INSERT INTO study_additional_info (id, study_db_id, key, value) VALUES ('1', '1001', 'studyObjective', 'Increase yield');
INSERT INTO study_additional_info (id, study_db_id, key, value) VALUES ('2', '1002', 'publications', 'pmid:24039865287545');
INSERT INTO study_additional_info (id, study_db_id, key, value) VALUES ('3', '1002', 'publications', 'pmid:23643517318968');

INSERT INTO data_link (id, study_db_id, name, type, url) VALUES ('1', '1001', 'image-archive12.zip', 'Image archive', 'http://data.inra.fr/archive/multi-spect-flowering.zip');
INSERT INTO data_link (id, study_db_id, name, type, url) VALUES ('2', '1001', 'image-archive13.zip', 'Image archive', 'http://data.inra.fr/archive/biomass-img.zip');
INSERT INTO data_link (id, study_db_id, name, type, url) VALUES ('3', '1002', 'trial-layout.pdf', 'Trial layout documentation', 'http://data.inra.fr/archive/trial-layout.pdf');

INSERT INTO season (id, year, season) VALUES ('1', '2011', 'fall');
INSERT INTO season (id, year, season) VALUES ('2', '2012', 'winter');
INSERT INTO season (id, year, season) VALUES ('3', '2012', 'spring');
INSERT INTO season (id, year, season) VALUES ('4', '2012', 'summer');
INSERT INTO season (id, year, season) VALUES ('5', '2012', 'fall');
INSERT INTO season (id, year, season) VALUES ('6', '2013', 'winter');
INSERT INTO season (id, year, season) VALUES ('7', '2013', 'spring');
INSERT INTO season (id, year, season) VALUES ('8', '2013', 'summer');
INSERT INTO season (id, year, season) VALUES ('9', '2013', 'fall');
INSERT INTO season (id, year, season) VALUES ('10', '2014', 'winter');

INSERT INTO study_season (study_db_id, season_db_id) VALUES ('1001', '1');
INSERT INTO study_season (study_db_id, season_db_id) VALUES ('1001', '2');
INSERT INTO study_season (study_db_id, season_db_id) VALUES ('1002', '2');
INSERT INTO study_season (study_db_id, season_db_id) VALUES ('1003', '3');
INSERT INTO study_season (study_db_id, season_db_id) VALUES ('1004', '4');
INSERT INTO study_season (study_db_id, season_db_id) VALUES ('1005', '5');
INSERT INTO study_season (study_db_id, season_db_id) VALUES ('1006', '6');
INSERT INTO study_season (study_db_id, season_db_id) VALUES ('1007', '7');
INSERT INTO study_season (study_db_id, season_db_id) VALUES ('1008', '8');
INSERT INTO study_season (study_db_id, season_db_id) VALUES ('1009', '9');
INSERT INTO study_season (study_db_id, season_db_id) VALUES ('1010', '10');

INSERT INTO observation_unit (study_id, germplasm_id, id, observation_unit_name, observation_level, observation_levels, entry_number, entry_type, plot_number, block_number, plant_number, x, y, replicate, pedigree_id, uploaded_by, operator) VALUES ('1001', '1', '1', 'Plot 1', 'plot', 'block:1;plot:1', '1', 'TEST', '1', '1', NULL, '1', '1', '0', '3', 'Bob', 'Bob');
INSERT INTO observation_unit (study_id, germplasm_id, id, observation_unit_name, observation_level, observation_levels, entry_number, entry_type, plot_number, block_number, plant_number, x, y, replicate, pedigree_id, uploaded_by, operator) VALUES ('1001', '1', '2', 'Plant 1', 'plant', 'block:1;plot:1;plant:1', '2', 'TEST', '1', '1', '1', '1', '1', '0', '3', 'Bob', 'Bob');
INSERT INTO observation_unit (study_id, germplasm_id, id, observation_unit_name, observation_level, observation_levels, entry_number, entry_type, plot_number, block_number, plant_number, x, y, replicate, pedigree_id, uploaded_by, operator) VALUES ('1001', '2', '3', 'Plot 2', 'plot', 'block:1;plot:2', '3', 'TEST', '2', '1', NULL, '1', '2', '0', '3', 'Bob', 'Bob');
INSERT INTO observation_unit (study_id, germplasm_id, id, observation_unit_name, observation_level, observation_levels, entry_number, entry_type, plot_number, block_number, plant_number, x, y, replicate, pedigree_id, uploaded_by, operator) VALUES ('1001', '2', '4', 'Plant 2', 'plant', 'block:1;plot:2;plant:2', '4', 'TEST', '2', '1', '2', '1', '2', '0', '3', 'Bob', 'Bob');
INSERT INTO observation_unit (study_id, germplasm_id, id, observation_unit_name, observation_level, observation_levels, entry_number, entry_type, plot_number, block_number, plant_number, x, y, replicate, pedigree_id, uploaded_by, operator) VALUES ('1002', '1', '5', 'Plot 3', 'plot', 'block:1;plot:3', '5', 'TEST', '3', '1', NULL, '1', '1', '0', '3', 'Bob', 'Bob');
INSERT INTO observation_unit (study_id, germplasm_id, id, observation_unit_name, observation_level, observation_levels, entry_number, entry_type, plot_number, block_number, plant_number, x, y, replicate, pedigree_id, uploaded_by, operator) VALUES ('1002', '1', '6', 'Plant 3', 'plant', 'block:1;plot:3;plant:3', '6', 'TEST', '3', '1', '3', '1', '1', '0', '3', 'Bob', 'Bob');
INSERT INTO observation_unit (study_id, germplasm_id, id, observation_unit_name, observation_level, observation_levels, entry_number, entry_type, plot_number, block_number, plant_number, x, y, replicate, pedigree_id, uploaded_by, operator) VALUES ('1002', '3', '7', 'Plot 4', 'plot', 'block:1;plot:4', '7', 'TEST', '4', '1', NULL, '1', '2', '0', '3', 'Bob', 'Bob');
INSERT INTO observation_unit (study_id, germplasm_id, id, observation_unit_name, observation_level, observation_levels, entry_number, entry_type, plot_number, block_number, plant_number, x, y, replicate, pedigree_id, uploaded_by, operator) VALUES ('1002', '3', '8', 'Plant 4', 'plant', 'block:1;plot:4;plant:4', '8', 'CHECK', '4', '1', '4', '1', '2', '0', '3', 'Bob', 'Bob');
INSERT INTO observation_unit (study_id, germplasm_id, id, observation_unit_name, observation_level, observation_levels, entry_number, entry_type, plot_number, block_number, plant_number, x, y, replicate, pedigree_id, uploaded_by, operator) VALUES ('1003', '4', '9', 'Plot 5', 'plot', 'block:101;plot:5', '1', 'CHECK', '5', '101', NULL, '1', '1', '1', '3', 'Bob', 'Bob');
INSERT INTO observation_unit (study_id, germplasm_id, id, observation_unit_name, observation_level, observation_levels, entry_number, entry_type, plot_number, block_number, plant_number, x, y, replicate, pedigree_id, uploaded_by, operator) VALUES ('1003', '4', '10', 'Plant 5', 'plant', 'block:101;plot:5;plant:5', '1', 'FILLER', '5', '101', '5', '1', '1', '1', '3', 'Bob', 'Bob');
INSERT INTO observation_unit (study_id, germplasm_id, id, observation_unit_name, observation_level, observation_levels, entry_number, entry_type, plot_number, block_number, plant_number, x, y, replicate, pedigree_id, uploaded_by, operator) VALUES ('1003', '2', '11', 'Plot 6', 'plot', 'block:101;plot:6', '1', 'FILLER', '6', '101', NULL, '1', '1', '1', '3', 'Bob', 'Bob');

INSERT INTO observation_unit_xref (id, observation_unit_db_id, source, xref) VALUES ('1', '1', 'ebi.biosample', 'SAMEA179865230');
INSERT INTO observation_unit_xref (id, observation_unit_db_id, source, xref) VALUES ('2', '1', 'gnpis.lot', 'INRA:CoeSt6 _SMH03');
INSERT INTO observation_unit_xref (id, observation_unit_db_id, source, xref) VALUES ('3', '1', 'kernelDB', '239865');
INSERT INTO observation_unit_xref (id, observation_unit_db_id, source, xref) VALUES ('4', '2', 'ebi.biosample', 'SAMEA179865815');
INSERT INTO observation_unit_xref (id, observation_unit_db_id, source, xref) VALUES ('5', '2', 'gnpis.lot', 'INRA:CoeSt6 _SMH13');
INSERT INTO observation_unit_xref (id, observation_unit_db_id, source, xref) VALUES ('6', '2', 'kernelDB', '239167');
INSERT INTO observation_unit_xref (id, observation_unit_db_id, source, xref) VALUES ('7', '3', 'ebi.biosample', 'SAMEA179865682');
INSERT INTO observation_unit_xref (id, observation_unit_db_id, source, xref) VALUES ('8', '3', 'gnpis.lot', 'INRA:CoeSt6 _SMH51');
INSERT INTO observation_unit_xref (id, observation_unit_db_id, source, xref) VALUES ('9', '3', 'kernelDB', '239146');
INSERT INTO observation_unit_xref (id, observation_unit_db_id, source, xref) VALUES ('10', '4', 'ebi.biosample', 'SAMEA179865891');
INSERT INTO observation_unit_xref (id, observation_unit_db_id, source, xref) VALUES ('11', '4', 'gnpis.lot', 'INRA:CoeSt6 _SMH89');
INSERT INTO observation_unit_xref (id, observation_unit_db_id, source, xref) VALUES ('12', '4', 'kernelDB', '239612');

INSERT INTO treatment (id, observation_unit_db_id, factor, modality) VALUES ('1', '1', 'water regimen', 'deficit');
INSERT INTO treatment (id, observation_unit_db_id, factor, modality) VALUES ('2', '2', 'water regimen', 'deficit');
INSERT INTO treatment (id, observation_unit_db_id, factor, modality) VALUES ('3', '5', 'water regimen', 'deficit');
INSERT INTO treatment (id, observation_unit_db_id, factor, modality) VALUES ('4', '6', 'water regimen', 'deficit');
INSERT INTO treatment (id, observation_unit_db_id, factor, modality) VALUES ('5', '3', 'water regimen', 'normal');
INSERT INTO treatment (id, observation_unit_db_id, factor, modality) VALUES ('6', '4', 'water regimen', 'normal');
INSERT INTO treatment (id, observation_unit_db_id, factor, modality) VALUES ('7', '7', 'water regimen', 'normal');
INSERT INTO treatment (id, observation_unit_db_id, factor, modality) VALUES ('8', '8', 'water regimen', 'normal');

INSERT INTO ontology(id, authors, copyright, description, licence, ontology_name, version, xref)	VALUES ('MO_123', 'Bob', '2017 Ontology.org', 'Ontology.org', 'Apache', 'Ontology.org', '17', 'https://ontology.org');

INSERT INTO observation_variable (id, crop, default_value, growth_stage, institution, language, scientist, status, submission_timestamp, ontology_id, xref, name, trait_id, method_id, scale_id) VALUES ('MO_123:100002', 'maize', '10', '1', 'Cornell', 'English', 'Bob', 'active', '2011-06-14T22:12:51Z', 'MO_123', 'MO_123:100002', 'Plant height', '1', '1', '1');
INSERT INTO observation_variable (id, crop, default_value, growth_stage, institution, language, scientist, status, submission_timestamp, ontology_id, xref, name, trait_id, method_id, scale_id) VALUES ('MO_123:100003', 'maize', '10', '1', 'Cornell', 'English', 'Bob', 'active', '2011-06-14T22:12:51Z', 'MO_123', 'MO_123:100006', 'Carotenoid', '1', '1', '1');
INSERT INTO observation_variable (id, crop, default_value, growth_stage, institution, language, scientist, status, submission_timestamp, ontology_id, xref, name, trait_id, method_id, scale_id) VALUES ('MO_123:100004', 'maize', '10', '1', 'Cornell', 'English', 'Bob', 'active', '2011-06-14T22:12:51Z', 'MO_123', 'MO_123:100003', 'Root weight', '1', '1', '1');
INSERT INTO observation_variable (id, crop, default_value, growth_stage, institution, language, scientist, status, submission_timestamp, ontology_id, xref, name, trait_id, method_id, scale_id) VALUES ('MO_123:100005', 'maize', '10', '1', 'Cornell', 'English', 'Bob', 'active', '2011-06-14T22:12:51Z', 'MO_123', 'MO_123:100004', 'Root color', '2', '1', '1');
INSERT INTO observation_variable (id, crop, default_value, growth_stage, institution, language, scientist, status, submission_timestamp, ontology_id, xref, name, trait_id, method_id, scale_id) VALUES ('MO_123:100006', 'maize', '10', '1', 'Cornell', 'English', 'Bob', 'active', '2011-06-14T22:12:51Z', 'MO_123', 'MO_123:100005', 'Virus susceptibility', '2', '1', '1');

INSERT INTO observation (observation_unit_id, observation_variable_id, id, observation_time_stamp, season_id, collector, value) VALUES ('1', 'MO_123:100002', '1', '2013-06-14T22:03:51Z', '1', 'A. Technician', '1.2');
INSERT INTO observation (observation_unit_id, observation_variable_id, id, observation_time_stamp, season_id, collector, value) VALUES ('1', 'MO_123:100006', '2', '2013-06-14T22:04:51Z', '1', 'A. Technician', '4.5');
INSERT INTO observation (observation_unit_id, observation_variable_id, id, observation_time_stamp, season_id, collector, value) VALUES ('2', 'MO_123:100002', '3', '2013-06-14T22:05:51Z', '1', 'A. Technician', '1.1');
INSERT INTO observation (observation_unit_id, observation_variable_id, id, observation_time_stamp, season_id, collector, value) VALUES ('2', 'MO_123:100006', '4', '2013-06-14T22:06:51Z', '1', 'A. Technician', '5.1');
INSERT INTO observation (observation_unit_id, observation_variable_id, id, observation_time_stamp, season_id, collector, value) VALUES ('3', 'MO_123:100003', '5', '2013-06-14T22:07:51Z', '4', 'A. Technician', '2.1');
INSERT INTO observation (observation_unit_id, observation_variable_id, id, observation_time_stamp, season_id, collector, value) VALUES ('3', 'MO_123:100004', '6', '2013-06-14T22:08:51Z', '4', 'A. Technician', 'dark blue');
INSERT INTO observation (observation_unit_id, observation_variable_id, id, observation_time_stamp, season_id, collector, value) VALUES ('4', 'MO_123:100003', '7', '2013-06-14T22:09:51Z', '5', 'A. Technician', '1.8');
INSERT INTO observation (observation_unit_id, observation_variable_id, id, observation_time_stamp, season_id, collector, value) VALUES ('4', 'MO_123:100004', '8', '2013-06-14T22:10:51Z', '5', 'A. Technician', 'blue');
INSERT INTO observation (observation_unit_id, observation_variable_id, id, observation_time_stamp, season_id, collector, value) VALUES ('5', 'MO_123:100002', '9', '2013-06-14T22:11:51Z', '3', 'A. Technician', '2.1');
INSERT INTO observation (observation_unit_id, observation_variable_id, id, observation_time_stamp, season_id, collector, value) VALUES ('6', 'MO_123:100006', '10', '2013-06-14T22:12:51Z', '3', 'A. Technician', '4.5');
INSERT INTO observation (observation_unit_id, observation_variable_id, id, observation_time_stamp, season_id, collector, value) VALUES ('7', 'MO_123:100003', '11', '2013-06-14T22:13:51Z', '3', 'A. Technician', '1.4');
INSERT INTO observation (observation_unit_id, observation_variable_id, id, observation_time_stamp, season_id, collector, value) VALUES ('8', 'MO_123:100004', '12', '2013-06-14T22:14:51Z', '3', 'A. Technician', 'red');
INSERT INTO observation (observation_unit_id, observation_variable_id, id, observation_time_stamp, season_id, collector, value) VALUES ('9', 'MO_123:100002', '13', '2011-06-14T22:03:51Z', '2', 'B. Tech', '10');
INSERT INTO observation (observation_unit_id, observation_variable_id, id, observation_time_stamp, season_id, collector, value) VALUES ('9', 'MO_123:100003', '14', '2011-06-14T22:04:51Z', '2', 'B. Tech', '20');
INSERT INTO observation (observation_unit_id, observation_variable_id, id, observation_time_stamp, season_id, collector, value) VALUES ('9', 'MO_123:100004', '15', '2011-06-14T22:05:51Z', '2', 'B. Tech', 'red');
INSERT INTO observation (observation_unit_id, observation_variable_id, id, observation_time_stamp, season_id, collector, value) VALUES ('10', 'MO_123:100002', '16', '2011-06-14T22:06:51Z', '2', 'B. Tech', '100');
INSERT INTO observation (observation_unit_id, observation_variable_id, id, observation_time_stamp, season_id, collector, value) VALUES ('10', 'MO_123:100003', '17', '2011-06-14T22:07:51Z', '2', 'B. Tech', '9');
INSERT INTO observation (observation_unit_id, observation_variable_id, id, observation_time_stamp, season_id, collector, value) VALUES ('10', 'MO_123:100005', '18', '2011-06-14T22:08:51Z', '2', 'B. Tech', '2');
INSERT INTO observation (observation_unit_id, observation_variable_id, id, observation_time_stamp, season_id, collector, value) VALUES ('11', 'MO_123:100002', '19', '2011-06-14T22:09:51Z', '2', 'B. Tech', '11');
INSERT INTO observation (observation_unit_id, observation_variable_id, id, observation_time_stamp, season_id, collector, value) VALUES ('11', 'MO_123:100003', '20', '2011-06-14T22:10:51Z', '2', 'B. Tech', '12');
INSERT INTO observation (observation_unit_id, observation_variable_id, id, observation_time_stamp, season_id, collector, value) VALUES ('11', 'MO_123:100004', '21', '2011-06-14T22:11:51Z', '2', 'B. Tech', 'black');
INSERT INTO observation (observation_unit_id, observation_variable_id, id, observation_time_stamp, season_id, collector, value) VALUES ('11', 'MO_123:100005', '22', '2011-06-14T22:12:51Z', '2', 'B. Tech', '5');

INSERT INTO taxon (id, taxon_id, source_name) VALUES ('0', '2340', 'ncbiTaxon');
INSERT INTO taxon (id, taxon_id, source_name) VALUES ('2', 'E312', 'ciradTaxon');

INSERT INTO germplasm_taxon (taxon_dbid, germplasm_dbid) VALUES ('0', '1');
INSERT INTO germplasm_taxon (taxon_dbid, germplasm_dbid) VALUES ('2', '1');
INSERT INTO germplasm_taxon (taxon_dbid, germplasm_dbid) VALUES ('0', '2');
INSERT INTO germplasm_taxon (taxon_dbid, germplasm_dbid) VALUES ('2', '2');
INSERT INTO germplasm_taxon (taxon_dbid, germplasm_dbid) VALUES ('0', '3');
INSERT INTO germplasm_taxon (taxon_dbid, germplasm_dbid) VALUES ('2', '3');
INSERT INTO germplasm_taxon (taxon_dbid, germplasm_dbid) VALUES ('0', '4');
INSERT INTO germplasm_taxon (taxon_dbid, germplasm_dbid) VALUES ('2', '4');
INSERT INTO germplasm_taxon (taxon_dbid, germplasm_dbid) VALUES ('0', '5');
INSERT INTO germplasm_taxon (taxon_dbid, germplasm_dbid) VALUES ('2', '5');
INSERT INTO germplasm_taxon (taxon_dbid, germplasm_dbid) VALUES ('0', '6');
INSERT INTO germplasm_taxon (taxon_dbid, germplasm_dbid) VALUES ('2', '6');
INSERT INTO germplasm_taxon (taxon_dbid, germplasm_dbid) VALUES ('0', '7');
INSERT INTO germplasm_taxon (taxon_dbid, germplasm_dbid) VALUES ('2', '7');
INSERT INTO germplasm_taxon (taxon_dbid, germplasm_dbid) VALUES ('0', '8');
INSERT INTO germplasm_taxon (taxon_dbid, germplasm_dbid) VALUES ('2', '8');
INSERT INTO germplasm_taxon (taxon_dbid, germplasm_dbid) VALUES ('0', '9');
INSERT INTO germplasm_taxon (taxon_dbid, germplasm_dbid) VALUES ('2', '9');

INSERT INTO genome_map (id, comments, "name", published_date, species, "type", unit) VALUES('gm1', 'comments', 'Genome Map 1', '01-01-2018', 'novus', 'Genetic', 'cM');

INSERT INTO linkage_group (id, genome_map_db_id, linkage_group_name, max_marker_position) VALUES('lg1', 'gm1', '1', 1110);
INSERT INTO linkage_group (id, genome_map_db_id, linkage_group_name, max_marker_position) VALUES('lg2', 'gm1', '2', 5050);
INSERT INTO linkage_group (id, genome_map_db_id, linkage_group_name, max_marker_position) VALUES('lg3', 'gm1', '3', 5110);

INSERT INTO marker (id, location, marker_name, "type", linkage_group_id) VALUES('mr1', '1000', 'marker1-1', 'marker', 'lg1');
INSERT INTO marker (id, location, marker_name, "type", linkage_group_id) VALUES('mr2', '1020', 'marker1-2', 'marker', 'lg1');
INSERT INTO marker (id, location, marker_name, "type", linkage_group_id) VALUES('mr3', '1030', 'marker1-3', 'marker', 'lg1');
INSERT INTO marker (id, location, marker_name, "type", linkage_group_id) VALUES('mr4', '1040', 'marker1-4', 'marker', 'lg1');
INSERT INTO marker (id, location, marker_name, "type", linkage_group_id) VALUES('mr5', '1050', 'marker1-5', 'marker', 'lg1');
INSERT INTO marker (id, location, marker_name, "type", linkage_group_id) VALUES('mr6', '1060', 'marker1-6', 'marker', 'lg1');
INSERT INTO marker (id, location, marker_name, "type", linkage_group_id) VALUES('mr7', '1070', 'marker1-7', 'marker', 'lg1');
INSERT INTO marker (id, location, marker_name, "type", linkage_group_id) VALUES('mr8', '1080', 'marker1-8', 'marker', 'lg1');
INSERT INTO marker (id, location, marker_name, "type", linkage_group_id) VALUES('mr9', '1090', 'marker1-9', 'marker', 'lg1');
INSERT INTO marker (id, location, marker_name, "type", linkage_group_id) VALUES('mr10', '1100', 'marker1-10', 'marker', 'lg1');
INSERT INTO marker (id, location, marker_name, "type", linkage_group_id) VALUES('mr11', '1110', 'marker1-11', 'marker', 'lg1');
INSERT INTO marker (id, location, marker_name, "type", linkage_group_id) VALUES('mr12', '5000', 'marker2-1', 'marker', 'lg2');
INSERT INTO marker (id, location, marker_name, "type", linkage_group_id) VALUES('mr13', '5020', 'marker2-2', 'marker', 'lg2');
INSERT INTO marker (id, location, marker_name, "type", linkage_group_id) VALUES('mr14', '5030', 'marker2-3', 'marker', 'lg2');
INSERT INTO marker (id, location, marker_name, "type", linkage_group_id) VALUES('mr15', '5040', 'marker2-4', 'marker', 'lg2');
INSERT INTO marker (id, location, marker_name, "type", linkage_group_id) VALUES('mr16', '5050', 'marker2-5', 'marker', 'lg2');
INSERT INTO marker (id, location, marker_name, "type", linkage_group_id) VALUES('mr17', '5060', 'marker3-1', 'marker', 'lg3');
INSERT INTO marker (id, location, marker_name, "type", linkage_group_id) VALUES('mr18', '5070', 'marker3-2', 'marker', 'lg3');
INSERT INTO marker (id, location, marker_name, "type", linkage_group_id) VALUES('mr19', '5080', 'marker3-3', 'marker', 'lg3');
INSERT INTO marker (id, location, marker_name, "type", linkage_group_id) VALUES('mr20', '5090', 'marker3-4', 'marker', 'lg3');
INSERT INTO marker (id, location, marker_name, "type", linkage_group_id) VALUES('mr21', '5100', 'marker3-5', 'marker', 'lg3');
INSERT INTO marker (id, location, marker_name, "type", linkage_group_id) VALUES('mr22', '5110', 'marker3-6', 'marker', 'lg3');

INSERT INTO marker_analysis_method (id, method_name) VALUES('ma1', 'illumina');
INSERT INTO marker_analysis_method (id, method_name) VALUES('ma2', 'kasp');

INSERT INTO marker_marker_analysis_method (marker_db_id, marker_analysis_method_db_id) VALUES('mr1', 'ma1');
INSERT INTO marker_marker_analysis_method (marker_db_id, marker_analysis_method_db_id) VALUES('mr2', 'ma2');
INSERT INTO marker_marker_analysis_method (marker_db_id, marker_analysis_method_db_id) VALUES('mr3', 'ma1');
INSERT INTO marker_marker_analysis_method (marker_db_id, marker_analysis_method_db_id) VALUES('mr4', 'ma2');
INSERT INTO marker_marker_analysis_method (marker_db_id, marker_analysis_method_db_id) VALUES('mr5', 'ma1');
INSERT INTO marker_marker_analysis_method (marker_db_id, marker_analysis_method_db_id) VALUES('mr6', 'ma1');
INSERT INTO marker_marker_analysis_method (marker_db_id, marker_analysis_method_db_id) VALUES('mr7', 'ma1');
INSERT INTO marker_marker_analysis_method (marker_db_id, marker_analysis_method_db_id) VALUES('mr7', 'ma2');
INSERT INTO marker_marker_analysis_method (marker_db_id, marker_analysis_method_db_id) VALUES('mr8', 'ma1');
INSERT INTO marker_marker_analysis_method (marker_db_id, marker_analysis_method_db_id) VALUES('mr8', 'ma2');
INSERT INTO marker_marker_analysis_method (marker_db_id, marker_analysis_method_db_id) VALUES('mr9', 'ma1');
INSERT INTO marker_marker_analysis_method (marker_db_id, marker_analysis_method_db_id) VALUES('mr10', 'ma1');
INSERT INTO marker_marker_analysis_method (marker_db_id, marker_analysis_method_db_id) VALUES('mr11', 'ma1');
INSERT INTO marker_marker_analysis_method (marker_db_id, marker_analysis_method_db_id) VALUES('mr12', 'ma1');
INSERT INTO marker_marker_analysis_method (marker_db_id, marker_analysis_method_db_id) VALUES('mr13', 'ma1');
INSERT INTO marker_marker_analysis_method (marker_db_id, marker_analysis_method_db_id) VALUES('mr14', 'ma1');
INSERT INTO marker_marker_analysis_method (marker_db_id, marker_analysis_method_db_id) VALUES('mr15', 'ma2');
INSERT INTO marker_marker_analysis_method (marker_db_id, marker_analysis_method_db_id) VALUES('mr16', 'ma1');
INSERT INTO marker_marker_analysis_method (marker_db_id, marker_analysis_method_db_id) VALUES('mr17', 'ma1');
INSERT INTO marker_marker_analysis_method (marker_db_id, marker_analysis_method_db_id) VALUES('mr18', 'ma1');
INSERT INTO marker_marker_analysis_method (marker_db_id, marker_analysis_method_db_id) VALUES('mr19', 'ma1');
INSERT INTO marker_marker_analysis_method (marker_db_id, marker_analysis_method_db_id) VALUES('mr20', 'ma1');
INSERT INTO marker_marker_analysis_method (marker_db_id, marker_analysis_method_db_id) VALUES('mr21', 'ma1');
INSERT INTO marker_marker_analysis_method (marker_db_id, marker_analysis_method_db_id) VALUES('mr22', 'ma1');

INSERT INTO marker_reference (id, alternative, marker_db_id, reference) VALUES('mref1', false, 'mr1', 'A');
INSERT INTO marker_reference (id, alternative, marker_db_id, reference) VALUES('mref2', true, 'mr1', 'T');
INSERT INTO marker_reference (id, alternative, marker_db_id, reference) VALUES('mref3', false, 'mr2', 'A');
INSERT INTO marker_reference (id, alternative, marker_db_id, reference) VALUES('mref4', true, 'mr2', 'T');
INSERT INTO marker_reference (id, alternative, marker_db_id, reference) VALUES('mref5', false, 'mr3', 'A');
INSERT INTO marker_reference (id, alternative, marker_db_id, reference) VALUES('mref6', true, 'mr3', 'T');
INSERT INTO marker_reference (id, alternative, marker_db_id, reference) VALUES('mref7', false, 'mr4', 'A');
INSERT INTO marker_reference (id, alternative, marker_db_id, reference) VALUES('mref8', true, 'mr4', 'T');
INSERT INTO marker_reference (id, alternative, marker_db_id, reference) VALUES('mref9', false, 'mr5', 'A');
INSERT INTO marker_reference (id, alternative, marker_db_id, reference) VALUES('mref10', false, 'mr6', 'A');
INSERT INTO marker_reference (id, alternative, marker_db_id, reference) VALUES('mref11', false, 'mr7', 'A');
INSERT INTO marker_reference (id, alternative, marker_db_id, reference) VALUES('mref12', false, 'mr8', 'A');
INSERT INTO marker_reference (id, alternative, marker_db_id, reference) VALUES('mref13', false, 'mr9', 'A');
INSERT INTO marker_reference (id, alternative, marker_db_id, reference) VALUES('mref14', false, 'mr10', 'A');
INSERT INTO marker_reference (id, alternative, marker_db_id, reference) VALUES('mref15', false, 'mr11', 'A');
INSERT INTO marker_reference (id, alternative, marker_db_id, reference) VALUES('mref16', false, 'mr12', 'A');
INSERT INTO marker_reference (id, alternative, marker_db_id, reference) VALUES('mref17', false, 'mr13', 'A');
INSERT INTO marker_reference (id, alternative, marker_db_id, reference) VALUES('mref18', false, 'mr14', 'A');
INSERT INTO marker_reference (id, alternative, marker_db_id, reference) VALUES('mref19', false, 'mr15', 'A');
INSERT INTO marker_reference (id, alternative, marker_db_id, reference) VALUES('mref20', false, 'mr16', 'A');
INSERT INTO marker_reference (id, alternative, marker_db_id, reference) VALUES('mref21', false, 'mr17', 'A');
INSERT INTO marker_reference (id, alternative, marker_db_id, reference) VALUES('mref22', false, 'mr18', 'A');
INSERT INTO marker_reference (id, alternative, marker_db_id, reference) VALUES('mref23', false, 'mr19', 'A');
INSERT INTO marker_reference (id, alternative, marker_db_id, reference) VALUES('mref24', false, 'mr20', 'A');
INSERT INTO marker_reference (id, alternative, marker_db_id, reference) VALUES('mref25', false, 'mr21', 'A');
INSERT INTO marker_reference (id, alternative, marker_db_id, reference) VALUES('mref26', false, 'mr22', 'A');

INSERT INTO marker_synonym (id, marker_db_id, synonym) VALUES('ms1', 'mr1', 'i_11_10010');
INSERT INTO marker_synonym (id, marker_db_id, synonym) VALUES('ms2', 'mr2', 'i_11_10020');
INSERT INTO marker_synonym (id, marker_db_id, synonym) VALUES('ms3', 'mr3', 'i_11_10030');
INSERT INTO marker_synonym (id, marker_db_id, synonym) VALUES('ms4', 'mr4', 'i_11_10040');
INSERT INTO marker_synonym (id, marker_db_id, synonym) VALUES('ms5', 'mr5', 'i_11_10050');
INSERT INTO marker_synonym (id, marker_db_id, synonym) VALUES('ms6', 'mr6', 'i_11_10060');
INSERT INTO marker_synonym (id, marker_db_id, synonym) VALUES('ms7', 'mr7', 'i_11_10070');
INSERT INTO marker_synonym (id, marker_db_id, synonym) VALUES('ms8', 'mr8', 'i_11_10080');
INSERT INTO marker_synonym (id, marker_db_id, synonym) VALUES('ms9', 'mr9', 'i_11_10090');
INSERT INTO marker_synonym (id, marker_db_id, synonym) VALUES('ms10', 'mr10', 'i_11_10100');
INSERT INTO marker_synonym (id, marker_db_id, synonym) VALUES('ms11', 'mr11', 'i_11_10110');
INSERT INTO marker_synonym (id, marker_db_id, synonym) VALUES('ms12', 'mr12', 'i_11_10120');
INSERT INTO marker_synonym (id, marker_db_id, synonym) VALUES('ms13', 'mr13', 'i_11_10130');
INSERT INTO marker_synonym (id, marker_db_id, synonym) VALUES('ms14', 'mr14', 'i_11_10140');
INSERT INTO marker_synonym (id, marker_db_id, synonym) VALUES('ms15', 'mr15', 'i_11_10150');
INSERT INTO marker_synonym (id, marker_db_id, synonym) VALUES('ms16', 'mr16', 'i_11_10160');
INSERT INTO marker_synonym (id, marker_db_id, synonym) VALUES('ms17', 'mr17', 'i_11_10170');
INSERT INTO marker_synonym (id, marker_db_id, synonym) VALUES('ms18', 'mr18', 'i_11_10180');
INSERT INTO marker_synonym (id, marker_db_id, synonym) VALUES('ms19', 'mr19', 'i_11_10190');
INSERT INTO marker_synonym (id, marker_db_id, synonym) VALUES('ms20', 'mr20', 'i_11_10200');
INSERT INTO marker_synonym (id, marker_db_id, synonym) VALUES('ms21', 'mr21', 'i_11_10210');
INSERT INTO marker_synonym (id, marker_db_id, synonym) VALUES('ms22', 'mr22', 'i_11_10220');

INSERT INTO plate (id, client_plate_db_id, plate_format, sample_type, status, status_time_stamp, vendor_barcode, vendor_barcode_imageurl, vendor_project_db_id) VALUES('pl1', 'cl1', 'Plate_96', 'DNA', 'Submitted', '2018-01-01 00:00:00', '12345', 'https://brapi.org/assets/images/code.jpg', 'vp1');

INSERT INTO sample (id, concentration, notes, plate_id, plate_index, sample_timestamp, sample_type, taken_by, tissue_type, volume, observation_unit_id, taxon_id_id) VALUES('sam1', '20', 'Example Sample', 'pl1', 0, '2018-01-01 00:00:00', 'DNA', 'Bob', 'Leaf', '100', '1', '0');
INSERT INTO sample (id, concentration, notes, plate_id, plate_index, sample_timestamp, sample_type, taken_by, tissue_type, volume, observation_unit_id, taxon_id_id) VALUES('sam2', '19', 'Example Sample', 'pl1', 1, '2018-01-01 00:00:00', 'DNA', 'Bob', 'Leaf', '100', '2', '0');
INSERT INTO sample (id, concentration, notes, plate_id, plate_index, sample_timestamp, sample_type, taken_by, tissue_type, volume, observation_unit_id, taxon_id_id) VALUES('sam3', '23', 'Example Sample', 'pl1', 2, '2018-01-01 00:00:00', 'DNA', 'Bob', 'Leaf', '100', '3', '0');

INSERT INTO marker_profile (id, analysis_method, extract_db_id, germplasm_db_id, sample_db_id, unique_display_name) VALUES('mp1', 'GBS', 'extract1', '1', 'sam1', 'My Fancy Germplasm');
INSERT INTO marker_profile (id, analysis_method, extract_db_id, germplasm_db_id, sample_db_id, unique_display_name) VALUES('mp2', 'GoldenGate', 'extract2', '1', 'sam2', 'My Fancy Germplasm');
INSERT INTO marker_profile (id, analysis_method, extract_db_id, germplasm_db_id, sample_db_id, unique_display_name) VALUES('mp3', 'GBS', 'extract3', '1', 'sam3', 'My Fancy Germplasm');

INSERT INTO study_marker_profile (marker_profile_db_id, study_db_id) VALUES('mp1', '1001');
INSERT INTO study_marker_profile (marker_profile_db_id, study_db_id) VALUES('mp2', '1002');
INSERT INTO study_marker_profile (marker_profile_db_id, study_db_id) VALUES('mp3', '1003');

INSERT INTO allele_matrix (id, description, last_updated, "name", study_id) VALUES('mat1', 'example matrix', '2018-05-03T11:03:56+04:00', 'Example Matrix', '1001');

INSERT INTO allele (id, allele_code, marker_id, marker_profile_id, matrix_id, sample_id) VALUES('al1', '1', 'mr1', 'mp1', 'mat1', 'sam1');
INSERT INTO allele (id, allele_code, marker_id, marker_profile_id, matrix_id, sample_id) VALUES('al2', '0', 'mr2', 'mp1', 'mat1', 'sam1');
INSERT INTO allele (id, allele_code, marker_id, marker_profile_id, matrix_id, sample_id) VALUES('al3', '0', 'mr3', 'mp1', 'mat1', 'sam1');
INSERT INTO allele (id, allele_code, marker_id, marker_profile_id, matrix_id, sample_id) VALUES('al4', '0', 'mr4', 'mp1', 'mat1', 'sam1');
INSERT INTO allele (id, allele_code, marker_id, marker_profile_id, matrix_id, sample_id) VALUES('al5', '0', 'mr5', 'mp1', 'mat1', 'sam1');
INSERT INTO allele (id, allele_code, marker_id, marker_profile_id, matrix_id, sample_id) VALUES('al6', '1', 'mr6', 'mp1', 'mat1', 'sam1');
INSERT INTO allele (id, allele_code, marker_id, marker_profile_id, matrix_id, sample_id) VALUES('al7', '0', 'mr7', 'mp1', 'mat1', 'sam1');
INSERT INTO allele (id, allele_code, marker_id, marker_profile_id, matrix_id, sample_id) VALUES('al8', '0', 'mr8', 'mp1', 'mat1', 'sam1');
INSERT INTO allele (id, allele_code, marker_id, marker_profile_id, matrix_id, sample_id) VALUES('al9', '0', 'mr9', 'mp1', 'mat1', 'sam1');
INSERT INTO allele (id, allele_code, marker_id, marker_profile_id, matrix_id, sample_id) VALUES('al10', '1', 'mr10', 'mp1', 'mat1', 'sam1');
INSERT INTO allele (id, allele_code, marker_id, marker_profile_id, matrix_id, sample_id) VALUES('al11', '0', 'mr11', 'mp1', 'mat1', 'sam1');
INSERT INTO allele (id, allele_code, marker_id, marker_profile_id, matrix_id, sample_id) VALUES('al12', '0', 'mr12', 'mp1', 'mat1', 'sam1');
INSERT INTO allele (id, allele_code, marker_id, marker_profile_id, matrix_id, sample_id) VALUES('al13', '1', 'mr13', 'mp1', 'mat1', 'sam1');
INSERT INTO allele (id, allele_code, marker_id, marker_profile_id, matrix_id, sample_id) VALUES('al14', '1', 'mr14', 'mp1', 'mat1', 'sam1');
INSERT INTO allele (id, allele_code, marker_id, marker_profile_id, matrix_id, sample_id) VALUES('al15', '1', 'mr15', 'mp1', 'mat1', 'sam1');
INSERT INTO allele (id, allele_code, marker_id, marker_profile_id, matrix_id, sample_id) VALUES('al16', '0', 'mr16', 'mp1', 'mat1', 'sam1');
INSERT INTO allele (id, allele_code, marker_id, marker_profile_id, matrix_id, sample_id) VALUES('al17', '1', 'mr17', 'mp1', 'mat1', 'sam1');
INSERT INTO allele (id, allele_code, marker_id, marker_profile_id, matrix_id, sample_id) VALUES('al18', '1', 'mr18', 'mp1', 'mat1', 'sam1');
INSERT INTO allele (id, allele_code, marker_id, marker_profile_id, matrix_id, sample_id) VALUES('al19', '0', 'mr19', 'mp1', 'mat1', 'sam1');
INSERT INTO allele (id, allele_code, marker_id, marker_profile_id, matrix_id, sample_id) VALUES('al20', '0', 'mr20', 'mp1', 'mat1', 'sam1');
INSERT INTO allele (id, allele_code, marker_id, marker_profile_id, matrix_id, sample_id) VALUES('al21', '0', 'mr21', 'mp1', 'mat1', 'sam1');
INSERT INTO allele (id, allele_code, marker_id, marker_profile_id, matrix_id, sample_id) VALUES('al22', '0', 'mr22', 'mp1', 'mat1', 'sam1');
INSERT INTO allele (id, allele_code, marker_id, marker_profile_id, matrix_id, sample_id) VALUES('al23', '0', 'mr1', 'mp2', 'mat1', 'sam2');
INSERT INTO allele (id, allele_code, marker_id, marker_profile_id, matrix_id, sample_id) VALUES('al24', '1', 'mr2', 'mp2', 'mat1', 'sam2');
INSERT INTO allele (id, allele_code, marker_id, marker_profile_id, matrix_id, sample_id) VALUES('al25', '0', 'mr3', 'mp2', 'mat1', 'sam2');
INSERT INTO allele (id, allele_code, marker_id, marker_profile_id, matrix_id, sample_id) VALUES('al26', '0', 'mr4', 'mp2', 'mat1', 'sam2');
INSERT INTO allele (id, allele_code, marker_id, marker_profile_id, matrix_id, sample_id) VALUES('al27', '1', 'mr5', 'mp2', 'mat1', 'sam2');
INSERT INTO allele (id, allele_code, marker_id, marker_profile_id, matrix_id, sample_id) VALUES('al28', '0', 'mr6', 'mp2', 'mat1', 'sam2');
INSERT INTO allele (id, allele_code, marker_id, marker_profile_id, matrix_id, sample_id) VALUES('al29', '0', 'mr7', 'mp2', 'mat1', 'sam2');
INSERT INTO allele (id, allele_code, marker_id, marker_profile_id, matrix_id, sample_id) VALUES('al30', '1', 'mr8', 'mp2', 'mat1', 'sam2');
INSERT INTO allele (id, allele_code, marker_id, marker_profile_id, matrix_id, sample_id) VALUES('al31', '0', 'mr9', 'mp2', 'mat1', 'sam2');
INSERT INTO allele (id, allele_code, marker_id, marker_profile_id, matrix_id, sample_id) VALUES('al32', '1', 'mr10', 'mp2', 'mat1', 'sam2');
INSERT INTO allele (id, allele_code, marker_id, marker_profile_id, matrix_id, sample_id) VALUES('al33', '0', 'mr11', 'mp2', 'mat1', 'sam2');
INSERT INTO allele (id, allele_code, marker_id, marker_profile_id, matrix_id, sample_id) VALUES('al34', '0', 'mr12', 'mp2', 'mat1', 'sam2');
INSERT INTO allele (id, allele_code, marker_id, marker_profile_id, matrix_id, sample_id) VALUES('al35', '0', 'mr13', 'mp2', 'mat1', 'sam2');
INSERT INTO allele (id, allele_code, marker_id, marker_profile_id, matrix_id, sample_id) VALUES('al36', '1', 'mr14', 'mp2', 'mat1', 'sam2');
INSERT INTO allele (id, allele_code, marker_id, marker_profile_id, matrix_id, sample_id) VALUES('al37', '0', 'mr15', 'mp2', 'mat1', 'sam2');
INSERT INTO allele (id, allele_code, marker_id, marker_profile_id, matrix_id, sample_id) VALUES('al38', '1', 'mr16', 'mp2', 'mat1', 'sam2');
INSERT INTO allele (id, allele_code, marker_id, marker_profile_id, matrix_id, sample_id) VALUES('al39', '0', 'mr17', 'mp2', 'mat1', 'sam2');
INSERT INTO allele (id, allele_code, marker_id, marker_profile_id, matrix_id, sample_id) VALUES('al40', '1', 'mr18', 'mp2', 'mat1', 'sam2');
INSERT INTO allele (id, allele_code, marker_id, marker_profile_id, matrix_id, sample_id) VALUES('al41', '1', 'mr19', 'mp2', 'mat1', 'sam2');
INSERT INTO allele (id, allele_code, marker_id, marker_profile_id, matrix_id, sample_id) VALUES('al42', '1', 'mr20', 'mp2', 'mat1', 'sam2');
INSERT INTO allele (id, allele_code, marker_id, marker_profile_id, matrix_id, sample_id) VALUES('al43', '0', 'mr21', 'mp2', 'mat1', 'sam2');
INSERT INTO allele (id, allele_code, marker_id, marker_profile_id, matrix_id, sample_id) VALUES('al44', '0', 'mr22', 'mp2', 'mat1', 'sam2');
INSERT INTO allele (id, allele_code, marker_id, marker_profile_id, matrix_id, sample_id) VALUES('al45', '0', 'mr1', 'mp3', 'mat1', 'sam3');
INSERT INTO allele (id, allele_code, marker_id, marker_profile_id, matrix_id, sample_id) VALUES('al46', '1', 'mr2', 'mp3', 'mat1', 'sam3');
INSERT INTO allele (id, allele_code, marker_id, marker_profile_id, matrix_id, sample_id) VALUES('al47', '1', 'mr3', 'mp3', 'mat1', 'sam3');
INSERT INTO allele (id, allele_code, marker_id, marker_profile_id, matrix_id, sample_id) VALUES('al48', '1', 'mr4', 'mp3', 'mat1', 'sam3');
INSERT INTO allele (id, allele_code, marker_id, marker_profile_id, matrix_id, sample_id) VALUES('al49', '1', 'mr5', 'mp3', 'mat1', 'sam3');
INSERT INTO allele (id, allele_code, marker_id, marker_profile_id, matrix_id, sample_id) VALUES('al50', '0', 'mr6', 'mp3', 'mat1', 'sam3');
INSERT INTO allele (id, allele_code, marker_id, marker_profile_id, matrix_id, sample_id) VALUES('al51', '1', 'mr7', 'mp3', 'mat1', 'sam3');
INSERT INTO allele (id, allele_code, marker_id, marker_profile_id, matrix_id, sample_id) VALUES('al52', '1', 'mr8', 'mp3', 'mat1', 'sam3');
INSERT INTO allele (id, allele_code, marker_id, marker_profile_id, matrix_id, sample_id) VALUES('al53', '0', 'mr9', 'mp3', 'mat1', 'sam3');
INSERT INTO allele (id, allele_code, marker_id, marker_profile_id, matrix_id, sample_id) VALUES('al54', '0', 'mr10', 'mp3', 'mat1', 'sam3');
INSERT INTO allele (id, allele_code, marker_id, marker_profile_id, matrix_id, sample_id) VALUES('al55', '0', 'mr11', 'mp3', 'mat1', 'sam3');
INSERT INTO allele (id, allele_code, marker_id, marker_profile_id, matrix_id, sample_id) VALUES('al56', '1', 'mr12', 'mp3', 'mat1', 'sam3');
INSERT INTO allele (id, allele_code, marker_id, marker_profile_id, matrix_id, sample_id) VALUES('al57', '1', 'mr13', 'mp3', 'mat1', 'sam3');
INSERT INTO allele (id, allele_code, marker_id, marker_profile_id, matrix_id, sample_id) VALUES('al58', '1', 'mr14', 'mp3', 'mat1', 'sam3');
INSERT INTO allele (id, allele_code, marker_id, marker_profile_id, matrix_id, sample_id) VALUES('al59', '1', 'mr15', 'mp3', 'mat1', 'sam3');
INSERT INTO allele (id, allele_code, marker_id, marker_profile_id, matrix_id, sample_id) VALUES('al60', '1', 'mr16', 'mp3', 'mat1', 'sam3');
INSERT INTO allele (id, allele_code, marker_id, marker_profile_id, matrix_id, sample_id) VALUES('al61', '0', 'mr17', 'mp3', 'mat1', 'sam3');
INSERT INTO allele (id, allele_code, marker_id, marker_profile_id, matrix_id, sample_id) VALUES('al62', '0', 'mr18', 'mp3', 'mat1', 'sam3');
INSERT INTO allele (id, allele_code, marker_id, marker_profile_id, matrix_id, sample_id) VALUES('al66', '0', 'mr22', 'mp3', 'mat1', 'sam3');
INSERT INTO allele (id, allele_code, marker_id, marker_profile_id, matrix_id, sample_id) VALUES('al63', '1', 'mr19', 'mp3', 'mat1', 'sam3');
INSERT INTO allele (id, allele_code, marker_id, marker_profile_id, matrix_id, sample_id) VALUES('al64', '0', 'mr20', 'mp3', 'mat1', 'sam3');
INSERT INTO allele (id, allele_code, marker_id, marker_profile_id, matrix_id, sample_id) VALUES('al65', '1', 'mr21', 'mp3', 'mat1', 'sam3');

INSERT INTO vendor_spec (id, additional_info, contact_name, vendor_address, vendor_city, vendor_country, vendor_description, vendor_email, vendor_name, vendor_phone, vendorurl) VALUES('1', NULL, 'Bob Smith', '123 Street Ave', 'Townsville', 'USA', 'Example vendor used for testing', 'bsmith@brapi.org', 'Bobs Vendor', '+12345678910', 'https://brapi.org');

INSERT INTO vendor_spec_requirement (id, input_format_details, max_concentration, max_volume, min_concentration, min_sample_number, min_volume, plate_orientation, sample_type_details) VALUES('vsr1', 'https://brapi.org', '1000ppm', '50ml', '20ppm', '1', '2ml', 'rowFirst', 'https://brapi.org');
INSERT INTO vendor_spec_input_format (id, input_format, vendor_spec_standard_requirement_db_id) VALUES('vsf1', 'Plate_96', 'vsr1');
INSERT INTO vendor_spec_input_format (id, input_format, vendor_spec_standard_requirement_db_id) VALUES('vsf2', 'Tubes', 'vsr1');
INSERT INTO vendor_spec_sample_type (id, sample_type, vendor_spec_standard_requirement_db_id) VALUES('vssam1', 'LEAF', 'vsr1');
INSERT INTO vendor_spec_sample_type (id, sample_type, vendor_spec_standard_requirement_db_id) VALUES('vssam2', 'STEM', 'vsr1');
INSERT INTO vendor_spec_sample_type (id, sample_type, vendor_spec_standard_requirement_db_id) VALUES('vssam3', 'ROOT', 'vsr1');
INSERT INTO vendor_spec_well_position (id, "position", vendor_spec_standard_requirement_db_id) VALUES('vswp1', 'random', 'vsr1');
INSERT INTO vendor_spec_well_position (id, "position", vendor_spec_standard_requirement_db_id) VALUES('vswp2', 'A01', 'vsr1');
INSERT INTO vendor_spec_well_position (id, "position", vendor_spec_standard_requirement_db_id) VALUES('vswp3', 'H12', 'vsr1');


INSERT INTO vendor_spec_platform (id, contact_email, contact_name, contact_phone, platform_description, platform_name, platformurl, shipping_address, specific_requirements, taxonomy_id_system_name, taxonomy_id_systemuri, tissue_id_system_name, tissue_id_systemuri, vendor_spec_db_id, standard_requirements_id) VALUES('vsp1', 'plat1@brapi.org', 'Bob Smith', '+12345678910', 'This is an example platform', 'Example Platform', 'https://brapi.org', '123 Street Ave, Townsville, USA', NULL, 'NCBITaxonomyId', 'https://ncbi.org', 'TIS', 'https://tis.org', '1', 'vsr1');
INSERT INTO vendor_spec_deliverable (id, description, format, "name", vendor_spec_platform_db_id) VALUES('vsd1', 'An Example Deliverable', 'CSV', 'Example Deliverable', 'vsp1');
INSERT INTO vendor_spec_status (id, status_description, status_name, vendor_spec_platform_db_id) VALUES('vssta1', 'Samples have been recored, but not recieved', 'Created', 'vsp1');
INSERT INTO vendor_spec_status (id, status_description, status_name, vendor_spec_platform_db_id) VALUES('vssta2', 'Physical samples have been received', 'Received', 'vsp1');
INSERT INTO vendor_spec_status (id, status_description, status_name, vendor_spec_platform_db_id) VALUES('vssta3', 'Sample submission has been rejected by the vendor', 'Rejected', 'vsp1');
INSERT INTO vendor_spec_status (id, status_description, status_name, vendor_spec_platform_db_id) VALUES('vssta4', 'Vendor has begun to process the samples', 'Processing', 'vsp1');
INSERT INTO vendor_spec_status (id, status_description, status_name, vendor_spec_platform_db_id) VALUES('vssta5', 'Processing is complete, data is ready to download', 'Completed', 'vsp1');



