INSERT INTO variantset (id) VALUES('variantset0');

INSERT INTO callset (id, call_set_name, created, updated, sample_id) VALUES('callset00', 'P1', '2019-11-22', '2019-11-23', 'sample1');
INSERT INTO callset_variant_sets (call_set_entity_id, variant_sets_id) VALUES('callset00', 'variantset0');
INSERT INTO variant (id, variant_name, variant_set_id) VALUES('variant00', 'M1', 'variantset0');
INSERT INTO allele_call(id, genotype, genotype_likelihood, phase_set, variant_id, call_set_id) VALUES('allele_0000', 'A'  , 1, 'phase_set00', 'variant00','callset00');

INSERT INTO variantset (id) VALUES('variantset1');

INSERT INTO callset (id, call_set_name, created, updated, sample_id) VALUES('callset01', 'P2', '2019-11-22', '2019-11-23', 'sample1');
INSERT INTO callset_variant_sets (call_set_entity_id, variant_sets_id) VALUES('callset01', 'variantset1');
INSERT INTO callset (id, call_set_name, created, updated, sample_id) VALUES('callset02', 'F1-1', '2019-11-22', '2019-11-23', 'sample1');
INSERT INTO callset_variant_sets (call_set_entity_id, variant_sets_id) VALUES('callset02', 'variantset1');
INSERT INTO callset (id, call_set_name, created, updated, sample_id) VALUES('callset03', 'F1-2', '2019-11-22', '2019-11-23', 'sample1');
INSERT INTO callset_variant_sets (call_set_entity_id, variant_sets_id) VALUES('callset03', 'variantset1');
INSERT INTO callset (id, call_set_name, created, updated, sample_id) VALUES('callset04', 'F1-3', '2019-11-22', '2019-11-23', 'sample1');
INSERT INTO callset_variant_sets (call_set_entity_id, variant_sets_id) VALUES('callset04', 'variantset1');
INSERT INTO callset (id, call_set_name, created, updated, sample_id) VALUES('callset05', 'F1-4', '2019-11-22', '2019-11-23', 'sample1');
INSERT INTO callset_variant_sets (call_set_entity_id, variant_sets_id) VALUES('callset05', 'variantset1');
INSERT INTO callset (id, call_set_name, created, updated, sample_id) VALUES('callset06', 'F1-5', '2019-11-22', '2019-11-23', 'sample1');
INSERT INTO callset_variant_sets (call_set_entity_id, variant_sets_id) VALUES('callset06', 'variantset1');
INSERT INTO callset (id, call_set_name, created, updated, sample_id) VALUES('callset07', 'F1-6', '2019-11-22', '2019-11-23', 'sample1');
INSERT INTO callset_variant_sets (call_set_entity_id, variant_sets_id) VALUES('callset07', 'variantset1');
INSERT INTO callset (id, call_set_name, created, updated, sample_id) VALUES('callset08', 'F1-7', '2019-11-22', '2019-11-23', 'sample1');
INSERT INTO callset_variant_sets (call_set_entity_id, variant_sets_id) VALUES('callset08', 'variantset1');
INSERT INTO callset (id, call_set_name, created, updated, sample_id) VALUES('callset09', 'F1-8', '2019-11-22', '2019-11-23', 'sample1');
INSERT INTO callset_variant_sets (call_set_entity_id, variant_sets_id) VALUES('callset09', 'variantset1');
INSERT INTO callset (id, call_set_name, created, updated, sample_id) VALUES('callset10', 'F1-9', '2019-11-22', '2019-11-23', 'sample1');
INSERT INTO callset_variant_sets (call_set_entity_id, variant_sets_id) VALUES('callset10', 'variantset1');
INSERT INTO callset (id, call_set_name, created, updated, sample_id) VALUES('callset11', 'F1-10', '2019-11-22', '2019-11-23', 'sample1');
INSERT INTO callset_variant_sets (call_set_entity_id, variant_sets_id) VALUES('callset11', 'variantset1');
INSERT INTO callset (id, call_set_name, created, updated, sample_id) VALUES('callset12', 'F1-11', '2019-11-22', '2019-11-23', 'sample1');
INSERT INTO callset_variant_sets (call_set_entity_id, variant_sets_id) VALUES('callset12', 'variantset1');
INSERT INTO callset (id, call_set_name, created, updated, sample_id) VALUES('callset13', 'F1-12', '2019-11-22', '2019-11-23', 'sample1');

INSERT INTO variant (id, variant_name, variant_set_id) VALUES('variant01', 'M1', 'variantset1');
INSERT INTO variant (id, variant_name, variant_set_id) VALUES('variant02', 'M2', 'variantset1');
INSERT INTO variant (id, variant_name, variant_set_id) VALUES('variant03', 'M3', 'variantset1');
INSERT INTO variant (id, variant_name, variant_set_id) VALUES('variant04', 'M4', 'variantset1');
INSERT INTO variant (id, variant_name, variant_set_id) VALUES('variant05', 'M5', 'variantset1');
INSERT INTO variant (id, variant_name, variant_set_id) VALUES('variant06', 'M6', 'variantset1');
INSERT INTO variant (id, variant_name, variant_set_id) VALUES('variant07', 'M7', 'variantset1');
INSERT INTO variant (id, variant_name, variant_set_id) VALUES('variant08', 'M8', 'variantset1');
INSERT INTO variant (id, variant_name, variant_set_id) VALUES('variant09', 'M9', 'variantset1');
INSERT INTO variant (id, variant_name, variant_set_id) VALUES('variant10', 'M10', 'variantset1');
INSERT INTO variant (id, variant_name, variant_set_id) VALUES('variant11', 'M11', 'variantset1');
INSERT INTO variant (id, variant_name, variant_set_id) VALUES('variant12', 'M12', 'variantset1');
INSERT INTO variant (id, variant_name, variant_set_id) VALUES('variant13', 'M13', 'variantset1');
INSERT INTO variant (id, variant_name, variant_set_id) VALUES('variant14', 'M14', 'variantset1');
INSERT INTO variant (id, variant_name, variant_set_id) VALUES('variant15', 'M15', 'variantset1');
INSERT INTO variant (id, variant_name, variant_set_id) VALUES('variant16', 'M16', 'variantset1');
INSERT INTO variant (id, variant_name, variant_set_id) VALUES('variant17', 'M17', 'variantset1');
INSERT INTO variant (id, variant_name, variant_set_id) VALUES('variant18', 'M18', 'variantset1');
INSERT INTO variant (id, variant_name, variant_set_id) VALUES('variant19', 'M19', 'variantset1');
INSERT INTO variant (id, variant_name, variant_set_id) VALUES('variant20', 'M20', 'variantset1');

INSERT INTO allele_call(id, genotype, genotype_likelihood, phase_set, variant_id, call_set_id) VALUES('allele_0101', 'C'  , 1, 'phase_set01', 'variant01','callset01');
INSERT INTO allele_call(id, genotype, genotype_likelihood, phase_set, variant_id, call_set_id) VALUES('allele_0102', 'C'  , 1, 'phase_set02', 'variant02','callset01');
INSERT INTO allele_call(id, genotype, genotype_likelihood, phase_set, variant_id, call_set_id) VALUES('allele_0103', 'C'  , 1, 'phase_set03', 'variant03','callset01');
INSERT INTO allele_call(id, genotype, genotype_likelihood, phase_set, variant_id, call_set_id) VALUES('allele_0104', 'C'  , 1, 'phase_set04', 'variant04','callset01');
INSERT INTO allele_call(id, genotype, genotype_likelihood, phase_set, variant_id, call_set_id) VALUES('allele_0105', 'C'  , 1, 'phase_set05', 'variant05','callset01');
INSERT INTO allele_call(id, genotype, genotype_likelihood, phase_set, variant_id, call_set_id) VALUES('allele_0106', 'G'  , 1, 'phase_set06', 'variant06','callset01');
INSERT INTO allele_call(id, genotype, genotype_likelihood, phase_set, variant_id, call_set_id) VALUES('allele_0107', 'G'  , 1, 'phase_set07', 'variant07','callset01');
INSERT INTO allele_call(id, genotype, genotype_likelihood, phase_set, variant_id, call_set_id) VALUES('allele_0108', 'A'  , 1, 'phase_set08', 'variant08','callset01');
INSERT INTO allele_call(id, genotype, genotype_likelihood, phase_set, variant_id, call_set_id) VALUES('allele_0109', 'A'  , 1, 'phase_set09', 'variant09','callset01');
INSERT INTO allele_call(id, genotype, genotype_likelihood, phase_set, variant_id, call_set_id) VALUES('allele_0110', 'C'  , 1, 'phase_set10', 'variant10','callset01');
INSERT INTO allele_call(id, genotype, genotype_likelihood, phase_set, variant_id, call_set_id) VALUES('allele_0111', 'C'  , 1, 'phase_set11', 'variant11','callset01');
INSERT INTO allele_call(id, genotype, genotype_likelihood, phase_set, variant_id, call_set_id) VALUES('allele_0112', 'A'  , 1, 'phase_set12', 'variant12','callset01');
INSERT INTO allele_call(id, genotype, genotype_likelihood, phase_set, variant_id, call_set_id) VALUES('allele_0113', 'A'  , 1, 'phase_set13', 'variant13','callset01');
INSERT INTO allele_call(id, genotype, genotype_likelihood, phase_set, variant_id, call_set_id) VALUES('allele_0114', 'T'  , 1, 'phase_set14', 'variant14','callset01');
INSERT INTO allele_call(id, genotype, genotype_likelihood, phase_set, variant_id, call_set_id) VALUES('allele_0115', 'T'  , 1, 'phase_set15', 'variant15','callset01');
INSERT INTO allele_call(id, genotype, genotype_likelihood, phase_set, variant_id, call_set_id) VALUES('allele_0116', 'T'  , 1, 'phase_set16', 'variant16','callset01');
INSERT INTO allele_call(id, genotype, genotype_likelihood, phase_set, variant_id, call_set_id) VALUES('allele_0117', 'G'  , 1, 'phase_set17', 'variant17','callset01');
INSERT INTO allele_call(id, genotype, genotype_likelihood, phase_set, variant_id, call_set_id) VALUES('allele_0118', 'G'  , 1, 'phase_set18', 'variant18','callset01');
INSERT INTO allele_call(id, genotype, genotype_likelihood, phase_set, variant_id, call_set_id) VALUES('allele_0119', 'A'  , 1, 'phase_set19', 'variant19','callset01');
INSERT INTO allele_call(id, genotype, genotype_likelihood, phase_set, variant_id, call_set_id) VALUES('allele_0120', 'T'  , 1, 'phase_set20', 'variant20','callset01');

INSERT INTO allele_call(id, genotype, genotype_likelihood, phase_set, variant_id, call_set_id) VALUES('allele_0201', 'A/C', 1, 'phase_set01', 'variant01','callset02');
INSERT INTO allele_call(id, genotype, genotype_likelihood, phase_set, variant_id, call_set_id) VALUES('allele_0202', 'C'  , 1, 'phase_set02', 'variant02','callset02');
INSERT INTO allele_call(id, genotype, genotype_likelihood, phase_set, variant_id, call_set_id) VALUES('allele_0203', '-'  , 1, 'phase_set03', 'variant03','callset02');
INSERT INTO allele_call(id, genotype, genotype_likelihood, phase_set, variant_id, call_set_id) VALUES('allele_0204', '-'  , 1, 'phase_set04', 'variant04','callset02');
INSERT INTO allele_call(id, genotype, genotype_likelihood, phase_set, variant_id, call_set_id) VALUES('allele_0205', '-'  , 1, 'phase_set05', 'variant05','callset02');
INSERT INTO allele_call(id, genotype, genotype_likelihood, phase_set, variant_id, call_set_id) VALUES('allele_0206', '-'  , 1, 'phase_set06', 'variant06','callset02');
INSERT INTO allele_call(id, genotype, genotype_likelihood, phase_set, variant_id, call_set_id) VALUES('allele_0207', '-'  , 1, 'phase_set07', 'variant07','callset02');
INSERT INTO allele_call(id, genotype, genotype_likelihood, phase_set, variant_id, call_set_id) VALUES('allele_0208', '-'  , 1, 'phase_set08', 'variant08','callset02');
INSERT INTO allele_call(id, genotype, genotype_likelihood, phase_set, variant_id, call_set_id) VALUES('allele_0209', '-'  , 1, 'phase_set09', 'variant09','callset02');
INSERT INTO allele_call(id, genotype, genotype_likelihood, phase_set, variant_id, call_set_id) VALUES('allele_0210', '-'  , 1, 'phase_set10', 'variant10','callset02');
INSERT INTO allele_call(id, genotype, genotype_likelihood, phase_set, variant_id, call_set_id) VALUES('allele_0211', '-'  , 1, 'phase_set11', 'variant11','callset02');
INSERT INTO allele_call(id, genotype, genotype_likelihood, phase_set, variant_id, call_set_id) VALUES('allele_0212', '-'  , 1, 'phase_set12', 'variant12','callset02');
INSERT INTO allele_call(id, genotype, genotype_likelihood, phase_set, variant_id, call_set_id) VALUES('allele_0213', '-'  , 1, 'phase_set13', 'variant13','callset02');
INSERT INTO allele_call(id, genotype, genotype_likelihood, phase_set, variant_id, call_set_id) VALUES('allele_0214', 'G/T', 1, 'phase_set14', 'variant14','callset02');
INSERT INTO allele_call(id, genotype, genotype_likelihood, phase_set, variant_id, call_set_id) VALUES('allele_0215', 'T'  , 1, 'phase_set15', 'variant15','callset02');
INSERT INTO allele_call(id, genotype, genotype_likelihood, phase_set, variant_id, call_set_id) VALUES('allele_0216', 'C/T', 1, 'phase_set16', 'variant16','callset02');
INSERT INTO allele_call(id, genotype, genotype_likelihood, phase_set, variant_id, call_set_id) VALUES('allele_0217', 'A/G', 1, 'phase_set17', 'variant17','callset02');
INSERT INTO allele_call(id, genotype, genotype_likelihood, phase_set, variant_id, call_set_id) VALUES('allele_0218', 'G'  , 1, 'phase_set18', 'variant18','callset02');
INSERT INTO allele_call(id, genotype, genotype_likelihood, phase_set, variant_id, call_set_id) VALUES('allele_0219', 'T/A', 1, 'phase_set19', 'variant19','callset02');
INSERT INTO allele_call(id, genotype, genotype_likelihood, phase_set, variant_id, call_set_id) VALUES('allele_0220', 'T'  , 1, 'phase_set20', 'variant20','callset02');

INSERT INTO allele_call(id, genotype, genotype_likelihood, phase_set, variant_id, call_set_id) VALUES('allele_0301', 'A/C', 1, 'phase_set01', 'variant01','callset03');
INSERT INTO allele_call(id, genotype, genotype_likelihood, phase_set, variant_id, call_set_id) VALUES('allele_0302', 'C'  , 1, 'phase_set02', 'variant02','callset03');
INSERT INTO allele_call(id, genotype, genotype_likelihood, phase_set, variant_id, call_set_id) VALUES('allele_0303', 'A/C', 1, 'phase_set03', 'variant03','callset03');
INSERT INTO allele_call(id, genotype, genotype_likelihood, phase_set, variant_id, call_set_id) VALUES('allele_0304', 'G/C', 1, 'phase_set04', 'variant04','callset03');
INSERT INTO allele_call(id, genotype, genotype_likelihood, phase_set, variant_id, call_set_id) VALUES('allele_0305', 'C'  , 1, 'phase_set05', 'variant05','callset03');
INSERT INTO allele_call(id, genotype, genotype_likelihood, phase_set, variant_id, call_set_id) VALUES('allele_0306', 'A/G', 1, 'phase_set06', 'variant06','callset03');
INSERT INTO allele_call(id, genotype, genotype_likelihood, phase_set, variant_id, call_set_id) VALUES('allele_0307', 'G'  , 1, 'phase_set07', 'variant07','callset03');
INSERT INTO allele_call(id, genotype, genotype_likelihood, phase_set, variant_id, call_set_id) VALUES('allele_0308', 'G/A', 1, 'phase_set08', 'variant08','callset03');
INSERT INTO allele_call(id, genotype, genotype_likelihood, phase_set, variant_id, call_set_id) VALUES('allele_0309', 'T/A', 1, 'phase_set09', 'variant09','callset03');
INSERT INTO allele_call(id, genotype, genotype_likelihood, phase_set, variant_id, call_set_id) VALUES('allele_0310', 'C'  , 1, 'phase_set10', 'variant10','callset03');
INSERT INTO allele_call(id, genotype, genotype_likelihood, phase_set, variant_id, call_set_id) VALUES('allele_0311', 'C/G', 1, 'phase_set11', 'variant11','callset03');
INSERT INTO allele_call(id, genotype, genotype_likelihood, phase_set, variant_id, call_set_id) VALUES('allele_0312', 'A/C', 1, 'phase_set12', 'variant12','callset03');
INSERT INTO allele_call(id, genotype, genotype_likelihood, phase_set, variant_id, call_set_id) VALUES('allele_0313', 'A'  , 1, 'phase_set13', 'variant13','callset03');
INSERT INTO allele_call(id, genotype, genotype_likelihood, phase_set, variant_id, call_set_id) VALUES('allele_0314', 'G/T', 1, 'phase_set14', 'variant14','callset03');
INSERT INTO allele_call(id, genotype, genotype_likelihood, phase_set, variant_id, call_set_id) VALUES('allele_0315', 'T'  , 1, 'phase_set15', 'variant15','callset03');
INSERT INTO allele_call(id, genotype, genotype_likelihood, phase_set, variant_id, call_set_id) VALUES('allele_0316', 'C/T', 1, 'phase_set16', 'variant16','callset03');
INSERT INTO allele_call(id, genotype, genotype_likelihood, phase_set, variant_id, call_set_id) VALUES('allele_0317', 'A/G', 1, 'phase_set17', 'variant17','callset03');
INSERT INTO allele_call(id, genotype, genotype_likelihood, phase_set, variant_id, call_set_id) VALUES('allele_0318', 'G'  , 1, 'phase_set18', 'variant18','callset03');
INSERT INTO allele_call(id, genotype, genotype_likelihood, phase_set, variant_id, call_set_id) VALUES('allele_0319', 'T/A', 1, 'phase_set19', 'variant19','callset03');
INSERT INTO allele_call(id, genotype, genotype_likelihood, phase_set, variant_id, call_set_id) VALUES('allele_0320', 'T'  , 1, 'phase_set20', 'variant20','callset03');

INSERT INTO allele_call(id, genotype, genotype_likelihood, phase_set, variant_id, call_set_id) VALUES('allele_0401', 'A'  , 1, 'phase_set01', 'variant01','callset04');
INSERT INTO allele_call(id, genotype, genotype_likelihood, phase_set, variant_id, call_set_id) VALUES('allele_0402', 'C'  , 1, 'phase_set02', 'variant02','callset04');
INSERT INTO allele_call(id, genotype, genotype_likelihood, phase_set, variant_id, call_set_id) VALUES('allele_0403', 'A'  , 1, 'phase_set03', 'variant03','callset04');
INSERT INTO allele_call(id, genotype, genotype_likelihood, phase_set, variant_id, call_set_id) VALUES('allele_0404', 'G'  , 1, 'phase_set04', 'variant04','callset04');
INSERT INTO allele_call(id, genotype, genotype_likelihood, phase_set, variant_id, call_set_id) VALUES('allele_0405', 'C'  , 1, 'phase_set05', 'variant05','callset04');
INSERT INTO allele_call(id, genotype, genotype_likelihood, phase_set, variant_id, call_set_id) VALUES('allele_0406', 'A'  , 1, 'phase_set06', 'variant06','callset04');
INSERT INTO allele_call(id, genotype, genotype_likelihood, phase_set, variant_id, call_set_id) VALUES('allele_0407', 'G'  , 1, 'phase_set07', 'variant07','callset04');
INSERT INTO allele_call(id, genotype, genotype_likelihood, phase_set, variant_id, call_set_id) VALUES('allele_0408', 'G'  , 1, 'phase_set08', 'variant08','callset04');
INSERT INTO allele_call(id, genotype, genotype_likelihood, phase_set, variant_id, call_set_id) VALUES('allele_0409', 'T'  , 1, 'phase_set09', 'variant09','callset04');
INSERT INTO allele_call(id, genotype, genotype_likelihood, phase_set, variant_id, call_set_id) VALUES('allele_0410', 'C'  , 1, 'phase_set10', 'variant10','callset04');
INSERT INTO allele_call(id, genotype, genotype_likelihood, phase_set, variant_id, call_set_id) VALUES('allele_0411', 'G'  , 1, 'phase_set11', 'variant11','callset04');
INSERT INTO allele_call(id, genotype, genotype_likelihood, phase_set, variant_id, call_set_id) VALUES('allele_0412', 'C'  , 1, 'phase_set12', 'variant12','callset04');
INSERT INTO allele_call(id, genotype, genotype_likelihood, phase_set, variant_id, call_set_id) VALUES('allele_0413', 'A'  , 1, 'phase_set13', 'variant13','callset04');
INSERT INTO allele_call(id, genotype, genotype_likelihood, phase_set, variant_id, call_set_id) VALUES('allele_0414', 'G'  , 1, 'phase_set14', 'variant14','callset04');
INSERT INTO allele_call(id, genotype, genotype_likelihood, phase_set, variant_id, call_set_id) VALUES('allele_0415', 'T'  , 1, 'phase_set15', 'variant15','callset04');
INSERT INTO allele_call(id, genotype, genotype_likelihood, phase_set, variant_id, call_set_id) VALUES('allele_0416', 'C'  , 1, 'phase_set16', 'variant16','callset04');
INSERT INTO allele_call(id, genotype, genotype_likelihood, phase_set, variant_id, call_set_id) VALUES('allele_0417', 'A'  , 1, 'phase_set17', 'variant17','callset04');
INSERT INTO allele_call(id, genotype, genotype_likelihood, phase_set, variant_id, call_set_id) VALUES('allele_0418', 'G'  , 1, 'phase_set18', 'variant18','callset04');
INSERT INTO allele_call(id, genotype, genotype_likelihood, phase_set, variant_id, call_set_id) VALUES('allele_0419', 'T'  , 1, 'phase_set19', 'variant19','callset04');
INSERT INTO allele_call(id, genotype, genotype_likelihood, phase_set, variant_id, call_set_id) VALUES('allele_0420', 'T'  , 1, 'phase_set20', 'variant20','callset04');

INSERT INTO allele_call(id, genotype, genotype_likelihood, phase_set, variant_id, call_set_id) VALUES('allele_0501', 'A/C', 1, 'phase_set01', 'variant01','callset05');
INSERT INTO allele_call(id, genotype, genotype_likelihood, phase_set, variant_id, call_set_id) VALUES('allele_0502', 'C'  , 1, 'phase_set02', 'variant02','callset05');
INSERT INTO allele_call(id, genotype, genotype_likelihood, phase_set, variant_id, call_set_id) VALUES('allele_0503', 'A/C', 1, 'phase_set03', 'variant03','callset05');
INSERT INTO allele_call(id, genotype, genotype_likelihood, phase_set, variant_id, call_set_id) VALUES('allele_0504', 'G/C', 1, 'phase_set04', 'variant04','callset05');
INSERT INTO allele_call(id, genotype, genotype_likelihood, phase_set, variant_id, call_set_id) VALUES('allele_0505', 'C'  , 1, 'phase_set05', 'variant05','callset05');
INSERT INTO allele_call(id, genotype, genotype_likelihood, phase_set, variant_id, call_set_id) VALUES('allele_0506', 'A/G', 1, 'phase_set06', 'variant06','callset05');
INSERT INTO allele_call(id, genotype, genotype_likelihood, phase_set, variant_id, call_set_id) VALUES('allele_0507', 'G'  , 1, 'phase_set07', 'variant07','callset05');
INSERT INTO allele_call(id, genotype, genotype_likelihood, phase_set, variant_id, call_set_id) VALUES('allele_0508', 'G/A', 1, 'phase_set08', 'variant08','callset05');
INSERT INTO allele_call(id, genotype, genotype_likelihood, phase_set, variant_id, call_set_id) VALUES('allele_0509', 'T/A', 1, 'phase_set09', 'variant09','callset05');
INSERT INTO allele_call(id, genotype, genotype_likelihood, phase_set, variant_id, call_set_id) VALUES('allele_0510', 'C'  , 1, 'phase_set10', 'variant10','callset05');
INSERT INTO allele_call(id, genotype, genotype_likelihood, phase_set, variant_id, call_set_id) VALUES('allele_0511', 'C/G', 1, 'phase_set11', 'variant11','callset05');
INSERT INTO allele_call(id, genotype, genotype_likelihood, phase_set, variant_id, call_set_id) VALUES('allele_0512', 'A/C', 1, 'phase_set12', 'variant12','callset05');
INSERT INTO allele_call(id, genotype, genotype_likelihood, phase_set, variant_id, call_set_id) VALUES('allele_0513', 'A'  , 1, 'phase_set13', 'variant13','callset05');
INSERT INTO allele_call(id, genotype, genotype_likelihood, phase_set, variant_id, call_set_id) VALUES('allele_0514', 'G/T', 1, 'phase_set14', 'variant14','callset05');
INSERT INTO allele_call(id, genotype, genotype_likelihood, phase_set, variant_id, call_set_id) VALUES('allele_0515', 'T'  , 1, 'phase_set15', 'variant15','callset05');
INSERT INTO allele_call(id, genotype, genotype_likelihood, phase_set, variant_id, call_set_id) VALUES('allele_0516', 'C/T', 1, 'phase_set16', 'variant16','callset05');
INSERT INTO allele_call(id, genotype, genotype_likelihood, phase_set, variant_id, call_set_id) VALUES('allele_0517', 'A/G', 1, 'phase_set17', 'variant17','callset05');
INSERT INTO allele_call(id, genotype, genotype_likelihood, phase_set, variant_id, call_set_id) VALUES('allele_0518', 'G'  , 1, 'phase_set18', 'variant18','callset05');
INSERT INTO allele_call(id, genotype, genotype_likelihood, phase_set, variant_id, call_set_id) VALUES('allele_0519', 'T/A', 1, 'phase_set19', 'variant19','callset05');
INSERT INTO allele_call(id, genotype, genotype_likelihood, phase_set, variant_id, call_set_id) VALUES('allele_0520', 'T'  , 1, 'phase_set20', 'variant20','callset05');

INSERT INTO allele_call(id, genotype, genotype_likelihood, phase_set, variant_id, call_set_id) VALUES('allele_0601', 'C'  , 1, 'phase_set01', 'variant01','callset06');
INSERT INTO allele_call(id, genotype, genotype_likelihood, phase_set, variant_id, call_set_id) VALUES('allele_0602', 'C'  , 1, 'phase_set02', 'variant02','callset06');
INSERT INTO allele_call(id, genotype, genotype_likelihood, phase_set, variant_id, call_set_id) VALUES('allele_0603', 'A/C', 1, 'phase_set03', 'variant03','callset06');
INSERT INTO allele_call(id, genotype, genotype_likelihood, phase_set, variant_id, call_set_id) VALUES('allele_0604', 'G/C', 1, 'phase_set04', 'variant04','callset06');
INSERT INTO allele_call(id, genotype, genotype_likelihood, phase_set, variant_id, call_set_id) VALUES('allele_0605', 'C'  , 1, 'phase_set05', 'variant05','callset06');
INSERT INTO allele_call(id, genotype, genotype_likelihood, phase_set, variant_id, call_set_id) VALUES('allele_0606', 'A/G', 1, 'phase_set06', 'variant06','callset06');
INSERT INTO allele_call(id, genotype, genotype_likelihood, phase_set, variant_id, call_set_id) VALUES('allele_0607', 'G'  , 1, 'phase_set07', 'variant07','callset06');
INSERT INTO allele_call(id, genotype, genotype_likelihood, phase_set, variant_id, call_set_id) VALUES('allele_0608', 'G/A', 1, 'phase_set08', 'variant08','callset06');
INSERT INTO allele_call(id, genotype, genotype_likelihood, phase_set, variant_id, call_set_id) VALUES('allele_0609', 'T/A', 1, 'phase_set09', 'variant09','callset06');
INSERT INTO allele_call(id, genotype, genotype_likelihood, phase_set, variant_id, call_set_id) VALUES('allele_0610', 'C'  , 1, 'phase_set10', 'variant10','callset06');
INSERT INTO allele_call(id, genotype, genotype_likelihood, phase_set, variant_id, call_set_id) VALUES('allele_0611', 'C/G', 1, 'phase_set11', 'variant11','callset06');
INSERT INTO allele_call(id, genotype, genotype_likelihood, phase_set, variant_id, call_set_id) VALUES('allele_0612', '-'  , 1, 'phase_set12', 'variant12','callset06');
INSERT INTO allele_call(id, genotype, genotype_likelihood, phase_set, variant_id, call_set_id) VALUES('allele_0613', 'A'  , 1, 'phase_set13', 'variant13','callset06');
INSERT INTO allele_call(id, genotype, genotype_likelihood, phase_set, variant_id, call_set_id) VALUES('allele_0614', 'G/T', 1, 'phase_set14', 'variant14','callset06');
INSERT INTO allele_call(id, genotype, genotype_likelihood, phase_set, variant_id, call_set_id) VALUES('allele_0615', 'T'  , 1, 'phase_set15', 'variant15','callset06');
INSERT INTO allele_call(id, genotype, genotype_likelihood, phase_set, variant_id, call_set_id) VALUES('allele_0616', 'C/T', 1, 'phase_set16', 'variant16','callset06');
INSERT INTO allele_call(id, genotype, genotype_likelihood, phase_set, variant_id, call_set_id) VALUES('allele_0617', 'A/G', 1, 'phase_set17', 'variant17','callset06');
INSERT INTO allele_call(id, genotype, genotype_likelihood, phase_set, variant_id, call_set_id) VALUES('allele_0618', 'G'  , 1, 'phase_set18', 'variant18','callset06');
INSERT INTO allele_call(id, genotype, genotype_likelihood, phase_set, variant_id, call_set_id) VALUES('allele_0619', 'T/A', 1, 'phase_set19', 'variant19','callset06');
INSERT INTO allele_call(id, genotype, genotype_likelihood, phase_set, variant_id, call_set_id) VALUES('allele_0620', 'T'  , 1, 'phase_set20', 'variant20','callset06');

INSERT INTO allele_call(id, genotype, genotype_likelihood, phase_set, variant_id, call_set_id) VALUES('allele_0701', 'A/C', 1, 'phase_set01', 'variant01','callset07');
INSERT INTO allele_call(id, genotype, genotype_likelihood, phase_set, variant_id, call_set_id) VALUES('allele_0702', 'C/T', 1, 'phase_set02', 'variant02','callset07');
INSERT INTO allele_call(id, genotype, genotype_likelihood, phase_set, variant_id, call_set_id) VALUES('allele_0703', 'A'  , 1, 'phase_set03', 'variant03','callset07');
INSERT INTO allele_call(id, genotype, genotype_likelihood, phase_set, variant_id, call_set_id) VALUES('allele_0704', 'G/C', 1, 'phase_set04', 'variant04','callset07');
INSERT INTO allele_call(id, genotype, genotype_likelihood, phase_set, variant_id, call_set_id) VALUES('allele_0705', 'G'  , 1, 'phase_set05', 'variant05','callset07');
INSERT INTO allele_call(id, genotype, genotype_likelihood, phase_set, variant_id, call_set_id) VALUES('allele_0706', 'A'  , 1, 'phase_set06', 'variant06','callset07');
INSERT INTO allele_call(id, genotype, genotype_likelihood, phase_set, variant_id, call_set_id) VALUES('allele_0707', 'G/A', 1, 'phase_set07', 'variant07','callset07');
INSERT INTO allele_call(id, genotype, genotype_likelihood, phase_set, variant_id, call_set_id) VALUES('allele_0708', 'G/A', 1, 'phase_set08', 'variant08','callset07');
INSERT INTO allele_call(id, genotype, genotype_likelihood, phase_set, variant_id, call_set_id) VALUES('allele_0709', 'T/A', 1, 'phase_set09', 'variant09','callset07');
INSERT INTO allele_call(id, genotype, genotype_likelihood, phase_set, variant_id, call_set_id) VALUES('allele_0710', 'G'  , 1, 'phase_set10', 'variant10','callset07');
INSERT INTO allele_call(id, genotype, genotype_likelihood, phase_set, variant_id, call_set_id) VALUES('allele_0711', 'C/G', 1, 'phase_set11', 'variant11','callset07');
INSERT INTO allele_call(id, genotype, genotype_likelihood, phase_set, variant_id, call_set_id) VALUES('allele_0712', 'A/C', 1, 'phase_set12', 'variant12','callset07');
INSERT INTO allele_call(id, genotype, genotype_likelihood, phase_set, variant_id, call_set_id) VALUES('allele_0713', 'A'  , 1, 'phase_set13', 'variant13','callset07');
INSERT INTO allele_call(id, genotype, genotype_likelihood, phase_set, variant_id, call_set_id) VALUES('allele_0714', 'G/T', 1, 'phase_set14', 'variant14','callset07');
INSERT INTO allele_call(id, genotype, genotype_likelihood, phase_set, variant_id, call_set_id) VALUES('allele_0715', 'T'  , 1, 'phase_set15', 'variant15','callset07');
INSERT INTO allele_call(id, genotype, genotype_likelihood, phase_set, variant_id, call_set_id) VALUES('allele_0716', 'C/T', 1, 'phase_set16', 'variant16','callset07');
INSERT INTO allele_call(id, genotype, genotype_likelihood, phase_set, variant_id, call_set_id) VALUES('allele_0717', 'A'  , 1, 'phase_set17', 'variant17','callset07');
INSERT INTO allele_call(id, genotype, genotype_likelihood, phase_set, variant_id, call_set_id) VALUES('allele_0718', 'G'  , 1, 'phase_set18', 'variant18','callset07');
INSERT INTO allele_call(id, genotype, genotype_likelihood, phase_set, variant_id, call_set_id) VALUES('allele_0719', 'T/A', 1, 'phase_set19', 'variant19','callset07');
INSERT INTO allele_call(id, genotype, genotype_likelihood, phase_set, variant_id, call_set_id) VALUES('allele_0720', 'T'  , 1, 'phase_set20', 'variant20','callset07');

INSERT INTO allele_call(id, genotype, genotype_likelihood, phase_set, variant_id, call_set_id) VALUES('allele_0801', '-'  , 1, 'phase_set01', 'variant01','callset08');
INSERT INTO allele_call(id, genotype, genotype_likelihood, phase_set, variant_id, call_set_id) VALUES('allele_0802', '-'  , 1, 'phase_set02', 'variant02','callset08');
INSERT INTO allele_call(id, genotype, genotype_likelihood, phase_set, variant_id, call_set_id) VALUES('allele_0803', '-'  , 1, 'phase_set03', 'variant03','callset08');
INSERT INTO allele_call(id, genotype, genotype_likelihood, phase_set, variant_id, call_set_id) VALUES('allele_0804', '-'  , 1, 'phase_set04', 'variant04','callset08');
INSERT INTO allele_call(id, genotype, genotype_likelihood, phase_set, variant_id, call_set_id) VALUES('allele_0805', '-'  , 1, 'phase_set05', 'variant05','callset08');
INSERT INTO allele_call(id, genotype, genotype_likelihood, phase_set, variant_id, call_set_id) VALUES('allele_0806', '-'  , 1, 'phase_set06', 'variant06','callset08');
INSERT INTO allele_call(id, genotype, genotype_likelihood, phase_set, variant_id, call_set_id) VALUES('allele_0807', '-'  , 1, 'phase_set07', 'variant07','callset08');
INSERT INTO allele_call(id, genotype, genotype_likelihood, phase_set, variant_id, call_set_id) VALUES('allele_0808', '-'  , 1, 'phase_set08', 'variant08','callset08');
INSERT INTO allele_call(id, genotype, genotype_likelihood, phase_set, variant_id, call_set_id) VALUES('allele_0809', '-'  , 1, 'phase_set09', 'variant09','callset08');
INSERT INTO allele_call(id, genotype, genotype_likelihood, phase_set, variant_id, call_set_id) VALUES('allele_0810', '-'  , 1, 'phase_set10', 'variant10','callset08');
INSERT INTO allele_call(id, genotype, genotype_likelihood, phase_set, variant_id, call_set_id) VALUES('allele_0811', '-'  , 1, 'phase_set11', 'variant11','callset08');
INSERT INTO allele_call(id, genotype, genotype_likelihood, phase_set, variant_id, call_set_id) VALUES('allele_0812', '-'  , 1, 'phase_set12', 'variant12','callset08');
INSERT INTO allele_call(id, genotype, genotype_likelihood, phase_set, variant_id, call_set_id) VALUES('allele_0813', '-'  , 1, 'phase_set13', 'variant13','callset08');
INSERT INTO allele_call(id, genotype, genotype_likelihood, phase_set, variant_id, call_set_id) VALUES('allele_0814', '-'  , 1, 'phase_set14', 'variant14','callset08');
INSERT INTO allele_call(id, genotype, genotype_likelihood, phase_set, variant_id, call_set_id) VALUES('allele_0815', '-'  , 1, 'phase_set15', 'variant15','callset08');
INSERT INTO allele_call(id, genotype, genotype_likelihood, phase_set, variant_id, call_set_id) VALUES('allele_0816', '-'  , 1, 'phase_set16', 'variant16','callset08');
INSERT INTO allele_call(id, genotype, genotype_likelihood, phase_set, variant_id, call_set_id) VALUES('allele_0817', '-'  , 1, 'phase_set17', 'variant17','callset08');
INSERT INTO allele_call(id, genotype, genotype_likelihood, phase_set, variant_id, call_set_id) VALUES('allele_0818', '-'  , 1, 'phase_set18', 'variant18','callset08');
INSERT INTO allele_call(id, genotype, genotype_likelihood, phase_set, variant_id, call_set_id) VALUES('allele_0819', 'T/A', 1, 'phase_set19', 'variant19','callset08');
INSERT INTO allele_call(id, genotype, genotype_likelihood, phase_set, variant_id, call_set_id) VALUES('allele_0820', 'T'  , 1, 'phase_set20', 'variant20','callset08');

INSERT INTO allele_call(id, genotype, genotype_likelihood, phase_set, variant_id, call_set_id) VALUES('allele_0901', 'A/C', 1, 'phase_set01', 'variant01','callset09');
INSERT INTO allele_call(id, genotype, genotype_likelihood, phase_set, variant_id, call_set_id) VALUES('allele_0902', 'C'  , 1, 'phase_set02', 'variant02','callset09');
INSERT INTO allele_call(id, genotype, genotype_likelihood, phase_set, variant_id, call_set_id) VALUES('allele_0903', 'A/C', 1, 'phase_set03', 'variant03','callset09');
INSERT INTO allele_call(id, genotype, genotype_likelihood, phase_set, variant_id, call_set_id) VALUES('allele_0904', 'G/C', 1, 'phase_set04', 'variant04','callset09');
INSERT INTO allele_call(id, genotype, genotype_likelihood, phase_set, variant_id, call_set_id) VALUES('allele_0905', 'C'  , 1, 'phase_set05', 'variant05','callset09');
INSERT INTO allele_call(id, genotype, genotype_likelihood, phase_set, variant_id, call_set_id) VALUES('allele_0906', 'A/G', 1, 'phase_set06', 'variant06','callset09');
INSERT INTO allele_call(id, genotype, genotype_likelihood, phase_set, variant_id, call_set_id) VALUES('allele_0907', 'G'  , 1, 'phase_set07', 'variant07','callset09');
INSERT INTO allele_call(id, genotype, genotype_likelihood, phase_set, variant_id, call_set_id) VALUES('allele_0908', 'G/A', 1, 'phase_set08', 'variant08','callset09');
INSERT INTO allele_call(id, genotype, genotype_likelihood, phase_set, variant_id, call_set_id) VALUES('allele_0909', 'T/A', 1, 'phase_set09', 'variant09','callset09');
INSERT INTO allele_call(id, genotype, genotype_likelihood, phase_set, variant_id, call_set_id) VALUES('allele_0910', 'C'  , 1, 'phase_set10', 'variant10','callset09');
INSERT INTO allele_call(id, genotype, genotype_likelihood, phase_set, variant_id, call_set_id) VALUES('allele_0911', 'C/G', 1, 'phase_set11', 'variant11','callset09');
INSERT INTO allele_call(id, genotype, genotype_likelihood, phase_set, variant_id, call_set_id) VALUES('allele_0912', 'A/C', 1, 'phase_set12', 'variant12','callset09');
INSERT INTO allele_call(id, genotype, genotype_likelihood, phase_set, variant_id, call_set_id) VALUES('allele_0913', 'A'  , 1, 'phase_set13', 'variant13','callset09');
INSERT INTO allele_call(id, genotype, genotype_likelihood, phase_set, variant_id, call_set_id) VALUES('allele_0914', 'G/T', 1, 'phase_set14', 'variant14','callset09');
INSERT INTO allele_call(id, genotype, genotype_likelihood, phase_set, variant_id, call_set_id) VALUES('allele_0915', 'T'  , 1, 'phase_set15', 'variant15','callset09');
INSERT INTO allele_call(id, genotype, genotype_likelihood, phase_set, variant_id, call_set_id) VALUES('allele_0916', 'C/T', 1, 'phase_set16', 'variant16','callset09');
INSERT INTO allele_call(id, genotype, genotype_likelihood, phase_set, variant_id, call_set_id) VALUES('allele_0917', 'A/G', 1, 'phase_set17', 'variant17','callset09');
INSERT INTO allele_call(id, genotype, genotype_likelihood, phase_set, variant_id, call_set_id) VALUES('allele_0918', 'G'  , 1, 'phase_set18', 'variant18','callset09');
INSERT INTO allele_call(id, genotype, genotype_likelihood, phase_set, variant_id, call_set_id) VALUES('allele_0919', 'T/A', 1, 'phase_set19', 'variant19','callset09');
INSERT INTO allele_call(id, genotype, genotype_likelihood, phase_set, variant_id, call_set_id) VALUES('allele_0920', 'T'  , 1, 'phase_set20', 'variant20','callset09');

INSERT INTO allele_call(id, genotype, genotype_likelihood, phase_set, variant_id, call_set_id) VALUES('allele_1001', 'A/C', 1, 'phase_set01', 'variant01','callset10');
INSERT INTO allele_call(id, genotype, genotype_likelihood, phase_set, variant_id, call_set_id) VALUES('allele_1002', 'C'  , 1, 'phase_set02', 'variant02','callset10');
INSERT INTO allele_call(id, genotype, genotype_likelihood, phase_set, variant_id, call_set_id) VALUES('allele_1003', 'A/C', 1, 'phase_set03', 'variant03','callset10');
INSERT INTO allele_call(id, genotype, genotype_likelihood, phase_set, variant_id, call_set_id) VALUES('allele_1004', 'G/C', 1, 'phase_set04', 'variant04','callset10');
INSERT INTO allele_call(id, genotype, genotype_likelihood, phase_set, variant_id, call_set_id) VALUES('allele_1005', 'C'  , 1, 'phase_set05', 'variant05','callset10');
INSERT INTO allele_call(id, genotype, genotype_likelihood, phase_set, variant_id, call_set_id) VALUES('allele_1006', 'A/G', 1, 'phase_set06', 'variant06','callset10');
INSERT INTO allele_call(id, genotype, genotype_likelihood, phase_set, variant_id, call_set_id) VALUES('allele_1007', 'G'  , 1, 'phase_set07', 'variant07','callset10');
INSERT INTO allele_call(id, genotype, genotype_likelihood, phase_set, variant_id, call_set_id) VALUES('allele_1008', 'G/A', 1, 'phase_set08', 'variant08','callset10');
INSERT INTO allele_call(id, genotype, genotype_likelihood, phase_set, variant_id, call_set_id) VALUES('allele_1009', 'T/A', 1, 'phase_set09', 'variant09','callset10');
INSERT INTO allele_call(id, genotype, genotype_likelihood, phase_set, variant_id, call_set_id) VALUES('allele_1010', 'C'  , 1, 'phase_set10', 'variant10','callset10');
INSERT INTO allele_call(id, genotype, genotype_likelihood, phase_set, variant_id, call_set_id) VALUES('allele_1011', 'C/G', 1, 'phase_set11', 'variant11','callset10');
INSERT INTO allele_call(id, genotype, genotype_likelihood, phase_set, variant_id, call_set_id) VALUES('allele_1012', 'A/C', 1, 'phase_set12', 'variant12','callset10');
INSERT INTO allele_call(id, genotype, genotype_likelihood, phase_set, variant_id, call_set_id) VALUES('allele_1013', 'A'  , 1, 'phase_set13', 'variant13','callset10');
INSERT INTO allele_call(id, genotype, genotype_likelihood, phase_set, variant_id, call_set_id) VALUES('allele_1014', 'G/T', 1, 'phase_set14', 'variant14','callset10');
INSERT INTO allele_call(id, genotype, genotype_likelihood, phase_set, variant_id, call_set_id) VALUES('allele_1015', 'T'  , 1, 'phase_set15', 'variant15','callset10');
INSERT INTO allele_call(id, genotype, genotype_likelihood, phase_set, variant_id, call_set_id) VALUES('allele_1016', 'C/T', 1, 'phase_set16', 'variant16','callset10');
INSERT INTO allele_call(id, genotype, genotype_likelihood, phase_set, variant_id, call_set_id) VALUES('allele_1017', 'A/G', 1, 'phase_set17', 'variant17','callset10');
INSERT INTO allele_call(id, genotype, genotype_likelihood, phase_set, variant_id, call_set_id) VALUES('allele_1018', 'G'  , 1, 'phase_set18', 'variant18','callset10');
INSERT INTO allele_call(id, genotype, genotype_likelihood, phase_set, variant_id, call_set_id) VALUES('allele_1019', 'T/A', 1, 'phase_set19', 'variant19','callset10');
INSERT INTO allele_call(id, genotype, genotype_likelihood, phase_set, variant_id, call_set_id) VALUES('allele_1020', 'T'  , 1, 'phase_set20', 'variant20','callset10');

INSERT INTO allele_call(id, genotype, genotype_likelihood, phase_set, variant_id, call_set_id) VALUES('allele_1101', 'A'  , 1, 'phase_set01', 'variant01','callset11');
INSERT INTO allele_call(id, genotype, genotype_likelihood, phase_set, variant_id, call_set_id) VALUES('allele_1102', 'C'  , 1, 'phase_set02', 'variant02','callset11');
INSERT INTO allele_call(id, genotype, genotype_likelihood, phase_set, variant_id, call_set_id) VALUES('allele_1103', 'A'  , 1, 'phase_set03', 'variant03','callset11');
INSERT INTO allele_call(id, genotype, genotype_likelihood, phase_set, variant_id, call_set_id) VALUES('allele_1104', 'G'  , 1, 'phase_set04', 'variant04','callset11');
INSERT INTO allele_call(id, genotype, genotype_likelihood, phase_set, variant_id, call_set_id) VALUES('allele_1105', 'C'  , 1, 'phase_set05', 'variant05','callset11');
INSERT INTO allele_call(id, genotype, genotype_likelihood, phase_set, variant_id, call_set_id) VALUES('allele_1106', 'A'  , 1, 'phase_set06', 'variant06','callset11');
INSERT INTO allele_call(id, genotype, genotype_likelihood, phase_set, variant_id, call_set_id) VALUES('allele_1107', 'G'  , 1, 'phase_set07', 'variant07','callset11');
INSERT INTO allele_call(id, genotype, genotype_likelihood, phase_set, variant_id, call_set_id) VALUES('allele_1108', 'G'  , 1, 'phase_set08', 'variant08','callset11');
INSERT INTO allele_call(id, genotype, genotype_likelihood, phase_set, variant_id, call_set_id) VALUES('allele_1109', 'T'  , 1, 'phase_set09', 'variant09','callset11');
INSERT INTO allele_call(id, genotype, genotype_likelihood, phase_set, variant_id, call_set_id) VALUES('allele_1110', 'C'  , 1, 'phase_set10', 'variant10','callset11');
INSERT INTO allele_call(id, genotype, genotype_likelihood, phase_set, variant_id, call_set_id) VALUES('allele_1111', 'G'  , 1, 'phase_set11', 'variant11','callset11');
INSERT INTO allele_call(id, genotype, genotype_likelihood, phase_set, variant_id, call_set_id) VALUES('allele_1112', 'C'  , 1, 'phase_set12', 'variant12','callset11');
INSERT INTO allele_call(id, genotype, genotype_likelihood, phase_set, variant_id, call_set_id) VALUES('allele_1113', 'A'  , 1, 'phase_set13', 'variant13','callset11');
INSERT INTO allele_call(id, genotype, genotype_likelihood, phase_set, variant_id, call_set_id) VALUES('allele_1114', 'G'  , 1, 'phase_set14', 'variant14','callset11');
INSERT INTO allele_call(id, genotype, genotype_likelihood, phase_set, variant_id, call_set_id) VALUES('allele_1115', 'T'  , 1, 'phase_set15', 'variant15','callset11');
INSERT INTO allele_call(id, genotype, genotype_likelihood, phase_set, variant_id, call_set_id) VALUES('allele_1116', 'C'  , 1, 'phase_set16', 'variant16','callset11');
INSERT INTO allele_call(id, genotype, genotype_likelihood, phase_set, variant_id, call_set_id) VALUES('allele_1117', 'A'  , 1, 'phase_set17', 'variant17','callset11');
INSERT INTO allele_call(id, genotype, genotype_likelihood, phase_set, variant_id, call_set_id) VALUES('allele_1118', 'G'  , 1, 'phase_set18', 'variant18','callset11');
INSERT INTO allele_call(id, genotype, genotype_likelihood, phase_set, variant_id, call_set_id) VALUES('allele_1119', 'T'  , 1, 'phase_set19', 'variant19','callset11');
INSERT INTO allele_call(id, genotype, genotype_likelihood, phase_set, variant_id, call_set_id) VALUES('allele_1120', 'T'  , 1, 'phase_set20', 'variant20','callset11');

INSERT INTO allele_call(id, genotype, genotype_likelihood, phase_set, variant_id, call_set_id) VALUES('allele_1201', 'A/C', 1, 'phase_set01', 'variant01','callset12');
INSERT INTO allele_call(id, genotype, genotype_likelihood, phase_set, variant_id, call_set_id) VALUES('allele_1202', 'C'  , 1, 'phase_set02', 'variant02','callset12');
INSERT INTO allele_call(id, genotype, genotype_likelihood, phase_set, variant_id, call_set_id) VALUES('allele_1203', 'A/C', 1, 'phase_set03', 'variant03','callset12');
INSERT INTO allele_call(id, genotype, genotype_likelihood, phase_set, variant_id, call_set_id) VALUES('allele_1204', 'G/C', 1, 'phase_set04', 'variant04','callset12');
INSERT INTO allele_call(id, genotype, genotype_likelihood, phase_set, variant_id, call_set_id) VALUES('allele_1205', 'C'  , 1, 'phase_set05', 'variant05','callset12');
INSERT INTO allele_call(id, genotype, genotype_likelihood, phase_set, variant_id, call_set_id) VALUES('allele_1206', 'A/G', 1, 'phase_set06', 'variant06','callset12');
INSERT INTO allele_call(id, genotype, genotype_likelihood, phase_set, variant_id, call_set_id) VALUES('allele_1207', 'G'  , 1, 'phase_set07', 'variant07','callset12');
INSERT INTO allele_call(id, genotype, genotype_likelihood, phase_set, variant_id, call_set_id) VALUES('allele_1208', 'G/A', 1, 'phase_set08', 'variant08','callset12');
INSERT INTO allele_call(id, genotype, genotype_likelihood, phase_set, variant_id, call_set_id) VALUES('allele_1209', 'T/A', 1, 'phase_set09', 'variant09','callset12');
INSERT INTO allele_call(id, genotype, genotype_likelihood, phase_set, variant_id, call_set_id) VALUES('allele_1210', 'C'  , 1, 'phase_set10', 'variant10','callset12');
INSERT INTO allele_call(id, genotype, genotype_likelihood, phase_set, variant_id, call_set_id) VALUES('allele_1211', 'C/G', 1, 'phase_set11', 'variant11','callset12');
INSERT INTO allele_call(id, genotype, genotype_likelihood, phase_set, variant_id, call_set_id) VALUES('allele_1212', 'A/C', 1, 'phase_set12', 'variant12','callset12');
INSERT INTO allele_call(id, genotype, genotype_likelihood, phase_set, variant_id, call_set_id) VALUES('allele_1213', 'A'  , 1, 'phase_set13', 'variant13','callset12');
INSERT INTO allele_call(id, genotype, genotype_likelihood, phase_set, variant_id, call_set_id) VALUES('allele_1214', 'G/T', 1, 'phase_set14', 'variant14','callset12');
INSERT INTO allele_call(id, genotype, genotype_likelihood, phase_set, variant_id, call_set_id) VALUES('allele_1215', 'T'  , 1, 'phase_set15', 'variant15','callset12');
INSERT INTO allele_call(id, genotype, genotype_likelihood, phase_set, variant_id, call_set_id) VALUES('allele_1216', 'C/T', 1, 'phase_set16', 'variant16','callset12');
INSERT INTO allele_call(id, genotype, genotype_likelihood, phase_set, variant_id, call_set_id) VALUES('allele_1217', 'A/G', 1, 'phase_set17', 'variant17','callset12');
INSERT INTO allele_call(id, genotype, genotype_likelihood, phase_set, variant_id, call_set_id) VALUES('allele_1218', 'G'  , 1, 'phase_set18', 'variant18','callset12');
INSERT INTO allele_call(id, genotype, genotype_likelihood, phase_set, variant_id, call_set_id) VALUES('allele_1219', 'T/A', 1, 'phase_set19', 'variant19','callset12');
INSERT INTO allele_call(id, genotype, genotype_likelihood, phase_set, variant_id, call_set_id) VALUES('allele_1220', 'T'  , 1, 'phase_set20', 'variant20','callset12');

INSERT INTO allele_call(id, genotype, genotype_likelihood, phase_set, variant_id, call_set_id) VALUES('allele_1301', 'A/C', 1, 'phase_set01', 'variant01','callset13');
INSERT INTO allele_call(id, genotype, genotype_likelihood, phase_set, variant_id, call_set_id) VALUES('allele_1302', 'C'  , 1, 'phase_set02', 'variant02','callset13');
INSERT INTO allele_call(id, genotype, genotype_likelihood, phase_set, variant_id, call_set_id) VALUES('allele_1303', 'A/C', 1, 'phase_set03', 'variant03','callset13');
INSERT INTO allele_call(id, genotype, genotype_likelihood, phase_set, variant_id, call_set_id) VALUES('allele_1304', 'G/C', 1, 'phase_set04', 'variant04','callset13');
INSERT INTO allele_call(id, genotype, genotype_likelihood, phase_set, variant_id, call_set_id) VALUES('allele_1305', 'C'  , 1, 'phase_set05', 'variant05','callset13');
INSERT INTO allele_call(id, genotype, genotype_likelihood, phase_set, variant_id, call_set_id) VALUES('allele_1306', 'A/G', 1, 'phase_set06', 'variant06','callset13');
INSERT INTO allele_call(id, genotype, genotype_likelihood, phase_set, variant_id, call_set_id) VALUES('allele_1307', 'G'  , 1, 'phase_set07', 'variant07','callset13');
INSERT INTO allele_call(id, genotype, genotype_likelihood, phase_set, variant_id, call_set_id) VALUES('allele_1308', 'G/A', 1, 'phase_set08', 'variant08','callset13');
INSERT INTO allele_call(id, genotype, genotype_likelihood, phase_set, variant_id, call_set_id) VALUES('allele_1309', 'T/A', 1, 'phase_set09', 'variant09','callset13');
INSERT INTO allele_call(id, genotype, genotype_likelihood, phase_set, variant_id, call_set_id) VALUES('allele_1310', 'C'  , 1, 'phase_set10', 'variant10','callset13');
INSERT INTO allele_call(id, genotype, genotype_likelihood, phase_set, variant_id, call_set_id) VALUES('allele_1311', 'C/G', 1, 'phase_set11', 'variant11','callset13');
INSERT INTO allele_call(id, genotype, genotype_likelihood, phase_set, variant_id, call_set_id) VALUES('allele_1312', 'A/C', 1, 'phase_set12', 'variant12','callset13');
INSERT INTO allele_call(id, genotype, genotype_likelihood, phase_set, variant_id, call_set_id) VALUES('allele_1313', 'A'  , 1, 'phase_set13', 'variant13','callset13');
INSERT INTO allele_call(id, genotype, genotype_likelihood, phase_set, variant_id, call_set_id) VALUES('allele_1314', 'G/T', 1, 'phase_set14', 'variant14','callset13');
INSERT INTO allele_call(id, genotype, genotype_likelihood, phase_set, variant_id, call_set_id) VALUES('allele_1315', 'T'  , 1, 'phase_set15', 'variant15','callset13');
INSERT INTO allele_call(id, genotype, genotype_likelihood, phase_set, variant_id, call_set_id) VALUES('allele_1316', 'C/T', 1, 'phase_set16', 'variant16','callset13');
INSERT INTO allele_call(id, genotype, genotype_likelihood, phase_set, variant_id, call_set_id) VALUES('allele_1317', 'A/G', 1, 'phase_set17', 'variant17','callset13');
INSERT INTO allele_call(id, genotype, genotype_likelihood, phase_set, variant_id, call_set_id) VALUES('allele_1318', 'G'  , 1, 'phase_set18', 'variant18','callset13');
INSERT INTO allele_call(id, genotype, genotype_likelihood, phase_set, variant_id, call_set_id) VALUES('allele_1319', 'T/A', 1, 'phase_set19', 'variant19','callset13');
INSERT INTO allele_call(id, genotype, genotype_likelihood, phase_set, variant_id, call_set_id) VALUES('allele_1320', 'T'  , 1, 'phase_set20', 'variant20','callset13');


