INSERT INTO reference_set (auth_user_id, id, assemblypui, description, is_derived, md5checksum, reference_set_name, sourceuri, species_ontology_term, species_ontology_termuri, source_germplasm_id) VALUES('anonymousUser', 'reference_set1', 'doi://10.12345/fake/9876', 'This is an example description for an assembly', false, '0ba836092b9efada3a4aa72bb0eb0e04', 'The Best Assembly Ever', 'https://wiki.brapi.org/files/demo.fasta', 'sonic hedgehog', 'MGI:MGI:98297', 'germplasm1');
INSERT INTO additional_info(id, key, value) VALUES ('reference_set_ai_1', 'dummyData', decode('aced0005737200116A6176612E6C616E672E426F6F6C65616ECD207280d59cfaee0200015a000576616C7565787001','hex'));
INSERT INTO reference_set_additional_info(reference_set_entity_id, additional_info_id) VALUES ('reference_set1', 'reference_set_ai_1');

INSERT INTO reference (auth_user_id, id, length, md5checksum, reference_name, source_divergence, reference_set_id) VALUES('anonymousUser', 'reference1', 6010, '0ba836092b9efada3a4aa72bb0eb0e04', 'scaffold1', 0.01, 'reference_set1');
INSERT INTO additional_info(id, key, value) VALUES ('reference_ai_1', 'dummyData', decode('aced0005737200116A6176612E6C616E672E426F6F6C65616ECD207280d59cfaee0200015a000576616C7565787001','hex'));
INSERT INTO reference_additional_info(reference_entity_id, additional_info_id) VALUES ('reference1', 'reference_ai_1');

INSERT INTO reference_bases (auth_user_id, id, page_number, reference_id, bases) VALUES('anonymousUser', 'reference_bases1', 0, 'reference1', 'TAGGATTGAGCTCTATATTAGGATTGAGCTCTATATTAGGATTGAGCTCTATATTAGGATTGAGCTCTATATTAGGATTGAGCTCTATATTAGGATTGAGCTCTATATTAGGATTGAGCTCTATATTAGGATTGAGCTCTATATTAGGATTGAGCTCTATATTAGGATTGAGCTCTATATTAGGATTGAGCTCTATATTAGGATTGAGCTCTATATTAGGATTGAGCTCTATATTAGGATTGAGCTCTATATTAGGATTGAGCTCTATATTAGGATTGAGCTCTATATTAGGATTGAGCTCTATATTAGGATTGAGCTCTATATTAGGATTGAGCTCTATATTAGGATTGAGCTCTATATTAGGATTGAGCTCTATATTAGGATTGAGCTCTATATTAGGATTGAGCTCTATATTAGGATTGAGCTCTATATTAGGATTGAGCTCTATATTAGGATTGAGCTCTATATTAGGATTGAGCTCTATATTAGGATTGAGCTCTATATTAGGATTGAGCTCTATATTAGGATTGAGCTCTATATTAGGATTGAGCTCTATATTAGGATTGAGCTCTATATTAGGATTGAGCTCTATATTAGGATTGAGCTCTATATTAGGATTGAGCTCTATATTAGGATTGAGCTCTATATTAGGATTGAGCTCTATATTAGGATTGAGCTCTATATTAGGATTGAGCTCTATATTAGGATTGAGCTCTATATTAGGATTGAGCTCTATATTAGGATTGAGCTCTATATTAGGATTGAGCTCTATATTAGGATTGAGCTCTATATTAGGATTGAGCTCTATATTAGGATTGAGCTCTATATTAGGATTGAGCTCTATATTAGGATTGAGCTCTATATTAGGATTGAGCTCTATATTAGGATTGAGCTCTATATTAGGATTGAGCTCTATATTAGGATTGAGCTCTATATTAGGATTGAGCTCTATATTAGGATTGAGCTCTATATTAGGATTGAGCTCTATATTAGGATTGAGCTCTATATTAGGATTGAGCTCTATATTAGGATTGAGCTCTATATTAGGATTGAGCTCTATATTAGGATTGAGCTCTATATTAGGATTGAGCTCTATATTAGGATTGAGCTCTATATTAGGATTGAGCTCTATATTAGGATTGAGCTCTATATTAGGATTGAGCTCTATATTAGGATTGAGCTCTATATTAGGATTGAGCTCTATATTAGGATTGAGCTCTATATTAGGATTGAGCTCTATATTAGGATTGAGCTCTATATTAGGATTGAGCTCTATATTAGGATTGAGCTCTATATTAGGATTGAGCTCTATATTAGGATTGAGCTCTATATTAGGATTGAGCTCTATATTAGGATTGAGCTCTATATTAGGATTGAGCTCTATATTAGGATTGAGCTCTATATTAGGATTGAGCTCTATATTAGGATTGAGCTCTATATTAGGATTGAGCTCTATATTAGGATTGAGCTCTATATTAGGATTGAGCTCTATATTAGGATTGAGCTCTATATTAGGATTGAGCTCTATATTAGGATTGAGCTCTATATTAGGATTGAGCTCTATATTAGGATTGAGCTCTATATTAGGATTGAGCTCTATATTAGGATTGAGCTCTATATTAGGATTGAGCTCTATATTAGGATTGAGCTCTATATTAGGATTGAGCTCTATATTAGGATTGAGCTCTATATTAGGATTGAGCTCTATATTAGGATTGAGCTCTATATTAGGATTGAGCTCTATATTAGGATTGAGCTCTATATTAGGATTGAGCTCTATATTAGGATTGAGCTCTATATTAGGATTGAGCTCTATATTAGGATTGAGCTCTATATTAGGATTGAGCTCTATATTAGGATTGAGCTCTATATTAGGATTGAGCTCTATATTAGGATTGAGCTCTATATTAGGATTGAGCTCTATATTAGGATTGAGCTCTATATTGAGCTCTATATTAGGATTGAGCTCTATATTAGGATTGAGCTCTATATATATATAT');
INSERT INTO reference_bases (auth_user_id, id, page_number, reference_id, bases) VALUES('anonymousUser', 'reference_bases2', 1, 'reference1', 'TAGGATTGAGCTCTATATTAGGATTGAGCTCTATATTAGGATTGAGCTCTATATTAGGATTGAGCTCTATATTAGGATTGAGCTCTATATTAGGATTGAGCTCTATATTAGGATTGAGCTCTATATTAGGATTGAGCTCTATATTAGGATTGAGCTCTATATTAGGATTGAGCTCTATATTAGGATTGAGCTCTATATTAGGATTGAGCTCTATATTAGGATTGAGCTCTATATTAGGATTGAGCTCTATATTAGGATTGAGCTCTATATTAGGATTGAGCTCTATATTAGGATTGAGCTCTATATTAGGATTGAGCTCTATATTAGGATTGAGCTCTATATTAGGATTGAGCTCTATATTAGGATTGAGCTCTATATTAGGATTGAGCTCTATATTAGGATTGAGCTCTATATTAGGATTGAGCTCTATATTAGGATTGAGCTCTATATTAGGATTGAGCTCTATATTAGGATTGAGCTCTATATTAGGATTGAGCTCTATATTAGGATTGAGCTCTATATTAGGATTGAGCTCTATATTAGGATTGAGCTCTATATTAGGATTGAGCTCTATATTAGGATTGAGCTCTATATTAGGATTGAGCTCTATATTAGGATTGAGCTCTATATTAGGATTGAGCTCTATATTAGGATTGAGCTCTATATTAGGATTGAGCTCTATATTAGGATTGAGCTCTATATTAGGATTGAGCTCTATATTAGGATTGAGCTCTATATTAGGATTGAGCTCTATATTAGGATTGAGCTCTATATTAGGATTGAGCTCTATATTAGGATTGAGCTCTATATTAGGATTGAGCTCTATATTAGGATTGAGCTCTATATTAGGATTGAGCTCTATATTAGGATTGAGCTCTATATTAGGATTGAGCTCTATATTAGGATTGAGCTCTATATTAGGATTGAGCTCTATATTAGGATTGAGCTCTATATTAGGATTGAGCTCTATATTAGGATTGAGCTCTATATTAGGATTGAGCTCTATATTAGGATTGAGCTCTATATTAGGATTGAGCTCTATATTAGGATTGAGCTCTATATTAGGATTGAGCTCTATATTAGGATTGAGCTCTATATTAGGATTGAGCTCTATATTAGGATTGAGCTCTATATTAGGATTGAGCTCTATATTAGGATTGAGCTCTATATTAGGATTGAGCTCTATATTAGGATTGAGCTCTATATTAGGATTGAGCTCTATATTAGGATTGAGCTCTATATTAGGATTGAGCTCTATATTAGGATTGAGCTCTATATTAGGATTGAGCTCTATATTAGGATTGAGCTCTATATTAGGATTGAGCTCTATATTAGGATTGAGCTCTATATTAGGATTGAGCTCTATATTAGGATTGAGCTCTATATTAGGATTGAGCTCTATATTAGGATTGAGCTCTATATTAGGATTGAGCTCTATATTAGGATTGAGCTCTATATTAGGATTGAGCTCTATATTAGGATTGAGCTCTATATTAGGATTGAGCTCTATATTAGGATTGAGCTCTATATTAGGATTGAGCTCTATATTAGGATTGAGCTCTATATTAGGATTGAGCTCTATATTAGGATTGAGCTCTATATTAGGATTGAGCTCTATATTAGGATTGAGCTCTATATTAGGATTGAGCTCTATATTAGGATTGAGCTCTATATTAGGATTGAGCTCTATATTAGGATTGAGCTCTATATTAGGATTGAGCTCTATATTAGGATTGAGCTCTATATTAGGATTGAGCTCTATATTAGGATTGAGCTCTATATTAGGATTGAGCTCTATATTAGGATTGAGCTCTATATTAGGATTGAGCTCTATATTAGGATTGAGCTCTATATTAGGATTGAGCTCTATATTAGGATTGAGCTCTATATTAGGATTGAGCTCTATATTAGGATTGAGCTCTATATTAGGATTGAGCTCTATATTGAGCTCTATATTAGGATTGAGCTCTATATTAGGATTGAGCTCTATATATATATAT');
INSERT INTO reference_bases (auth_user_id, id, page_number, reference_id, bases) VALUES('anonymousUser', 'reference_bases3', 2, 'reference1', 'TAGGATTGAGCTCTATATTAGGATTGAGCTCTATATTAGGATTGAGCTCTATATTAGGATTGAGCTCTATATTAGGATTGAGCTCTATATTAGGATTGAGCTCTATATTAGGATTGAGCTCTATATTAGGATTGAGCTCTATATTAGGATTGAGCTCTATATTAGGATTGAGCTCTATATTAGGATTGAGCTCTATATTAGGATTGAGCTCTATATTAGGATTGAGCTCTATATTAGGATTGAGCTCTATATTAGGATTGAGCTCTATATTAGGATTGAGCTCTATATTAGGATTGAGCTCTATATTAGGATTGAGCTCTATATTAGGATTGAGCTCTATATTAGGATTGAGCTCTATATTAGGATTGAGCTCTATATTAGGATTGAGCTCTATATTAGGATTGAGCTCTATATTAGGATTGAGCTCTATATTAGGATTGAGCTCTATATTAGGATTGAGCTCTATATTAGGATTGAGCTCTATATTAGGATTGAGCTCTATATTAGGATTGAGCTCTATATTAGGATTGAGCTCTATATTAGGATTGAGCTCTATATTAGGATTGAGCTCTATATTAGGATTGAGCTCTATATTAGGATTGAGCTCTATATTAGGATTGAGCTCTATATTAGGATTGAGCTCTATATTAGGATTGAGCTCTATATTAGGATTGAGCTCTATATTAGGATTGAGCTCTATATTAGGATTGAGCTCTATATTAGGATTGAGCTCTATATTAGGATTGAGCTCTATATTAGGATTGAGCTCTATATTAGGATTGAGCTCTATATTAGGATTGAGCTCTATATTAGGATTGAGCTCTATATTAGGATTGAGCTCTATATTAGGATTGAGCTCTATATTAGGATTGAGCTCTATATTAGGATTGAGCTCTATATTAGGATTGAGCTCTATATTAGGATTGAGCTCTATATTAGGATTGAGCTCTATATTAGGATTGAGCTCTATATTAGGATTGAGCTCTATATTAGGATTGAGCTCTATATTAGGATTGAGCTCTATATTAGGATTGAGCTCTATATTAGGATTGAGCTCTATATTAGGATTGAGCTCTATATTAGGATTGAGCTCTATATTAGGATTGAGCTCTATATTAGGATTGAGCTCTATATTAGGATTGAGCTCTATATTAGGATTGAGCTCTATATTAGGATTGAGCTCTATATTAGGATTGAGCTCTATATTAGGATTGAGCTCTATATTAGGATTGAGCTCTATATTAGGATTGAGCTCTATATTAGGATTGAGCTCTATATTAGGATTGAGCTCTATATTAGGATTGAGCTCTATATTAGGATTGAGCTCTATATTAGGATTGAGCTCTATATTAGGATTGAGCTCTATATTAGGATTGAGCTCTATATTAGGATTGAGCTCTATATTAGGATTGAGCTCTATATTAGGATTGAGCTCTATATTAGGATTGAGCTCTATATTAGGATTGAGCTCTATATTAGGATTGAGCTCTATATTAGGATTGAGCTCTATATTAGGATTGAGCTCTATATTAGGATTGAGCTCTATATTAGGATTGAGCTCTATATTAGGATTGAGCTCTATATTAGGATTGAGCTCTATATTAGGATTGAGCTCTATATTAGGATTGAGCTCTATATTAGGATTGAGCTCTATATTAGGATTGAGCTCTATATTAGGATTGAGCTCTATATTAGGATTGAGCTCTATATTAGGATTGAGCTCTATATTAGGATTGAGCTCTATATTAGGATTGAGCTCTATATTAGGATTGAGCTCTATATTAGGATTGAGCTCTATATTAGGATTGAGCTCTATATTAGGATTGAGCTCTATATTAGGATTGAGCTCTATATTAGGATTGAGCTCTATATTAGGATTGAGCTCTATATTAGGATTGAGCTCTATATTAGGATTGAGCTCTATATTAGGATTGAGCTCTATATTGAGCTCTATATTAGGATTGAGCTCTATATTAGGATTGAGCTCTATATATATATAT');
INSERT INTO reference_bases (auth_user_id, id, page_number, reference_id, bases) VALUES('anonymousUser', 'reference_bases4', 3, 'reference1', 'GATTGAGCTC');


INSERT INTO reference_set (auth_user_id, id, assemblypui, description, is_derived, md5checksum, reference_set_name, sourceuri, species_ontology_term, species_ontology_termuri, source_germplasm_id) VALUES('anonymousUser', 'reference_set2', 'doi://10.22345/fake/9876', 'This is an example description for an assembly', false, '0ba836092b9efada3a4aa72bb0eb0e04', 'The Best Assembly Ever', 'https://wiki.brapi.org/files/demo.fasta', 'sonic hedgehog', 'MGI:MGI:98297', 'germplasm2');
INSERT INTO additional_info(id, key, value) VALUES ('reference_set_ai_2', 'dummyData', decode('aced0005737200116A6176612E6C616E672E426F6F6C65616ECD207280d59cfaee0200015a000576616C7565787001','hex'));
INSERT INTO reference_set_additional_info(reference_set_entity_id, additional_info_id) VALUES ('reference_set2', 'reference_set_ai_2');

INSERT INTO reference (auth_user_id, id, length, md5checksum, reference_name, source_divergence, reference_set_id) VALUES('anonymousUser', 'reference2', 6020, '0ba836092b9efada3a4aa72bb0eb0e04', 'scaffold2', 0.02, 'reference_set2');
INSERT INTO additional_info(id, key, value) VALUES ('reference_ai_2', 'dummyData', decode('aced0005737200116A6176612E6C616E672E426F6F6C65616ECD207280d59cfaee0200015a000576616C7565787001','hex'));
INSERT INTO reference_additional_info(reference_entity_id, additional_info_id) VALUES ('reference2', 'reference_ai_2');

INSERT INTO reference_bases (auth_user_id, id, page_number, reference_id, bases) VALUES('anonymousUser', 'reference_bases5', 0, 'reference2', 'TAGGATTGAGCTCTATATTAGGATTGAGCTCTATATTAGGATTGAGCTCTATATTAGGATTGAGCTCTATATTAGGATTGAGCTCTATATTAGGATTGAGCTCTATATTAGGATTGAGCTCTATATTAGGATTGAGCTCTATATTAGGATTGAGCTCTATATTAGGATTGAGCTCTATATTAGGATTGAGCTCTATATTAGGATTGAGCTCTATATTAGGATTGAGCTCTATATTAGGATTGAGCTCTATATTAGGATTGAGCTCTATATTAGGATTGAGCTCTATATTAGGATTGAGCTCTATATTAGGATTGAGCTCTATATTAGGATTGAGCTCTATATTAGGATTGAGCTCTATATTAGGATTGAGCTCTATATTAGGATTGAGCTCTATATTAGGATTGAGCTCTATATTAGGATTGAGCTCTATATTAGGATTGAGCTCTATATTAGGATTGAGCTCTATATTAGGATTGAGCTCTATATTAGGATTGAGCTCTATATTAGGATTGAGCTCTATATTAGGATTGAGCTCTATATTAGGATTGAGCTCTATATTAGGATTGAGCTCTATATTAGGATTGAGCTCTATATTAGGATTGAGCTCTATATTAGGATTGAGCTCTATATTAGGATTGAGCTCTATATTAGGATTGAGCTCTATATTAGGATTGAGCTCTATATTAGGATTGAGCTCTATATTAGGATTGAGCTCTATATTAGGATTGAGCTCTATATTAGGATTGAGCTCTATATTAGGATTGAGCTCTATATTAGGATTGAGCTCTATATTAGGATTGAGCTCTATATTAGGATTGAGCTCTATATTAGGATTGAGCTCTATATTAGGATTGAGCTCTATATTAGGATTGAGCTCTATATTAGGATTGAGCTCTATATTAGGATTGAGCTCTATATTAGGATTGAGCTCTATATTAGGATTGAGCTCTATATTAGGATTGAGCTCTATATTAGGATTGAGCTCTATATTAGGATTGAGCTCTATATTAGGATTGAGCTCTATATTAGGATTGAGCTCTATATTAGGATTGAGCTCTATATTAGGATTGAGCTCTATATTAGGATTGAGCTCTATATTAGGATTGAGCTCTATATTAGGATTGAGCTCTATATTAGGATTGAGCTCTATATTAGGATTGAGCTCTATATTAGGATTGAGCTCTATATTAGGATTGAGCTCTATATTAGGATTGAGCTCTATATTAGGATTGAGCTCTATATTAGGATTGAGCTCTATATTAGGATTGAGCTCTATATTAGGATTGAGCTCTATATTAGGATTGAGCTCTATATTAGGATTGAGCTCTATATTAGGATTGAGCTCTATATTAGGATTGAGCTCTATATTAGGATTGAGCTCTATATTAGGATTGAGCTCTATATTAGGATTGAGCTCTATATTAGGATTGAGCTCTATATTAGGATTGAGCTCTATATTAGGATTGAGCTCTATATTAGGATTGAGCTCTATATTAGGATTGAGCTCTATATTAGGATTGAGCTCTATATTAGGATTGAGCTCTATATTAGGATTGAGCTCTATATTAGGATTGAGCTCTATATTAGGATTGAGCTCTATATTAGGATTGAGCTCTATATTAGGATTGAGCTCTATATTAGGATTGAGCTCTATATTAGGATTGAGCTCTATATTAGGATTGAGCTCTATATTAGGATTGAGCTCTATATTAGGATTGAGCTCTATATTAGGATTGAGCTCTATATTAGGATTGAGCTCTATATTAGGATTGAGCTCTATATTAGGATTGAGCTCTATATTAGGATTGAGCTCTATATTAGGATTGAGCTCTATATTAGGATTGAGCTCTATATTAGGATTGAGCTCTATATTAGGATTGAGCTCTATATTAGGATTGAGCTCTATATTAGGATTGAGCTCTATATTAGGATTGAGCTCTATATTGAGCTCTATATTAGGATTGAGCTCTATATTAGGATTGAGCTCTATATATATATAT');
INSERT INTO reference_bases (auth_user_id, id, page_number, reference_id, bases) VALUES('anonymousUser', 'reference_bases6', 1, 'reference2', 'TAGGATTGAGCTCTATATTAGGATTGAGCTCTATATTAGGATTGAGCTCTATATTAGGATTGAGCTCTATATTAGGATTGAGCTCTATATTAGGATTGAGCTCTATATTAGGATTGAGCTCTATATTAGGATTGAGCTCTATATTAGGATTGAGCTCTATATTAGGATTGAGCTCTATATTAGGATTGAGCTCTATATTAGGATTGAGCTCTATATTAGGATTGAGCTCTATATTAGGATTGAGCTCTATATTAGGATTGAGCTCTATATTAGGATTGAGCTCTATATTAGGATTGAGCTCTATATTAGGATTGAGCTCTATATTAGGATTGAGCTCTATATTAGGATTGAGCTCTATATTAGGATTGAGCTCTATATTAGGATTGAGCTCTATATTAGGATTGAGCTCTATATTAGGATTGAGCTCTATATTAGGATTGAGCTCTATATTAGGATTGAGCTCTATATTAGGATTGAGCTCTATATTAGGATTGAGCTCTATATTAGGATTGAGCTCTATATTAGGATTGAGCTCTATATTAGGATTGAGCTCTATATTAGGATTGAGCTCTATATTAGGATTGAGCTCTATATTAGGATTGAGCTCTATATTAGGATTGAGCTCTATATTAGGATTGAGCTCTATATTAGGATTGAGCTCTATATTAGGATTGAGCTCTATATTAGGATTGAGCTCTATATTAGGATTGAGCTCTATATTAGGATTGAGCTCTATATTAGGATTGAGCTCTATATTAGGATTGAGCTCTATATTAGGATTGAGCTCTATATTAGGATTGAGCTCTATATTAGGATTGAGCTCTATATTAGGATTGAGCTCTATATTAGGATTGAGCTCTATATTAGGATTGAGCTCTATATTAGGATTGAGCTCTATATTAGGATTGAGCTCTATATTAGGATTGAGCTCTATATTAGGATTGAGCTCTATATTAGGATTGAGCTCTATATTAGGATTGAGCTCTATATTAGGATTGAGCTCTATATTAGGATTGAGCTCTATATTAGGATTGAGCTCTATATTAGGATTGAGCTCTATATTAGGATTGAGCTCTATATTAGGATTGAGCTCTATATTAGGATTGAGCTCTATATTAGGATTGAGCTCTATATTAGGATTGAGCTCTATATTAGGATTGAGCTCTATATTAGGATTGAGCTCTATATTAGGATTGAGCTCTATATTAGGATTGAGCTCTATATTAGGATTGAGCTCTATATTAGGATTGAGCTCTATATTAGGATTGAGCTCTATATTAGGATTGAGCTCTATATTAGGATTGAGCTCTATATTAGGATTGAGCTCTATATTAGGATTGAGCTCTATATTAGGATTGAGCTCTATATTAGGATTGAGCTCTATATTAGGATTGAGCTCTATATTAGGATTGAGCTCTATATTAGGATTGAGCTCTATATTAGGATTGAGCTCTATATTAGGATTGAGCTCTATATTAGGATTGAGCTCTATATTAGGATTGAGCTCTATATTAGGATTGAGCTCTATATTAGGATTGAGCTCTATATTAGGATTGAGCTCTATATTAGGATTGAGCTCTATATTAGGATTGAGCTCTATATTAGGATTGAGCTCTATATTAGGATTGAGCTCTATATTAGGATTGAGCTCTATATTAGGATTGAGCTCTATATTAGGATTGAGCTCTATATTAGGATTGAGCTCTATATTAGGATTGAGCTCTATATTAGGATTGAGCTCTATATTAGGATTGAGCTCTATATTAGGATTGAGCTCTATATTAGGATTGAGCTCTATATTAGGATTGAGCTCTATATTAGGATTGAGCTCTATATTAGGATTGAGCTCTATATTAGGATTGAGCTCTATATTAGGATTGAGCTCTATATTAGGATTGAGCTCTATATTAGGATTGAGCTCTATATTAGGATTGAGCTCTATATTGAGCTCTATATTAGGATTGAGCTCTATATTAGGATTGAGCTCTATATATATATAT');
INSERT INTO reference_bases (auth_user_id, id, page_number, reference_id, bases) VALUES('anonymousUser', 'reference_bases7', 2, 'reference2', 'TAGGATTGAGCTCTATATTAGGATTGAGCTCTATATTAGGATTGAGCTCTATATTAGGATTGAGCTCTATATTAGGATTGAGCTCTATATTAGGATTGAGCTCTATATTAGGATTGAGCTCTATATTAGGATTGAGCTCTATATTAGGATTGAGCTCTATATTAGGATTGAGCTCTATATTAGGATTGAGCTCTATATTAGGATTGAGCTCTATATTAGGATTGAGCTCTATATTAGGATTGAGCTCTATATTAGGATTGAGCTCTATATTAGGATTGAGCTCTATATTAGGATTGAGCTCTATATTAGGATTGAGCTCTATATTAGGATTGAGCTCTATATTAGGATTGAGCTCTATATTAGGATTGAGCTCTATATTAGGATTGAGCTCTATATTAGGATTGAGCTCTATATTAGGATTGAGCTCTATATTAGGATTGAGCTCTATATTAGGATTGAGCTCTATATTAGGATTGAGCTCTATATTAGGATTGAGCTCTATATTAGGATTGAGCTCTATATTAGGATTGAGCTCTATATTAGGATTGAGCTCTATATTAGGATTGAGCTCTATATTAGGATTGAGCTCTATATTAGGATTGAGCTCTATATTAGGATTGAGCTCTATATTAGGATTGAGCTCTATATTAGGATTGAGCTCTATATTAGGATTGAGCTCTATATTAGGATTGAGCTCTATATTAGGATTGAGCTCTATATTAGGATTGAGCTCTATATTAGGATTGAGCTCTATATTAGGATTGAGCTCTATATTAGGATTGAGCTCTATATTAGGATTGAGCTCTATATTAGGATTGAGCTCTATATTAGGATTGAGCTCTATATTAGGATTGAGCTCTATATTAGGATTGAGCTCTATATTAGGATTGAGCTCTATATTAGGATTGAGCTCTATATTAGGATTGAGCTCTATATTAGGATTGAGCTCTATATTAGGATTGAGCTCTATATTAGGATTGAGCTCTATATTAGGATTGAGCTCTATATTAGGATTGAGCTCTATATTAGGATTGAGCTCTATATTAGGATTGAGCTCTATATTAGGATTGAGCTCTATATTAGGATTGAGCTCTATATTAGGATTGAGCTCTATATTAGGATTGAGCTCTATATTAGGATTGAGCTCTATATTAGGATTGAGCTCTATATTAGGATTGAGCTCTATATTAGGATTGAGCTCTATATTAGGATTGAGCTCTATATTAGGATTGAGCTCTATATTAGGATTGAGCTCTATATTAGGATTGAGCTCTATATTAGGATTGAGCTCTATATTAGGATTGAGCTCTATATTAGGATTGAGCTCTATATTAGGATTGAGCTCTATATTAGGATTGAGCTCTATATTAGGATTGAGCTCTATATTAGGATTGAGCTCTATATTAGGATTGAGCTCTATATTAGGATTGAGCTCTATATTAGGATTGAGCTCTATATTAGGATTGAGCTCTATATTAGGATTGAGCTCTATATTAGGATTGAGCTCTATATTAGGATTGAGCTCTATATTAGGATTGAGCTCTATATTAGGATTGAGCTCTATATTAGGATTGAGCTCTATATTAGGATTGAGCTCTATATTAGGATTGAGCTCTATATTAGGATTGAGCTCTATATTAGGATTGAGCTCTATATTAGGATTGAGCTCTATATTAGGATTGAGCTCTATATTAGGATTGAGCTCTATATTAGGATTGAGCTCTATATTAGGATTGAGCTCTATATTAGGATTGAGCTCTATATTAGGATTGAGCTCTATATTAGGATTGAGCTCTATATTAGGATTGAGCTCTATATTAGGATTGAGCTCTATATTAGGATTGAGCTCTATATTAGGATTGAGCTCTATATTAGGATTGAGCTCTATATTAGGATTGAGCTCTATATTAGGATTGAGCTCTATATTAGGATTGAGCTCTATATTGAGCTCTATATTAGGATTGAGCTCTATATTAGGATTGAGCTCTATATATATATAT');
INSERT INTO reference_bases (auth_user_id, id, page_number, reference_id, bases) VALUES('anonymousUser', 'reference_bases8', 3, 'reference2', 'GATTGAGCTCGATTGAGCTC');
