INSERT INTO variantset (id, variant_set_name, reference_set_id, study_id) VALUES('variantset2', 'Dummy VariantSet 2', 'reference_set2', 'study2');

INSERT INTO variantset_analysis (id, analysis_name, created, description, "type", updated, variant_set_id) VALUES('variantset_analysis2', 'Standard QC', '2019-11-23', 'This is a formal description of a QC methodology. Blah blah blah ...', 'QC', '2019-11-23', 'variantset2');
INSERT INTO variant_set_analysis_entity_software (variant_set_analysis_entity_id, software) VALUES('variantset_analysis2', 'https://github.com/fake-genotyping/QC');
INSERT INTO variantset_format (id, data_format, file_format, fileurl, variant_set_id) VALUES('variantset_format4', 4, 0, 'https://test-server.brapi.org/brapi/v2/variantsets/variantset2/calls', 'variantset2');
INSERT INTO variantset_format (id, data_format, file_format, fileurl, variant_set_id) VALUES('variantset_format5', 3, 2, 'https://test-server.brapi.org/brapi/v2/docs/sample_variantset_tsv.txt', 'variantset2');
INSERT INTO variantset_format (id, data_format, file_format, fileurl, variant_set_id) VALUES('variantset_format6', 1, 2, 'https://test-server.brapi.org/brapi/v2/docs/sample_variantset_vcf.vcf', 'variantset2');

INSERT INTO additional_info(id, key, value) VALUES ('variantset_ai_2', 'dummyData', 'True');
INSERT INTO variantset_additional_info(variant_set_entity_id, additional_info_id) VALUES ('variantset2', 'variantset_ai_2');
INSERT INTO external_reference(id, external_reference_id, external_reference_source) VALUES ('variantset_er_2', 'https://brapi.org/specification', 'BrAPI Doc');
INSERT INTO variantset_external_references(variant_set_entity_id, external_references_id) VALUES ('variantset2', 'variantset_er_2');

INSERT INTO callset (id, call_set_name, created, updated, sample_id) VALUES('callset21', 'P2', '2019-11-22', '2019-11-23', 'sample1');
INSERT INTO callset_variant_sets (call_sets_id, variant_sets_id) VALUES('callset21', 'variantset2');
INSERT INTO callset (id, call_set_name, created, updated, sample_id) VALUES('callset22', 'F1-1', '2019-11-22', '2019-11-23', 'sample2');
INSERT INTO callset_variant_sets (call_sets_id, variant_sets_id) VALUES('callset22', 'variantset2');
INSERT INTO callset (id, call_set_name, created, updated, sample_id) VALUES('callset23', 'F1-2', '2019-11-22', '2019-11-23', 'sample3');
INSERT INTO callset_variant_sets (call_sets_id, variant_sets_id) VALUES('callset23', 'variantset2');
INSERT INTO callset (id, call_set_name, created, updated, sample_id) VALUES('callset24', 'F1-3', '2019-11-22', '2019-11-23', 'sample1');
INSERT INTO callset_variant_sets (call_sets_id, variant_sets_id) VALUES('callset24', 'variantset2');
INSERT INTO callset (id, call_set_name, created, updated, sample_id) VALUES('callset25', 'F1-4', '2019-11-22', '2019-11-23', 'sample2');
INSERT INTO callset_variant_sets (call_sets_id, variant_sets_id) VALUES('callset25', 'variantset2');
INSERT INTO callset (id, call_set_name, created, updated, sample_id) VALUES('callset26', 'F1-5', '2019-11-22', '2019-11-23', 'sample3');
INSERT INTO callset_variant_sets (call_sets_id, variant_sets_id) VALUES('callset26', 'variantset2');
INSERT INTO callset (id, call_set_name, created, updated, sample_id) VALUES('callset27', 'F1-6', '2019-11-22', '2019-11-23', 'sample1');
INSERT INTO callset_variant_sets (call_sets_id, variant_sets_id) VALUES('callset27', 'variantset2');
INSERT INTO callset (id, call_set_name, created, updated, sample_id) VALUES('callset28', 'F1-7', '2019-11-22', '2019-11-23', 'sample2');
INSERT INTO callset_variant_sets (call_sets_id, variant_sets_id) VALUES('callset28', 'variantset2');
INSERT INTO callset (id, call_set_name, created, updated, sample_id) VALUES('callset29', 'F1-8', '2019-11-22', '2019-11-23', 'sample3');
INSERT INTO callset_variant_sets (call_sets_id, variant_sets_id) VALUES('callset29', 'variantset2');
INSERT INTO callset (id, call_set_name, created, updated, sample_id) VALUES('callset30', 'F1-9', '2019-11-22', '2019-11-23', 'sample1');
INSERT INTO callset_variant_sets (call_sets_id, variant_sets_id) VALUES('callset30', 'variantset2');
INSERT INTO callset (id, call_set_name, created, updated, sample_id) VALUES('callset31', 'F1-10', '2019-11-22', '2019-11-23', 'sample2');
INSERT INTO callset_variant_sets (call_sets_id, variant_sets_id) VALUES('callset31', 'variantset2');
INSERT INTO callset (id, call_set_name, created, updated, sample_id) VALUES('callset32', 'F1-11', '2019-11-22', '2019-11-23', 'sample3');
INSERT INTO callset_variant_sets (call_sets_id, variant_sets_id) VALUES('callset32', 'variantset2');
INSERT INTO callset (id, call_set_name, created, updated, sample_id) VALUES('callset33', 'F1-12', '2019-11-22', '2019-11-23', 'sample1');

INSERT INTO variant (id, variant_name, variant_set_id) VALUES('variant21', 'M1', 'variantset2');
INSERT INTO variant (id, variant_name, variant_set_id) VALUES('variant22', 'M2', 'variantset2');
INSERT INTO variant (id, variant_name, variant_set_id) VALUES('variant23', 'M3', 'variantset2');
INSERT INTO variant (id, variant_name, variant_set_id) VALUES('variant24', 'M4', 'variantset2');
INSERT INTO variant (id, variant_name, variant_set_id) VALUES('variant25', 'M5', 'variantset2');
INSERT INTO variant (id, variant_name, variant_set_id) VALUES('variant26', 'M6', 'variantset2');
INSERT INTO variant (id, variant_name, variant_set_id) VALUES('variant27', 'M7', 'variantset2');
INSERT INTO variant (id, variant_name, variant_set_id) VALUES('variant28', 'M8', 'variantset2');
INSERT INTO variant (id, variant_name, variant_set_id) VALUES('variant29', 'M9', 'variantset2');
INSERT INTO variant (id, variant_name, variant_set_id) VALUES('variant30', 'M10', 'variantset2');
INSERT INTO variant (id, variant_name, variant_set_id) VALUES('variant31', 'M11', 'variantset2');
INSERT INTO variant (id, variant_name, variant_set_id) VALUES('variant32', 'M12', 'variantset2');
INSERT INTO variant (id, variant_name, variant_set_id) VALUES('variant33', 'M13', 'variantset2');
INSERT INTO variant (id, variant_name, variant_set_id) VALUES('variant34', 'M14', 'variantset2');
INSERT INTO variant (id, variant_name, variant_set_id) VALUES('variant35', 'M15', 'variantset2');
INSERT INTO variant (id, variant_name, variant_set_id) VALUES('variant36', 'M16', 'variantset2');
INSERT INTO variant (id, variant_name, variant_set_id) VALUES('variant37', 'M17', 'variantset2');
INSERT INTO variant (id, variant_name, variant_set_id) VALUES('variant38', 'M18', 'variantset2');
INSERT INTO variant (id, variant_name, variant_set_id) VALUES('variant39', 'M19', 'variantset2');
INSERT INTO variant (id, variant_name, variant_set_id) VALUES('variant40', 'M20', 'variantset2');


INSERT INTO allele_call(id, genotype, genotype_likelihood, phase_set, variant_id, call_set_id) VALUES('allele_2101', 'C'  , 1, 'phase_set01', 'variant21','callset21');
INSERT INTO allele_call(id, genotype, genotype_likelihood, phase_set, variant_id, call_set_id) VALUES('allele_2102', 'C'  , 1, 'phase_set02', 'variant22','callset21');
INSERT INTO allele_call(id, genotype, genotype_likelihood, phase_set, variant_id, call_set_id) VALUES('allele_2103', 'C'  , 1, 'phase_set03', 'variant23','callset21');
INSERT INTO allele_call(id, genotype, genotype_likelihood, phase_set, variant_id, call_set_id) VALUES('allele_2104', 'C'  , 1, 'phase_set04', 'variant24','callset21');
INSERT INTO allele_call(id, genotype, genotype_likelihood, phase_set, variant_id, call_set_id) VALUES('allele_2105', 'C'  , 1, 'phase_set05', 'variant25','callset21');
INSERT INTO allele_call(id, genotype, genotype_likelihood, phase_set, variant_id, call_set_id) VALUES('allele_2106', 'G'  , 1, 'phase_set06', 'variant26','callset21');
INSERT INTO allele_call(id, genotype, genotype_likelihood, phase_set, variant_id, call_set_id) VALUES('allele_2107', 'G'  , 1, 'phase_set07', 'variant27','callset21');
INSERT INTO allele_call(id, genotype, genotype_likelihood, phase_set, variant_id, call_set_id) VALUES('allele_2108', 'A'  , 1, 'phase_set08', 'variant28','callset21');
INSERT INTO allele_call(id, genotype, genotype_likelihood, phase_set, variant_id, call_set_id) VALUES('allele_2109', 'A'  , 1, 'phase_set09', 'variant29','callset21');
INSERT INTO allele_call(id, genotype, genotype_likelihood, phase_set, variant_id, call_set_id) VALUES('allele_2110', 'C'  , 1, 'phase_set10', 'variant30','callset21');
INSERT INTO allele_call(id, genotype, genotype_likelihood, phase_set, variant_id, call_set_id) VALUES('allele_2111', 'C'  , 1, 'phase_set11', 'variant31','callset21');
INSERT INTO allele_call(id, genotype, genotype_likelihood, phase_set, variant_id, call_set_id) VALUES('allele_2112', 'A'  , 1, 'phase_set12', 'variant32','callset21');
INSERT INTO allele_call(id, genotype, genotype_likelihood, phase_set, variant_id, call_set_id) VALUES('allele_2113', 'A'  , 1, 'phase_set13', 'variant33','callset21');
INSERT INTO allele_call(id, genotype, genotype_likelihood, phase_set, variant_id, call_set_id) VALUES('allele_2114', 'T'  , 1, 'phase_set14', 'variant34','callset21');
INSERT INTO allele_call(id, genotype, genotype_likelihood, phase_set, variant_id, call_set_id) VALUES('allele_2115', 'T'  , 1, 'phase_set15', 'variant35','callset21');
INSERT INTO allele_call(id, genotype, genotype_likelihood, phase_set, variant_id, call_set_id) VALUES('allele_2116', 'T'  , 1, 'phase_set16', 'variant36','callset21');
INSERT INTO allele_call(id, genotype, genotype_likelihood, phase_set, variant_id, call_set_id) VALUES('allele_2117', 'G'  , 1, 'phase_set17', 'variant37','callset21');
INSERT INTO allele_call(id, genotype, genotype_likelihood, phase_set, variant_id, call_set_id) VALUES('allele_2118', 'G'  , 1, 'phase_set18', 'variant38','callset21');
INSERT INTO allele_call(id, genotype, genotype_likelihood, phase_set, variant_id, call_set_id) VALUES('allele_2119', 'A'  , 1, 'phase_set19', 'variant39','callset21');
INSERT INTO allele_call(id, genotype, genotype_likelihood, phase_set, variant_id, call_set_id) VALUES('allele_2120', 'T'  , 1, 'phase_set20', 'variant40','callset21');

INSERT INTO allele_call(id, genotype, genotype_likelihood, phase_set, variant_id, call_set_id) VALUES('allele_2201', 'A/C', 1, 'phase_set01', 'variant21','callset22');
INSERT INTO allele_call(id, genotype, genotype_likelihood, phase_set, variant_id, call_set_id) VALUES('allele_2202', 'C'  , 1, 'phase_set02', 'variant22','callset22');
INSERT INTO allele_call(id, genotype, genotype_likelihood, phase_set, variant_id, call_set_id) VALUES('allele_2203', '-'  , 1, 'phase_set03', 'variant23','callset22');
INSERT INTO allele_call(id, genotype, genotype_likelihood, phase_set, variant_id, call_set_id) VALUES('allele_2204', '-'  , 1, 'phase_set04', 'variant24','callset22');
INSERT INTO allele_call(id, genotype, genotype_likelihood, phase_set, variant_id, call_set_id) VALUES('allele_2205', '-'  , 1, 'phase_set05', 'variant25','callset22');
INSERT INTO allele_call(id, genotype, genotype_likelihood, phase_set, variant_id, call_set_id) VALUES('allele_2206', '-'  , 1, 'phase_set06', 'variant26','callset22');
INSERT INTO allele_call(id, genotype, genotype_likelihood, phase_set, variant_id, call_set_id) VALUES('allele_2207', '-'  , 1, 'phase_set07', 'variant27','callset22');
INSERT INTO allele_call(id, genotype, genotype_likelihood, phase_set, variant_id, call_set_id) VALUES('allele_2208', '-'  , 1, 'phase_set08', 'variant28','callset22');
INSERT INTO allele_call(id, genotype, genotype_likelihood, phase_set, variant_id, call_set_id) VALUES('allele_2209', '-'  , 1, 'phase_set09', 'variant29','callset22');
INSERT INTO allele_call(id, genotype, genotype_likelihood, phase_set, variant_id, call_set_id) VALUES('allele_2210', '-'  , 1, 'phase_set10', 'variant30','callset22');
INSERT INTO allele_call(id, genotype, genotype_likelihood, phase_set, variant_id, call_set_id) VALUES('allele_2211', '-'  , 1, 'phase_set11', 'variant31','callset22');
INSERT INTO allele_call(id, genotype, genotype_likelihood, phase_set, variant_id, call_set_id) VALUES('allele_2212', '-'  , 1, 'phase_set12', 'variant32','callset22');
INSERT INTO allele_call(id, genotype, genotype_likelihood, phase_set, variant_id, call_set_id) VALUES('allele_2213', '-'  , 1, 'phase_set13', 'variant33','callset22');
INSERT INTO allele_call(id, genotype, genotype_likelihood, phase_set, variant_id, call_set_id) VALUES('allele_2214', 'G/T', 1, 'phase_set14', 'variant34','callset22');
INSERT INTO allele_call(id, genotype, genotype_likelihood, phase_set, variant_id, call_set_id) VALUES('allele_2215', 'T'  , 1, 'phase_set15', 'variant35','callset22');
INSERT INTO allele_call(id, genotype, genotype_likelihood, phase_set, variant_id, call_set_id) VALUES('allele_2216', 'C/T', 1, 'phase_set16', 'variant36','callset22');
INSERT INTO allele_call(id, genotype, genotype_likelihood, phase_set, variant_id, call_set_id) VALUES('allele_2217', 'A/G', 1, 'phase_set17', 'variant37','callset22');
INSERT INTO allele_call(id, genotype, genotype_likelihood, phase_set, variant_id, call_set_id) VALUES('allele_2218', 'G'  , 1, 'phase_set18', 'variant38','callset22');
INSERT INTO allele_call(id, genotype, genotype_likelihood, phase_set, variant_id, call_set_id) VALUES('allele_2219', 'T/A', 1, 'phase_set19', 'variant39','callset22');
INSERT INTO allele_call(id, genotype, genotype_likelihood, phase_set, variant_id, call_set_id) VALUES('allele_2220', 'T'  , 1, 'phase_set20', 'variant40','callset22');

INSERT INTO allele_call(id, genotype, genotype_likelihood, phase_set, variant_id, call_set_id) VALUES('allele_2301', 'A/C', 1, 'phase_set01', 'variant21','callset23');
INSERT INTO allele_call(id, genotype, genotype_likelihood, phase_set, variant_id, call_set_id) VALUES('allele_2302', 'C'  , 1, 'phase_set02', 'variant22','callset23');
INSERT INTO allele_call(id, genotype, genotype_likelihood, phase_set, variant_id, call_set_id) VALUES('allele_2303', 'A/C', 1, 'phase_set03', 'variant23','callset23');
INSERT INTO allele_call(id, genotype, genotype_likelihood, phase_set, variant_id, call_set_id) VALUES('allele_2304', 'G/C', 1, 'phase_set04', 'variant24','callset23');
INSERT INTO allele_call(id, genotype, genotype_likelihood, phase_set, variant_id, call_set_id) VALUES('allele_2305', 'C'  , 1, 'phase_set05', 'variant25','callset23');
INSERT INTO allele_call(id, genotype, genotype_likelihood, phase_set, variant_id, call_set_id) VALUES('allele_2306', 'A/G', 1, 'phase_set06', 'variant26','callset23');
INSERT INTO allele_call(id, genotype, genotype_likelihood, phase_set, variant_id, call_set_id) VALUES('allele_2307', 'G'  , 1, 'phase_set07', 'variant27','callset23');
INSERT INTO allele_call(id, genotype, genotype_likelihood, phase_set, variant_id, call_set_id) VALUES('allele_2308', 'G/A', 1, 'phase_set08', 'variant28','callset23');
INSERT INTO allele_call(id, genotype, genotype_likelihood, phase_set, variant_id, call_set_id) VALUES('allele_2309', 'T/A', 1, 'phase_set09', 'variant29','callset23');
INSERT INTO allele_call(id, genotype, genotype_likelihood, phase_set, variant_id, call_set_id) VALUES('allele_2310', 'C'  , 1, 'phase_set10', 'variant30','callset23');
INSERT INTO allele_call(id, genotype, genotype_likelihood, phase_set, variant_id, call_set_id) VALUES('allele_2311', 'C/G', 1, 'phase_set11', 'variant31','callset23');
INSERT INTO allele_call(id, genotype, genotype_likelihood, phase_set, variant_id, call_set_id) VALUES('allele_2312', 'A/C', 1, 'phase_set12', 'variant32','callset23');
INSERT INTO allele_call(id, genotype, genotype_likelihood, phase_set, variant_id, call_set_id) VALUES('allele_2313', 'A'  , 1, 'phase_set13', 'variant33','callset23');
INSERT INTO allele_call(id, genotype, genotype_likelihood, phase_set, variant_id, call_set_id) VALUES('allele_2314', 'G/T', 1, 'phase_set14', 'variant34','callset23');
INSERT INTO allele_call(id, genotype, genotype_likelihood, phase_set, variant_id, call_set_id) VALUES('allele_2315', 'T'  , 1, 'phase_set15', 'variant35','callset23');
INSERT INTO allele_call(id, genotype, genotype_likelihood, phase_set, variant_id, call_set_id) VALUES('allele_2316', 'C/T', 1, 'phase_set16', 'variant36','callset23');
INSERT INTO allele_call(id, genotype, genotype_likelihood, phase_set, variant_id, call_set_id) VALUES('allele_2317', 'A/G', 1, 'phase_set17', 'variant37','callset23');
INSERT INTO allele_call(id, genotype, genotype_likelihood, phase_set, variant_id, call_set_id) VALUES('allele_2318', 'G'  , 1, 'phase_set18', 'variant38','callset23');
INSERT INTO allele_call(id, genotype, genotype_likelihood, phase_set, variant_id, call_set_id) VALUES('allele_2319', 'T/A', 1, 'phase_set19', 'variant39','callset23');
INSERT INTO allele_call(id, genotype, genotype_likelihood, phase_set, variant_id, call_set_id) VALUES('allele_2320', 'T'  , 1, 'phase_set20', 'variant40','callset23');

INSERT INTO allele_call(id, genotype, genotype_likelihood, phase_set, variant_id, call_set_id) VALUES('allele_2401', 'A'  , 1, 'phase_set01', 'variant21','callset24');
INSERT INTO allele_call(id, genotype, genotype_likelihood, phase_set, variant_id, call_set_id) VALUES('allele_2402', 'C'  , 1, 'phase_set02', 'variant22','callset24');
INSERT INTO allele_call(id, genotype, genotype_likelihood, phase_set, variant_id, call_set_id) VALUES('allele_2403', 'A'  , 1, 'phase_set03', 'variant23','callset24');
INSERT INTO allele_call(id, genotype, genotype_likelihood, phase_set, variant_id, call_set_id) VALUES('allele_2404', 'G'  , 1, 'phase_set04', 'variant24','callset24');
INSERT INTO allele_call(id, genotype, genotype_likelihood, phase_set, variant_id, call_set_id) VALUES('allele_2405', 'C'  , 1, 'phase_set05', 'variant25','callset24');
INSERT INTO allele_call(id, genotype, genotype_likelihood, phase_set, variant_id, call_set_id) VALUES('allele_2406', 'A'  , 1, 'phase_set06', 'variant26','callset24');
INSERT INTO allele_call(id, genotype, genotype_likelihood, phase_set, variant_id, call_set_id) VALUES('allele_2407', 'G'  , 1, 'phase_set07', 'variant27','callset24');
INSERT INTO allele_call(id, genotype, genotype_likelihood, phase_set, variant_id, call_set_id) VALUES('allele_2408', 'G'  , 1, 'phase_set08', 'variant28','callset24');
INSERT INTO allele_call(id, genotype, genotype_likelihood, phase_set, variant_id, call_set_id) VALUES('allele_2409', 'T'  , 1, 'phase_set09', 'variant29','callset24');
INSERT INTO allele_call(id, genotype, genotype_likelihood, phase_set, variant_id, call_set_id) VALUES('allele_2410', 'C'  , 1, 'phase_set10', 'variant30','callset24');
INSERT INTO allele_call(id, genotype, genotype_likelihood, phase_set, variant_id, call_set_id) VALUES('allele_2411', 'G'  , 1, 'phase_set11', 'variant31','callset24');
INSERT INTO allele_call(id, genotype, genotype_likelihood, phase_set, variant_id, call_set_id) VALUES('allele_2412', 'C'  , 1, 'phase_set12', 'variant32','callset24');
INSERT INTO allele_call(id, genotype, genotype_likelihood, phase_set, variant_id, call_set_id) VALUES('allele_2413', 'A'  , 1, 'phase_set13', 'variant33','callset24');
INSERT INTO allele_call(id, genotype, genotype_likelihood, phase_set, variant_id, call_set_id) VALUES('allele_2414', 'G'  , 1, 'phase_set14', 'variant34','callset24');
INSERT INTO allele_call(id, genotype, genotype_likelihood, phase_set, variant_id, call_set_id) VALUES('allele_2415', 'T'  , 1, 'phase_set15', 'variant35','callset24');
INSERT INTO allele_call(id, genotype, genotype_likelihood, phase_set, variant_id, call_set_id) VALUES('allele_2416', 'C'  , 1, 'phase_set16', 'variant36','callset24');
INSERT INTO allele_call(id, genotype, genotype_likelihood, phase_set, variant_id, call_set_id) VALUES('allele_2417', 'A'  , 1, 'phase_set17', 'variant37','callset24');
INSERT INTO allele_call(id, genotype, genotype_likelihood, phase_set, variant_id, call_set_id) VALUES('allele_2418', 'G'  , 1, 'phase_set18', 'variant38','callset24');
INSERT INTO allele_call(id, genotype, genotype_likelihood, phase_set, variant_id, call_set_id) VALUES('allele_2419', 'T'  , 1, 'phase_set19', 'variant39','callset24');
INSERT INTO allele_call(id, genotype, genotype_likelihood, phase_set, variant_id, call_set_id) VALUES('allele_2420', 'T'  , 1, 'phase_set20', 'variant40','callset24');

INSERT INTO allele_call(id, genotype, genotype_likelihood, phase_set, variant_id, call_set_id) VALUES('allele_2501', 'A/C', 1, 'phase_set01', 'variant21','callset25');
INSERT INTO allele_call(id, genotype, genotype_likelihood, phase_set, variant_id, call_set_id) VALUES('allele_2502', 'C'  , 1, 'phase_set02', 'variant22','callset25');
INSERT INTO allele_call(id, genotype, genotype_likelihood, phase_set, variant_id, call_set_id) VALUES('allele_2503', 'A/C', 1, 'phase_set03', 'variant23','callset25');
INSERT INTO allele_call(id, genotype, genotype_likelihood, phase_set, variant_id, call_set_id) VALUES('allele_2504', 'G/C', 1, 'phase_set04', 'variant24','callset25');
INSERT INTO allele_call(id, genotype, genotype_likelihood, phase_set, variant_id, call_set_id) VALUES('allele_2505', 'C'  , 1, 'phase_set05', 'variant25','callset25');
INSERT INTO allele_call(id, genotype, genotype_likelihood, phase_set, variant_id, call_set_id) VALUES('allele_2506', 'A/G', 1, 'phase_set06', 'variant26','callset25');
INSERT INTO allele_call(id, genotype, genotype_likelihood, phase_set, variant_id, call_set_id) VALUES('allele_2507', 'G'  , 1, 'phase_set07', 'variant27','callset25');
INSERT INTO allele_call(id, genotype, genotype_likelihood, phase_set, variant_id, call_set_id) VALUES('allele_2508', 'G/A', 1, 'phase_set08', 'variant28','callset25');
INSERT INTO allele_call(id, genotype, genotype_likelihood, phase_set, variant_id, call_set_id) VALUES('allele_2509', 'T/A', 1, 'phase_set09', 'variant29','callset25');
INSERT INTO allele_call(id, genotype, genotype_likelihood, phase_set, variant_id, call_set_id) VALUES('allele_2510', 'C'  , 1, 'phase_set10', 'variant30','callset25');
INSERT INTO allele_call(id, genotype, genotype_likelihood, phase_set, variant_id, call_set_id) VALUES('allele_2511', 'C/G', 1, 'phase_set11', 'variant31','callset25');
INSERT INTO allele_call(id, genotype, genotype_likelihood, phase_set, variant_id, call_set_id) VALUES('allele_2512', 'A/C', 1, 'phase_set12', 'variant32','callset25');
INSERT INTO allele_call(id, genotype, genotype_likelihood, phase_set, variant_id, call_set_id) VALUES('allele_2513', 'A'  , 1, 'phase_set13', 'variant33','callset25');
INSERT INTO allele_call(id, genotype, genotype_likelihood, phase_set, variant_id, call_set_id) VALUES('allele_2514', 'G/T', 1, 'phase_set14', 'variant34','callset25');
INSERT INTO allele_call(id, genotype, genotype_likelihood, phase_set, variant_id, call_set_id) VALUES('allele_2515', 'T'  , 1, 'phase_set15', 'variant35','callset25');
INSERT INTO allele_call(id, genotype, genotype_likelihood, phase_set, variant_id, call_set_id) VALUES('allele_2516', 'C/T', 1, 'phase_set16', 'variant36','callset25');
INSERT INTO allele_call(id, genotype, genotype_likelihood, phase_set, variant_id, call_set_id) VALUES('allele_2517', 'A/G', 1, 'phase_set17', 'variant37','callset25');
INSERT INTO allele_call(id, genotype, genotype_likelihood, phase_set, variant_id, call_set_id) VALUES('allele_2518', 'G'  , 1, 'phase_set18', 'variant38','callset25');
INSERT INTO allele_call(id, genotype, genotype_likelihood, phase_set, variant_id, call_set_id) VALUES('allele_2519', 'T/A', 1, 'phase_set19', 'variant39','callset25');
INSERT INTO allele_call(id, genotype, genotype_likelihood, phase_set, variant_id, call_set_id) VALUES('allele_2520', 'T'  , 1, 'phase_set20', 'variant40','callset25');

INSERT INTO allele_call(id, genotype, genotype_likelihood, phase_set, variant_id, call_set_id) VALUES('allele_2601', 'C'  , 1, 'phase_set01', 'variant21','callset26');
INSERT INTO allele_call(id, genotype, genotype_likelihood, phase_set, variant_id, call_set_id) VALUES('allele_2602', 'C'  , 1, 'phase_set02', 'variant22','callset26');
INSERT INTO allele_call(id, genotype, genotype_likelihood, phase_set, variant_id, call_set_id) VALUES('allele_2603', 'A/C', 1, 'phase_set03', 'variant23','callset26');
INSERT INTO allele_call(id, genotype, genotype_likelihood, phase_set, variant_id, call_set_id) VALUES('allele_2604', 'G/C', 1, 'phase_set04', 'variant24','callset26');
INSERT INTO allele_call(id, genotype, genotype_likelihood, phase_set, variant_id, call_set_id) VALUES('allele_2605', 'C'  , 1, 'phase_set05', 'variant25','callset26');
INSERT INTO allele_call(id, genotype, genotype_likelihood, phase_set, variant_id, call_set_id) VALUES('allele_2606', 'A/G', 1, 'phase_set06', 'variant26','callset26');
INSERT INTO allele_call(id, genotype, genotype_likelihood, phase_set, variant_id, call_set_id) VALUES('allele_2607', 'G'  , 1, 'phase_set07', 'variant27','callset26');
INSERT INTO allele_call(id, genotype, genotype_likelihood, phase_set, variant_id, call_set_id) VALUES('allele_2608', 'G/A', 1, 'phase_set08', 'variant28','callset26');
INSERT INTO allele_call(id, genotype, genotype_likelihood, phase_set, variant_id, call_set_id) VALUES('allele_2609', 'T/A', 1, 'phase_set09', 'variant29','callset26');
INSERT INTO allele_call(id, genotype, genotype_likelihood, phase_set, variant_id, call_set_id) VALUES('allele_2610', 'C'  , 1, 'phase_set10', 'variant30','callset26');
INSERT INTO allele_call(id, genotype, genotype_likelihood, phase_set, variant_id, call_set_id) VALUES('allele_2611', 'C/G', 1, 'phase_set11', 'variant31','callset26');
INSERT INTO allele_call(id, genotype, genotype_likelihood, phase_set, variant_id, call_set_id) VALUES('allele_2612', '-'  , 1, 'phase_set12', 'variant32','callset26');
INSERT INTO allele_call(id, genotype, genotype_likelihood, phase_set, variant_id, call_set_id) VALUES('allele_2613', 'A'  , 1, 'phase_set13', 'variant33','callset26');
INSERT INTO allele_call(id, genotype, genotype_likelihood, phase_set, variant_id, call_set_id) VALUES('allele_2614', 'G/T', 1, 'phase_set14', 'variant34','callset26');
INSERT INTO allele_call(id, genotype, genotype_likelihood, phase_set, variant_id, call_set_id) VALUES('allele_2615', 'T'  , 1, 'phase_set15', 'variant35','callset26');
INSERT INTO allele_call(id, genotype, genotype_likelihood, phase_set, variant_id, call_set_id) VALUES('allele_2616', 'C/T', 1, 'phase_set16', 'variant36','callset26');
INSERT INTO allele_call(id, genotype, genotype_likelihood, phase_set, variant_id, call_set_id) VALUES('allele_2617', 'A/G', 1, 'phase_set17', 'variant37','callset26');
INSERT INTO allele_call(id, genotype, genotype_likelihood, phase_set, variant_id, call_set_id) VALUES('allele_2618', 'G'  , 1, 'phase_set18', 'variant38','callset26');
INSERT INTO allele_call(id, genotype, genotype_likelihood, phase_set, variant_id, call_set_id) VALUES('allele_2619', 'T/A', 1, 'phase_set19', 'variant39','callset26');
INSERT INTO allele_call(id, genotype, genotype_likelihood, phase_set, variant_id, call_set_id) VALUES('allele_2620', 'T'  , 1, 'phase_set20', 'variant40','callset26');

INSERT INTO allele_call(id, genotype, genotype_likelihood, phase_set, variant_id, call_set_id) VALUES('allele_2701', 'A/C', 1, 'phase_set01', 'variant21','callset27');
INSERT INTO allele_call(id, genotype, genotype_likelihood, phase_set, variant_id, call_set_id) VALUES('allele_2702', 'C/T', 1, 'phase_set02', 'variant22','callset27');
INSERT INTO allele_call(id, genotype, genotype_likelihood, phase_set, variant_id, call_set_id) VALUES('allele_2703', 'A'  , 1, 'phase_set03', 'variant23','callset27');
INSERT INTO allele_call(id, genotype, genotype_likelihood, phase_set, variant_id, call_set_id) VALUES('allele_2704', 'G/C', 1, 'phase_set04', 'variant24','callset27');
INSERT INTO allele_call(id, genotype, genotype_likelihood, phase_set, variant_id, call_set_id) VALUES('allele_2705', 'G'  , 1, 'phase_set05', 'variant25','callset27');
INSERT INTO allele_call(id, genotype, genotype_likelihood, phase_set, variant_id, call_set_id) VALUES('allele_2706', 'A'  , 1, 'phase_set06', 'variant26','callset27');
INSERT INTO allele_call(id, genotype, genotype_likelihood, phase_set, variant_id, call_set_id) VALUES('allele_2707', 'G/A', 1, 'phase_set07', 'variant27','callset27');
INSERT INTO allele_call(id, genotype, genotype_likelihood, phase_set, variant_id, call_set_id) VALUES('allele_2708', 'G/A', 1, 'phase_set08', 'variant28','callset27');
INSERT INTO allele_call(id, genotype, genotype_likelihood, phase_set, variant_id, call_set_id) VALUES('allele_2709', 'T/A', 1, 'phase_set09', 'variant29','callset27');
INSERT INTO allele_call(id, genotype, genotype_likelihood, phase_set, variant_id, call_set_id) VALUES('allele_2710', 'G'  , 1, 'phase_set10', 'variant30','callset27');
INSERT INTO allele_call(id, genotype, genotype_likelihood, phase_set, variant_id, call_set_id) VALUES('allele_2711', 'C/G', 1, 'phase_set11', 'variant31','callset27');
INSERT INTO allele_call(id, genotype, genotype_likelihood, phase_set, variant_id, call_set_id) VALUES('allele_2712', 'A/C', 1, 'phase_set12', 'variant32','callset27');
INSERT INTO allele_call(id, genotype, genotype_likelihood, phase_set, variant_id, call_set_id) VALUES('allele_2713', 'A'  , 1, 'phase_set13', 'variant33','callset27');
INSERT INTO allele_call(id, genotype, genotype_likelihood, phase_set, variant_id, call_set_id) VALUES('allele_2714', 'G/T', 1, 'phase_set14', 'variant34','callset27');
INSERT INTO allele_call(id, genotype, genotype_likelihood, phase_set, variant_id, call_set_id) VALUES('allele_2715', 'T'  , 1, 'phase_set15', 'variant35','callset27');
INSERT INTO allele_call(id, genotype, genotype_likelihood, phase_set, variant_id, call_set_id) VALUES('allele_2716', 'C/T', 1, 'phase_set16', 'variant36','callset27');
INSERT INTO allele_call(id, genotype, genotype_likelihood, phase_set, variant_id, call_set_id) VALUES('allele_2717', 'A'  , 1, 'phase_set17', 'variant37','callset27');
INSERT INTO allele_call(id, genotype, genotype_likelihood, phase_set, variant_id, call_set_id) VALUES('allele_2718', 'G'  , 1, 'phase_set18', 'variant38','callset27');
INSERT INTO allele_call(id, genotype, genotype_likelihood, phase_set, variant_id, call_set_id) VALUES('allele_2719', 'T/A', 1, 'phase_set19', 'variant39','callset27');
INSERT INTO allele_call(id, genotype, genotype_likelihood, phase_set, variant_id, call_set_id) VALUES('allele_2720', 'T'  , 1, 'phase_set20', 'variant40','callset27');

INSERT INTO allele_call(id, genotype, genotype_likelihood, phase_set, variant_id, call_set_id) VALUES('allele_2801', '-'  , 1, 'phase_set01', 'variant21','callset28');
INSERT INTO allele_call(id, genotype, genotype_likelihood, phase_set, variant_id, call_set_id) VALUES('allele_2802', '-'  , 1, 'phase_set02', 'variant22','callset28');
INSERT INTO allele_call(id, genotype, genotype_likelihood, phase_set, variant_id, call_set_id) VALUES('allele_2803', '-'  , 1, 'phase_set03', 'variant23','callset28');
INSERT INTO allele_call(id, genotype, genotype_likelihood, phase_set, variant_id, call_set_id) VALUES('allele_2804', '-'  , 1, 'phase_set04', 'variant24','callset28');
INSERT INTO allele_call(id, genotype, genotype_likelihood, phase_set, variant_id, call_set_id) VALUES('allele_2805', '-'  , 1, 'phase_set05', 'variant25','callset28');
INSERT INTO allele_call(id, genotype, genotype_likelihood, phase_set, variant_id, call_set_id) VALUES('allele_2806', '-'  , 1, 'phase_set06', 'variant26','callset28');
INSERT INTO allele_call(id, genotype, genotype_likelihood, phase_set, variant_id, call_set_id) VALUES('allele_2807', '-'  , 1, 'phase_set07', 'variant27','callset28');
INSERT INTO allele_call(id, genotype, genotype_likelihood, phase_set, variant_id, call_set_id) VALUES('allele_2808', '-'  , 1, 'phase_set08', 'variant28','callset28');
INSERT INTO allele_call(id, genotype, genotype_likelihood, phase_set, variant_id, call_set_id) VALUES('allele_2809', '-'  , 1, 'phase_set09', 'variant29','callset28');
INSERT INTO allele_call(id, genotype, genotype_likelihood, phase_set, variant_id, call_set_id) VALUES('allele_2810', '-'  , 1, 'phase_set10', 'variant30','callset28');
INSERT INTO allele_call(id, genotype, genotype_likelihood, phase_set, variant_id, call_set_id) VALUES('allele_2811', '-'  , 1, 'phase_set11', 'variant31','callset28');
INSERT INTO allele_call(id, genotype, genotype_likelihood, phase_set, variant_id, call_set_id) VALUES('allele_2812', '-'  , 1, 'phase_set12', 'variant32','callset28');
INSERT INTO allele_call(id, genotype, genotype_likelihood, phase_set, variant_id, call_set_id) VALUES('allele_2813', '-'  , 1, 'phase_set13', 'variant33','callset28');
INSERT INTO allele_call(id, genotype, genotype_likelihood, phase_set, variant_id, call_set_id) VALUES('allele_2814', '-'  , 1, 'phase_set14', 'variant34','callset28');
INSERT INTO allele_call(id, genotype, genotype_likelihood, phase_set, variant_id, call_set_id) VALUES('allele_2815', '-'  , 1, 'phase_set15', 'variant35','callset28');
INSERT INTO allele_call(id, genotype, genotype_likelihood, phase_set, variant_id, call_set_id) VALUES('allele_2816', '-'  , 1, 'phase_set16', 'variant36','callset28');
INSERT INTO allele_call(id, genotype, genotype_likelihood, phase_set, variant_id, call_set_id) VALUES('allele_2817', '-'  , 1, 'phase_set17', 'variant37','callset28');
INSERT INTO allele_call(id, genotype, genotype_likelihood, phase_set, variant_id, call_set_id) VALUES('allele_2818', '-'  , 1, 'phase_set18', 'variant38','callset28');
INSERT INTO allele_call(id, genotype, genotype_likelihood, phase_set, variant_id, call_set_id) VALUES('allele_2819', 'T/A', 1, 'phase_set19', 'variant39','callset28');
INSERT INTO allele_call(id, genotype, genotype_likelihood, phase_set, variant_id, call_set_id) VALUES('allele_2820', 'T'  , 1, 'phase_set20', 'variant40','callset28');

INSERT INTO allele_call(id, genotype, genotype_likelihood, phase_set, variant_id, call_set_id) VALUES('allele_2901', 'A/C', 1, 'phase_set01', 'variant21','callset29');
INSERT INTO allele_call(id, genotype, genotype_likelihood, phase_set, variant_id, call_set_id) VALUES('allele_2902', 'C'  , 1, 'phase_set02', 'variant22','callset29');
INSERT INTO allele_call(id, genotype, genotype_likelihood, phase_set, variant_id, call_set_id) VALUES('allele_2903', 'A/C', 1, 'phase_set03', 'variant23','callset29');
INSERT INTO allele_call(id, genotype, genotype_likelihood, phase_set, variant_id, call_set_id) VALUES('allele_2904', 'G/C', 1, 'phase_set04', 'variant24','callset29');
INSERT INTO allele_call(id, genotype, genotype_likelihood, phase_set, variant_id, call_set_id) VALUES('allele_2905', 'C'  , 1, 'phase_set05', 'variant25','callset29');
INSERT INTO allele_call(id, genotype, genotype_likelihood, phase_set, variant_id, call_set_id) VALUES('allele_2906', 'A/G', 1, 'phase_set06', 'variant26','callset29');
INSERT INTO allele_call(id, genotype, genotype_likelihood, phase_set, variant_id, call_set_id) VALUES('allele_2907', 'G'  , 1, 'phase_set07', 'variant27','callset29');
INSERT INTO allele_call(id, genotype, genotype_likelihood, phase_set, variant_id, call_set_id) VALUES('allele_2908', 'G/A', 1, 'phase_set08', 'variant28','callset29');
INSERT INTO allele_call(id, genotype, genotype_likelihood, phase_set, variant_id, call_set_id) VALUES('allele_2909', 'T/A', 1, 'phase_set09', 'variant29','callset29');
INSERT INTO allele_call(id, genotype, genotype_likelihood, phase_set, variant_id, call_set_id) VALUES('allele_2910', 'C'  , 1, 'phase_set10', 'variant30','callset29');
INSERT INTO allele_call(id, genotype, genotype_likelihood, phase_set, variant_id, call_set_id) VALUES('allele_2911', 'C/G', 1, 'phase_set11', 'variant31','callset29');
INSERT INTO allele_call(id, genotype, genotype_likelihood, phase_set, variant_id, call_set_id) VALUES('allele_2912', 'A/C', 1, 'phase_set12', 'variant32','callset29');
INSERT INTO allele_call(id, genotype, genotype_likelihood, phase_set, variant_id, call_set_id) VALUES('allele_2913', 'A'  , 1, 'phase_set13', 'variant33','callset29');
INSERT INTO allele_call(id, genotype, genotype_likelihood, phase_set, variant_id, call_set_id) VALUES('allele_2914', 'G/T', 1, 'phase_set14', 'variant34','callset29');
INSERT INTO allele_call(id, genotype, genotype_likelihood, phase_set, variant_id, call_set_id) VALUES('allele_2915', 'T'  , 1, 'phase_set15', 'variant35','callset29');
INSERT INTO allele_call(id, genotype, genotype_likelihood, phase_set, variant_id, call_set_id) VALUES('allele_2916', 'C/T', 1, 'phase_set16', 'variant36','callset29');
INSERT INTO allele_call(id, genotype, genotype_likelihood, phase_set, variant_id, call_set_id) VALUES('allele_2917', 'A/G', 1, 'phase_set17', 'variant37','callset29');
INSERT INTO allele_call(id, genotype, genotype_likelihood, phase_set, variant_id, call_set_id) VALUES('allele_2918', 'G'  , 1, 'phase_set18', 'variant38','callset29');
INSERT INTO allele_call(id, genotype, genotype_likelihood, phase_set, variant_id, call_set_id) VALUES('allele_2919', 'T/A', 1, 'phase_set19', 'variant39','callset29');
INSERT INTO allele_call(id, genotype, genotype_likelihood, phase_set, variant_id, call_set_id) VALUES('allele_2920', 'T'  , 1, 'phase_set20', 'variant40','callset29');

INSERT INTO allele_call(id, genotype, genotype_likelihood, phase_set, variant_id, call_set_id) VALUES('allele_3001', 'A/C', 1, 'phase_set01', 'variant21','callset30');
INSERT INTO allele_call(id, genotype, genotype_likelihood, phase_set, variant_id, call_set_id) VALUES('allele_3002', 'C'  , 1, 'phase_set02', 'variant22','callset30');
INSERT INTO allele_call(id, genotype, genotype_likelihood, phase_set, variant_id, call_set_id) VALUES('allele_3003', 'A/C', 1, 'phase_set03', 'variant23','callset30');
INSERT INTO allele_call(id, genotype, genotype_likelihood, phase_set, variant_id, call_set_id) VALUES('allele_3004', 'G/C', 1, 'phase_set04', 'variant24','callset30');
INSERT INTO allele_call(id, genotype, genotype_likelihood, phase_set, variant_id, call_set_id) VALUES('allele_3005', 'C'  , 1, 'phase_set05', 'variant25','callset30');
INSERT INTO allele_call(id, genotype, genotype_likelihood, phase_set, variant_id, call_set_id) VALUES('allele_3006', 'A/G', 1, 'phase_set06', 'variant26','callset30');
INSERT INTO allele_call(id, genotype, genotype_likelihood, phase_set, variant_id, call_set_id) VALUES('allele_3007', 'G'  , 1, 'phase_set07', 'variant27','callset30');
INSERT INTO allele_call(id, genotype, genotype_likelihood, phase_set, variant_id, call_set_id) VALUES('allele_3008', 'G/A', 1, 'phase_set08', 'variant28','callset30');
INSERT INTO allele_call(id, genotype, genotype_likelihood, phase_set, variant_id, call_set_id) VALUES('allele_3009', 'T/A', 1, 'phase_set09', 'variant29','callset30');
INSERT INTO allele_call(id, genotype, genotype_likelihood, phase_set, variant_id, call_set_id) VALUES('allele_3010', 'C'  , 1, 'phase_set10', 'variant30','callset30');
INSERT INTO allele_call(id, genotype, genotype_likelihood, phase_set, variant_id, call_set_id) VALUES('allele_3011', 'C/G', 1, 'phase_set11', 'variant31','callset30');
INSERT INTO allele_call(id, genotype, genotype_likelihood, phase_set, variant_id, call_set_id) VALUES('allele_3012', 'A/C', 1, 'phase_set12', 'variant32','callset30');
INSERT INTO allele_call(id, genotype, genotype_likelihood, phase_set, variant_id, call_set_id) VALUES('allele_3013', 'A'  , 1, 'phase_set13', 'variant33','callset30');
INSERT INTO allele_call(id, genotype, genotype_likelihood, phase_set, variant_id, call_set_id) VALUES('allele_3014', 'G/T', 1, 'phase_set14', 'variant34','callset30');
INSERT INTO allele_call(id, genotype, genotype_likelihood, phase_set, variant_id, call_set_id) VALUES('allele_3015', 'T'  , 1, 'phase_set15', 'variant35','callset30');
INSERT INTO allele_call(id, genotype, genotype_likelihood, phase_set, variant_id, call_set_id) VALUES('allele_3016', 'C/T', 1, 'phase_set16', 'variant36','callset30');
INSERT INTO allele_call(id, genotype, genotype_likelihood, phase_set, variant_id, call_set_id) VALUES('allele_3017', 'A/G', 1, 'phase_set17', 'variant37','callset30');
INSERT INTO allele_call(id, genotype, genotype_likelihood, phase_set, variant_id, call_set_id) VALUES('allele_3018', 'G'  , 1, 'phase_set18', 'variant38','callset30');
INSERT INTO allele_call(id, genotype, genotype_likelihood, phase_set, variant_id, call_set_id) VALUES('allele_3019', 'T/A', 1, 'phase_set19', 'variant39','callset30');
INSERT INTO allele_call(id, genotype, genotype_likelihood, phase_set, variant_id, call_set_id) VALUES('allele_3020', 'T'  , 1, 'phase_set20', 'variant40','callset30');

INSERT INTO allele_call(id, genotype, genotype_likelihood, phase_set, variant_id, call_set_id) VALUES('allele_3101', 'A'  , 1, 'phase_set01', 'variant21','callset31');
INSERT INTO allele_call(id, genotype, genotype_likelihood, phase_set, variant_id, call_set_id) VALUES('allele_3102', 'C'  , 1, 'phase_set02', 'variant22','callset31');
INSERT INTO allele_call(id, genotype, genotype_likelihood, phase_set, variant_id, call_set_id) VALUES('allele_3103', 'A'  , 1, 'phase_set03', 'variant23','callset31');
INSERT INTO allele_call(id, genotype, genotype_likelihood, phase_set, variant_id, call_set_id) VALUES('allele_3104', 'G'  , 1, 'phase_set04', 'variant24','callset31');
INSERT INTO allele_call(id, genotype, genotype_likelihood, phase_set, variant_id, call_set_id) VALUES('allele_3105', 'C'  , 1, 'phase_set05', 'variant25','callset31');
INSERT INTO allele_call(id, genotype, genotype_likelihood, phase_set, variant_id, call_set_id) VALUES('allele_3106', 'A'  , 1, 'phase_set06', 'variant26','callset31');
INSERT INTO allele_call(id, genotype, genotype_likelihood, phase_set, variant_id, call_set_id) VALUES('allele_3107', 'G'  , 1, 'phase_set07', 'variant27','callset31');
INSERT INTO allele_call(id, genotype, genotype_likelihood, phase_set, variant_id, call_set_id) VALUES('allele_3108', 'G'  , 1, 'phase_set08', 'variant28','callset31');
INSERT INTO allele_call(id, genotype, genotype_likelihood, phase_set, variant_id, call_set_id) VALUES('allele_3109', 'T'  , 1, 'phase_set09', 'variant29','callset31');
INSERT INTO allele_call(id, genotype, genotype_likelihood, phase_set, variant_id, call_set_id) VALUES('allele_3110', 'C'  , 1, 'phase_set10', 'variant30','callset31');
INSERT INTO allele_call(id, genotype, genotype_likelihood, phase_set, variant_id, call_set_id) VALUES('allele_3111', 'G'  , 1, 'phase_set11', 'variant31','callset31');
INSERT INTO allele_call(id, genotype, genotype_likelihood, phase_set, variant_id, call_set_id) VALUES('allele_3112', 'C'  , 1, 'phase_set12', 'variant32','callset31');
INSERT INTO allele_call(id, genotype, genotype_likelihood, phase_set, variant_id, call_set_id) VALUES('allele_3113', 'A'  , 1, 'phase_set13', 'variant33','callset31');
INSERT INTO allele_call(id, genotype, genotype_likelihood, phase_set, variant_id, call_set_id) VALUES('allele_3114', 'G'  , 1, 'phase_set14', 'variant34','callset31');
INSERT INTO allele_call(id, genotype, genotype_likelihood, phase_set, variant_id, call_set_id) VALUES('allele_3115', 'T'  , 1, 'phase_set15', 'variant35','callset31');
INSERT INTO allele_call(id, genotype, genotype_likelihood, phase_set, variant_id, call_set_id) VALUES('allele_3116', 'C'  , 1, 'phase_set16', 'variant36','callset31');
INSERT INTO allele_call(id, genotype, genotype_likelihood, phase_set, variant_id, call_set_id) VALUES('allele_3117', 'A'  , 1, 'phase_set17', 'variant37','callset31');
INSERT INTO allele_call(id, genotype, genotype_likelihood, phase_set, variant_id, call_set_id) VALUES('allele_3118', 'G'  , 1, 'phase_set18', 'variant38','callset31');
INSERT INTO allele_call(id, genotype, genotype_likelihood, phase_set, variant_id, call_set_id) VALUES('allele_3119', 'T'  , 1, 'phase_set19', 'variant39','callset31');
INSERT INTO allele_call(id, genotype, genotype_likelihood, phase_set, variant_id, call_set_id) VALUES('allele_3120', 'T'  , 1, 'phase_set20', 'variant40','callset31');

INSERT INTO allele_call(id, genotype, genotype_likelihood, phase_set, variant_id, call_set_id) VALUES('allele_3201', 'A/C', 1, 'phase_set01', 'variant21','callset32');
INSERT INTO allele_call(id, genotype, genotype_likelihood, phase_set, variant_id, call_set_id) VALUES('allele_3202', 'C'  , 1, 'phase_set02', 'variant22','callset32');
INSERT INTO allele_call(id, genotype, genotype_likelihood, phase_set, variant_id, call_set_id) VALUES('allele_3203', 'A/C', 1, 'phase_set03', 'variant23','callset32');
INSERT INTO allele_call(id, genotype, genotype_likelihood, phase_set, variant_id, call_set_id) VALUES('allele_3204', 'G/C', 1, 'phase_set04', 'variant24','callset32');
INSERT INTO allele_call(id, genotype, genotype_likelihood, phase_set, variant_id, call_set_id) VALUES('allele_3205', 'C'  , 1, 'phase_set05', 'variant25','callset32');
INSERT INTO allele_call(id, genotype, genotype_likelihood, phase_set, variant_id, call_set_id) VALUES('allele_3206', 'A/G', 1, 'phase_set06', 'variant26','callset32');
INSERT INTO allele_call(id, genotype, genotype_likelihood, phase_set, variant_id, call_set_id) VALUES('allele_3207', 'G'  , 1, 'phase_set07', 'variant27','callset32');
INSERT INTO allele_call(id, genotype, genotype_likelihood, phase_set, variant_id, call_set_id) VALUES('allele_3208', 'G/A', 1, 'phase_set08', 'variant28','callset32');
INSERT INTO allele_call(id, genotype, genotype_likelihood, phase_set, variant_id, call_set_id) VALUES('allele_3209', 'T/A', 1, 'phase_set09', 'variant29','callset32');
INSERT INTO allele_call(id, genotype, genotype_likelihood, phase_set, variant_id, call_set_id) VALUES('allele_3210', 'C'  , 1, 'phase_set10', 'variant30','callset32');
INSERT INTO allele_call(id, genotype, genotype_likelihood, phase_set, variant_id, call_set_id) VALUES('allele_3211', 'C/G', 1, 'phase_set11', 'variant31','callset32');
INSERT INTO allele_call(id, genotype, genotype_likelihood, phase_set, variant_id, call_set_id) VALUES('allele_3212', 'A/C', 1, 'phase_set12', 'variant32','callset32');
INSERT INTO allele_call(id, genotype, genotype_likelihood, phase_set, variant_id, call_set_id) VALUES('allele_3213', 'A'  , 1, 'phase_set13', 'variant33','callset32');
INSERT INTO allele_call(id, genotype, genotype_likelihood, phase_set, variant_id, call_set_id) VALUES('allele_3214', 'G/T', 1, 'phase_set14', 'variant34','callset32');
INSERT INTO allele_call(id, genotype, genotype_likelihood, phase_set, variant_id, call_set_id) VALUES('allele_3215', 'T'  , 1, 'phase_set15', 'variant35','callset32');
INSERT INTO allele_call(id, genotype, genotype_likelihood, phase_set, variant_id, call_set_id) VALUES('allele_3216', 'C/T', 1, 'phase_set16', 'variant36','callset32');
INSERT INTO allele_call(id, genotype, genotype_likelihood, phase_set, variant_id, call_set_id) VALUES('allele_3217', 'A/G', 1, 'phase_set17', 'variant37','callset32');
INSERT INTO allele_call(id, genotype, genotype_likelihood, phase_set, variant_id, call_set_id) VALUES('allele_3218', 'G'  , 1, 'phase_set18', 'variant38','callset32');
INSERT INTO allele_call(id, genotype, genotype_likelihood, phase_set, variant_id, call_set_id) VALUES('allele_3219', 'T/A', 1, 'phase_set19', 'variant39','callset32');
INSERT INTO allele_call(id, genotype, genotype_likelihood, phase_set, variant_id, call_set_id) VALUES('allele_3220', 'T'  , 1, 'phase_set20', 'variant40','callset32');

INSERT INTO allele_call(id, genotype, genotype_likelihood, phase_set, variant_id, call_set_id) VALUES('allele_3301', 'A/C', 1, 'phase_set01', 'variant21','callset33');
INSERT INTO allele_call(id, genotype, genotype_likelihood, phase_set, variant_id, call_set_id) VALUES('allele_3302', 'C'  , 1, 'phase_set02', 'variant22','callset33');
INSERT INTO allele_call(id, genotype, genotype_likelihood, phase_set, variant_id, call_set_id) VALUES('allele_3303', 'A/C', 1, 'phase_set03', 'variant23','callset33');
INSERT INTO allele_call(id, genotype, genotype_likelihood, phase_set, variant_id, call_set_id) VALUES('allele_3304', 'G/C', 1, 'phase_set04', 'variant24','callset33');
INSERT INTO allele_call(id, genotype, genotype_likelihood, phase_set, variant_id, call_set_id) VALUES('allele_3305', 'C'  , 1, 'phase_set05', 'variant25','callset33');
INSERT INTO allele_call(id, genotype, genotype_likelihood, phase_set, variant_id, call_set_id) VALUES('allele_3306', 'A/G', 1, 'phase_set06', 'variant26','callset33');
INSERT INTO allele_call(id, genotype, genotype_likelihood, phase_set, variant_id, call_set_id) VALUES('allele_3307', 'G'  , 1, 'phase_set07', 'variant27','callset33');
INSERT INTO allele_call(id, genotype, genotype_likelihood, phase_set, variant_id, call_set_id) VALUES('allele_3308', 'G/A', 1, 'phase_set08', 'variant28','callset33');
INSERT INTO allele_call(id, genotype, genotype_likelihood, phase_set, variant_id, call_set_id) VALUES('allele_3309', 'T/A', 1, 'phase_set09', 'variant29','callset33');
INSERT INTO allele_call(id, genotype, genotype_likelihood, phase_set, variant_id, call_set_id) VALUES('allele_3310', 'C'  , 1, 'phase_set10', 'variant30','callset33');
INSERT INTO allele_call(id, genotype, genotype_likelihood, phase_set, variant_id, call_set_id) VALUES('allele_3311', 'C/G', 1, 'phase_set11', 'variant31','callset33');
INSERT INTO allele_call(id, genotype, genotype_likelihood, phase_set, variant_id, call_set_id) VALUES('allele_3312', 'A/C', 1, 'phase_set12', 'variant32','callset33');
INSERT INTO allele_call(id, genotype, genotype_likelihood, phase_set, variant_id, call_set_id) VALUES('allele_3313', 'A'  , 1, 'phase_set13', 'variant33','callset33');
INSERT INTO allele_call(id, genotype, genotype_likelihood, phase_set, variant_id, call_set_id) VALUES('allele_3314', 'G/T', 1, 'phase_set14', 'variant34','callset33');
INSERT INTO allele_call(id, genotype, genotype_likelihood, phase_set, variant_id, call_set_id) VALUES('allele_3315', 'T'  , 1, 'phase_set15', 'variant35','callset33');
INSERT INTO allele_call(id, genotype, genotype_likelihood, phase_set, variant_id, call_set_id) VALUES('allele_3316', 'C/T', 1, 'phase_set16', 'variant36','callset33');
INSERT INTO allele_call(id, genotype, genotype_likelihood, phase_set, variant_id, call_set_id) VALUES('allele_3317', 'A/G', 1, 'phase_set17', 'variant37','callset33');
INSERT INTO allele_call(id, genotype, genotype_likelihood, phase_set, variant_id, call_set_id) VALUES('allele_3318', 'G'  , 1, 'phase_set18', 'variant38','callset33');
INSERT INTO allele_call(id, genotype, genotype_likelihood, phase_set, variant_id, call_set_id) VALUES('allele_3319', 'T/A', 1, 'phase_set19', 'variant39','callset33');
INSERT INTO allele_call(id, genotype, genotype_likelihood, phase_set, variant_id, call_set_id) VALUES('allele_3320', 'T'  , 1, 'phase_set20', 'variant40','callset33');
