INSERT INTO variantset (auth_user_id, id, variant_set_name, reference_set_id, study_id) VALUES('anonymousUser', 'variantset2', 'Dummy VariantSet 2', 'reference_set2', 'study3');

INSERT INTO variantset_analysis (id, analysis_name, created, description, "type", updated, variant_set_id) VALUES('variantset_analysis2', 'Standard QC', '2019-11-23', 'This is a formal description of a QC methodology. Blah blah blah ...', 'QC', '2019-11-23', 'variantset2');
INSERT INTO variant_set_analysis_entity_software (variant_set_analysis_entity_id, software) VALUES('variantset_analysis2', 'https://github.com/fake-genotyping/QC');
INSERT INTO variantset_format (id, data_format, file_format, fileurl, variant_set_id) VALUES('variantset_format4', 4, 0, 'https://test-server.brapi.org/brapi/v2/variantsets/variantset2/calls', 'variantset2');
INSERT INTO variantset_format (id, data_format, file_format, fileurl, variant_set_id) VALUES('variantset_format5', 3, 2, 'https://test-server.brapi.org/brapi/v2/docs/sample_variantset_tsv.txt', 'variantset2');
INSERT INTO variantset_format (id, data_format, file_format, fileurl, variant_set_id) VALUES('variantset_format6', 1, 2, 'https://test-server.brapi.org/brapi/v2/docs/sample_variantset_vcf.vcf', 'variantset2');

INSERT INTO additional_info(id, key, value) VALUES('variantset_ai_2', 'dummyData', decode('ACED000574000454727565','hex'));
INSERT INTO variantset_additional_info(variant_set_entity_id, additional_info_id) VALUES('variantset2', 'variantset_ai_2');
INSERT INTO external_reference(id, external_reference_id, external_reference_source) VALUES('variantset_er_2', 'https://brapi.org/specification', 'BrAPI Doc');
INSERT INTO variantset_external_references(variant_set_entity_id, external_references_id) VALUES('variantset2', 'variantset_er_2');

INSERT INTO callset (auth_user_id, id, call_set_name, created, updated, sample_id) VALUES('anonymousUser', 'callset21', 'P2', '2019-11-22', '2019-11-23', 'sample1');
INSERT INTO callset_variant_sets (call_sets_id, variant_sets_id) VALUES('callset21', 'variantset2');
INSERT INTO callset (auth_user_id, id, call_set_name, created, updated, sample_id) VALUES('anonymousUser', 'callset22', 'F1-1', '2019-11-22', '2019-11-23', 'sample2');
INSERT INTO callset_variant_sets (call_sets_id, variant_sets_id) VALUES('callset22', 'variantset2');
INSERT INTO callset (auth_user_id, id, call_set_name, created, updated, sample_id) VALUES('anonymousUser', 'callset23', 'F1-2', '2019-11-22', '2019-11-23', 'sample3');
INSERT INTO callset_variant_sets (call_sets_id, variant_sets_id) VALUES('callset23', 'variantset2');
INSERT INTO callset (auth_user_id, id, call_set_name, created, updated, sample_id) VALUES('anonymousUser', 'callset24', 'F1-3', '2019-11-22', '2019-11-23', 'sample1');
INSERT INTO callset_variant_sets (call_sets_id, variant_sets_id) VALUES('callset24', 'variantset2');
INSERT INTO callset (auth_user_id, id, call_set_name, created, updated, sample_id) VALUES('anonymousUser', 'callset25', 'F1-4', '2019-11-22', '2019-11-23', 'sample2');
INSERT INTO callset_variant_sets (call_sets_id, variant_sets_id) VALUES('callset25', 'variantset2');
INSERT INTO callset (auth_user_id, id, call_set_name, created, updated, sample_id) VALUES('anonymousUser', 'callset26', 'F1-5', '2019-11-22', '2019-11-23', 'sample3');
INSERT INTO callset_variant_sets (call_sets_id, variant_sets_id) VALUES('callset26', 'variantset2');
INSERT INTO callset (auth_user_id, id, call_set_name, created, updated, sample_id) VALUES('anonymousUser', 'callset27', 'F1-6', '2019-11-22', '2019-11-23', 'sample1');
INSERT INTO callset_variant_sets (call_sets_id, variant_sets_id) VALUES('callset27', 'variantset2');
INSERT INTO callset (auth_user_id, id, call_set_name, created, updated, sample_id) VALUES('anonymousUser', 'callset28', 'F1-7', '2019-11-22', '2019-11-23', 'sample2');
INSERT INTO callset_variant_sets (call_sets_id, variant_sets_id) VALUES('callset28', 'variantset2');
INSERT INTO callset (auth_user_id, id, call_set_name, created, updated, sample_id) VALUES('anonymousUser', 'callset29', 'F1-8', '2019-11-22', '2019-11-23', 'sample3');
INSERT INTO callset_variant_sets (call_sets_id, variant_sets_id) VALUES('callset29', 'variantset2');
INSERT INTO callset (auth_user_id, id, call_set_name, created, updated, sample_id) VALUES('anonymousUser', 'callset30', 'F1-9', '2019-11-22', '2019-11-23', 'sample1');
INSERT INTO callset_variant_sets (call_sets_id, variant_sets_id) VALUES('callset30', 'variantset2');
INSERT INTO callset (auth_user_id, id, call_set_name, created, updated, sample_id) VALUES('anonymousUser', 'callset31', 'F1-10', '2019-11-22', '2019-11-23', 'sample2');
INSERT INTO callset_variant_sets (call_sets_id, variant_sets_id) VALUES('callset31', 'variantset2');
INSERT INTO callset (auth_user_id, id, call_set_name, created, updated, sample_id) VALUES('anonymousUser', 'callset32', 'F1-11', '2019-11-22', '2019-11-23', 'sample3');
INSERT INTO callset_variant_sets (call_sets_id, variant_sets_id) VALUES('callset32', 'variantset2');
INSERT INTO callset (auth_user_id, id, call_set_name, created, updated, sample_id) VALUES('anonymousUser', 'callset33', 'F1-12', '2019-11-22', '2019-11-23', 'sample1');
INSERT INTO callset_variant_sets (call_sets_id, variant_sets_id) VALUES('callset33', 'variantset2');

INSERT INTO variant (auth_user_id, id, variant_name, variant_set_id) VALUES('anonymousUser', 'variant21', 'M1', 'variantset2');
INSERT INTO variant (auth_user_id, id, variant_name, variant_set_id) VALUES('anonymousUser', 'variant22', 'M2', 'variantset2');
INSERT INTO variant (auth_user_id, id, variant_name, variant_set_id) VALUES('anonymousUser', 'variant23', 'M3', 'variantset2');
INSERT INTO variant (auth_user_id, id, variant_name, variant_set_id) VALUES('anonymousUser', 'variant24', 'M4', 'variantset2');
INSERT INTO variant (auth_user_id, id, variant_name, variant_set_id) VALUES('anonymousUser', 'variant25', 'M5', 'variantset2');
INSERT INTO variant (auth_user_id, id, variant_name, variant_set_id) VALUES('anonymousUser', 'variant26', 'M6', 'variantset2');
INSERT INTO variant (auth_user_id, id, variant_name, variant_set_id) VALUES('anonymousUser', 'variant27', 'M7', 'variantset2');
INSERT INTO variant (auth_user_id, id, variant_name, variant_set_id) VALUES('anonymousUser', 'variant28', 'M8', 'variantset2');
INSERT INTO variant (auth_user_id, id, variant_name, variant_set_id) VALUES('anonymousUser', 'variant29', 'M9', 'variantset2');
INSERT INTO variant (auth_user_id, id, variant_name, variant_set_id) VALUES('anonymousUser', 'variant30', 'M10', 'variantset2');
INSERT INTO variant (auth_user_id, id, variant_name, variant_set_id) VALUES('anonymousUser', 'variant31', 'M11', 'variantset2');
INSERT INTO variant (auth_user_id, id, variant_name, variant_set_id) VALUES('anonymousUser', 'variant32', 'M12', 'variantset2');
INSERT INTO variant (auth_user_id, id, variant_name, variant_set_id) VALUES('anonymousUser', 'variant33', 'M13', 'variantset2');
INSERT INTO variant (auth_user_id, id, variant_name, variant_set_id) VALUES('anonymousUser', 'variant34', 'M14', 'variantset2');
INSERT INTO variant (auth_user_id, id, variant_name, variant_set_id) VALUES('anonymousUser', 'variant35', 'M15', 'variantset2');
INSERT INTO variant (auth_user_id, id, variant_name, variant_set_id) VALUES('anonymousUser', 'variant36', 'M16', 'variantset2');
INSERT INTO variant (auth_user_id, id, variant_name, variant_set_id) VALUES('anonymousUser', 'variant37', 'M17', 'variantset2');
INSERT INTO variant (auth_user_id, id, variant_name, variant_set_id) VALUES('anonymousUser', 'variant38', 'M18', 'variantset2');
INSERT INTO variant (auth_user_id, id, variant_name, variant_set_id) VALUES('anonymousUser', 'variant39', 'M19', 'variantset2');
INSERT INTO variant (auth_user_id, id, variant_name, variant_set_id) VALUES('anonymousUser', 'variant40', 'M20', 'variantset2');


INSERT INTO allele_call(auth_user_id, id, genotype, read_depth, genotype_likelihood, phase_set, variant_id, call_set_id) VALUES('anonymousUser', 'allele_2101', '1/1', '85', 1, 'phase_set01', 'variant21','callset21');
INSERT INTO allele_call(auth_user_id, id, genotype, read_depth, genotype_likelihood, phase_set, variant_id, call_set_id) VALUES('anonymousUser', 'allele_2102', '1/1', '57', 1, 'phase_set02', 'variant22','callset21');
INSERT INTO allele_call(auth_user_id, id, genotype, read_depth, genotype_likelihood, phase_set, variant_id, call_set_id) VALUES('anonymousUser', 'allele_2103', '1/1', '99', 1, 'phase_set03', 'variant23','callset21');
INSERT INTO allele_call(auth_user_id, id, genotype, read_depth, genotype_likelihood, phase_set, variant_id, call_set_id) VALUES('anonymousUser', 'allele_2104', '1/1', '35', 1, 'phase_set04', 'variant24','callset21');
INSERT INTO allele_call(auth_user_id, id, genotype, read_depth, genotype_likelihood, phase_set, variant_id, call_set_id) VALUES('anonymousUser', 'allele_2105', '1/1', '36', 1, 'phase_set05', 'variant25','callset21');
INSERT INTO allele_call(auth_user_id, id, genotype, read_depth, genotype_likelihood, phase_set, variant_id, call_set_id) VALUES('anonymousUser', 'allele_2106', '0/0', '29', 1, 'phase_set06', 'variant26','callset21');
INSERT INTO allele_call(auth_user_id, id, genotype, read_depth, genotype_likelihood, phase_set, variant_id, call_set_id) VALUES('anonymousUser', 'allele_2107', '0/0', '70', 1, 'phase_set07', 'variant27','callset21');
INSERT INTO allele_call(auth_user_id, id, genotype, read_depth, genotype_likelihood, phase_set, variant_id, call_set_id) VALUES('anonymousUser', 'allele_2108', '0/0', '85', 1, 'phase_set08', 'variant28','callset21');
INSERT INTO allele_call(auth_user_id, id, genotype, read_depth, genotype_likelihood, phase_set, variant_id, call_set_id) VALUES('anonymousUser', 'allele_2109', '0/0', '46', 1, 'phase_set09', 'variant29','callset21');
INSERT INTO allele_call(auth_user_id, id, genotype, read_depth, genotype_likelihood, phase_set, variant_id, call_set_id) VALUES('anonymousUser', 'allele_2110', '1/1', '83', 1, 'phase_set10', 'variant30','callset21');
INSERT INTO allele_call(auth_user_id, id, genotype, read_depth, genotype_likelihood, phase_set, variant_id, call_set_id) VALUES('anonymousUser', 'allele_2111', '1/1', '81', 1, 'phase_set11', 'variant31','callset21');
INSERT INTO allele_call(auth_user_id, id, genotype, read_depth, genotype_likelihood, phase_set, variant_id, call_set_id) VALUES('anonymousUser', 'allele_2112', '0/0', '85', 1, 'phase_set12', 'variant32','callset21');
INSERT INTO allele_call(auth_user_id, id, genotype, read_depth, genotype_likelihood, phase_set, variant_id, call_set_id) VALUES('anonymousUser', 'allele_2113', '0/0', '57', 1, 'phase_set13', 'variant33','callset21');
INSERT INTO allele_call(auth_user_id, id, genotype, read_depth, genotype_likelihood, phase_set, variant_id, call_set_id) VALUES('anonymousUser', 'allele_2114', '1/1', '99', 1, 'phase_set14', 'variant34','callset21');
INSERT INTO allele_call(auth_user_id, id, genotype, read_depth, genotype_likelihood, phase_set, variant_id, call_set_id) VALUES('anonymousUser', 'allele_2115', '1/1', '35', 1, 'phase_set15', 'variant35','callset21');
INSERT INTO allele_call(auth_user_id, id, genotype, read_depth, genotype_likelihood, phase_set, variant_id, call_set_id) VALUES('anonymousUser', 'allele_2116', '1/1', '36', 1, 'phase_set16', 'variant36','callset21');
INSERT INTO allele_call(auth_user_id, id, genotype, read_depth, genotype_likelihood, phase_set, variant_id, call_set_id) VALUES('anonymousUser', 'allele_2117', '0/0', '29', 1, 'phase_set17', 'variant37','callset21');
INSERT INTO allele_call(auth_user_id, id, genotype, read_depth, genotype_likelihood, phase_set, variant_id, call_set_id) VALUES('anonymousUser', 'allele_2118', '0/0', '70', 1, 'phase_set18', 'variant38','callset21');
INSERT INTO allele_call(auth_user_id, id, genotype, read_depth, genotype_likelihood, phase_set, variant_id, call_set_id) VALUES('anonymousUser', 'allele_2119', '0/0', '85', 1, 'phase_set19', 'variant39','callset21');
INSERT INTO allele_call(auth_user_id, id, genotype, read_depth, genotype_likelihood, phase_set, variant_id, call_set_id) VALUES('anonymousUser', 'allele_2120', '1/1', '46', 1, 'phase_set20', 'variant40','callset21');

INSERT INTO allele_call(auth_user_id, id, genotype, read_depth, genotype_likelihood, phase_set, variant_id, call_set_id) VALUES('anonymousUser', 'allele_2201', '0/1', '85', 1, 'phase_set01', 'variant21','callset22');
INSERT INTO allele_call(auth_user_id, id, genotype, read_depth, genotype_likelihood, phase_set, variant_id, call_set_id) VALUES('anonymousUser', 'allele_2202', '1/1', '57', 1, 'phase_set02', 'variant22','callset22');
INSERT INTO allele_call(auth_user_id, id, genotype, read_depth, genotype_likelihood, phase_set, variant_id, call_set_id) VALUES('anonymousUser', 'allele_2203', '.',   null, 1, 'phase_set03', 'variant23','callset22');
INSERT INTO allele_call(auth_user_id, id, genotype, read_depth, genotype_likelihood, phase_set, variant_id, call_set_id) VALUES('anonymousUser', 'allele_2204', '.',   null, 1, 'phase_set04', 'variant24','callset22');
INSERT INTO allele_call(auth_user_id, id, genotype, read_depth, genotype_likelihood, phase_set, variant_id, call_set_id) VALUES('anonymousUser', 'allele_2205', '.',   null, 1, 'phase_set05', 'variant25','callset22');
INSERT INTO allele_call(auth_user_id, id, genotype, read_depth, genotype_likelihood, phase_set, variant_id, call_set_id) VALUES('anonymousUser', 'allele_2206', '.',   null, 1, 'phase_set06', 'variant26','callset22');
INSERT INTO allele_call(auth_user_id, id, genotype, read_depth, genotype_likelihood, phase_set, variant_id, call_set_id) VALUES('anonymousUser', 'allele_2207', '.',   null, 1, 'phase_set07', 'variant27','callset22');
INSERT INTO allele_call(auth_user_id, id, genotype, read_depth, genotype_likelihood, phase_set, variant_id, call_set_id) VALUES('anonymousUser', 'allele_2208', '.',   null, 1, 'phase_set08', 'variant28','callset22');
INSERT INTO allele_call(auth_user_id, id, genotype, read_depth, genotype_likelihood, phase_set, variant_id, call_set_id) VALUES('anonymousUser', 'allele_2209', '.',   null, 1, 'phase_set09', 'variant29','callset22');
INSERT INTO allele_call(auth_user_id, id, genotype, read_depth, genotype_likelihood, phase_set, variant_id, call_set_id) VALUES('anonymousUser', 'allele_2210', '.',   null, 1, 'phase_set10', 'variant30','callset22');
INSERT INTO allele_call(auth_user_id, id, genotype, read_depth, genotype_likelihood, phase_set, variant_id, call_set_id) VALUES('anonymousUser', 'allele_2211', '.',   null, 1, 'phase_set11', 'variant31','callset22');
INSERT INTO allele_call(auth_user_id, id, genotype, read_depth, genotype_likelihood, phase_set, variant_id, call_set_id) VALUES('anonymousUser', 'allele_2212', '.',   null, 1, 'phase_set12', 'variant32','callset22');
INSERT INTO allele_call(auth_user_id, id, genotype, read_depth, genotype_likelihood, phase_set, variant_id, call_set_id) VALUES('anonymousUser', 'allele_2213', '.',   null, 1, 'phase_set13', 'variant33','callset22');
INSERT INTO allele_call(auth_user_id, id, genotype, read_depth, genotype_likelihood, phase_set, variant_id, call_set_id) VALUES('anonymousUser', 'allele_2214', '0/1', '99', 1, 'phase_set14', 'variant34','callset22');
INSERT INTO allele_call(auth_user_id, id, genotype, read_depth, genotype_likelihood, phase_set, variant_id, call_set_id) VALUES('anonymousUser', 'allele_2215', '1/1', '35', 1, 'phase_set15', 'variant35','callset22');
INSERT INTO allele_call(auth_user_id, id, genotype, read_depth, genotype_likelihood, phase_set, variant_id, call_set_id) VALUES('anonymousUser', 'allele_2216', '1/1', '36', 1, 'phase_set16', 'variant36','callset22');
INSERT INTO allele_call(auth_user_id, id, genotype, read_depth, genotype_likelihood, phase_set, variant_id, call_set_id) VALUES('anonymousUser', 'allele_2217', '0/0', '29', 1, 'phase_set17', 'variant37','callset22');
INSERT INTO allele_call(auth_user_id, id, genotype, read_depth, genotype_likelihood, phase_set, variant_id, call_set_id) VALUES('anonymousUser', 'allele_2218', '0/0', '70', 1, 'phase_set18', 'variant38','callset22');
INSERT INTO allele_call(auth_user_id, id, genotype, read_depth, genotype_likelihood, phase_set, variant_id, call_set_id) VALUES('anonymousUser', 'allele_2219', '1/0', '85', 1, 'phase_set19', 'variant39','callset22');
INSERT INTO allele_call(auth_user_id, id, genotype, read_depth, genotype_likelihood, phase_set, variant_id, call_set_id) VALUES('anonymousUser', 'allele_2220', '1/1', '46', 1, 'phase_set20', 'variant40','callset22');

INSERT INTO allele_call(auth_user_id, id, genotype, read_depth, genotype_likelihood, phase_set, variant_id, call_set_id) VALUES('anonymousUser', 'allele_2301', '0/1', '85', 1, 'phase_set01', 'variant21','callset23');
INSERT INTO allele_call(auth_user_id, id, genotype, read_depth, genotype_likelihood, phase_set, variant_id, call_set_id) VALUES('anonymousUser', 'allele_2302', '1/1', '57', 1, 'phase_set02', 'variant22','callset23');
INSERT INTO allele_call(auth_user_id, id, genotype, read_depth, genotype_likelihood, phase_set, variant_id, call_set_id) VALUES('anonymousUser', 'allele_2303', '0/1', '99', 1, 'phase_set03', 'variant23','callset23');
INSERT INTO allele_call(auth_user_id, id, genotype, read_depth, genotype_likelihood, phase_set, variant_id, call_set_id) VALUES('anonymousUser', 'allele_2304', '0/1', '35', 1, 'phase_set04', 'variant24','callset23');
INSERT INTO allele_call(auth_user_id, id, genotype, read_depth, genotype_likelihood, phase_set, variant_id, call_set_id) VALUES('anonymousUser', 'allele_2305', '1/1', '36', 1, 'phase_set05', 'variant25','callset23');
INSERT INTO allele_call(auth_user_id, id, genotype, read_depth, genotype_likelihood, phase_set, variant_id, call_set_id) VALUES('anonymousUser', 'allele_2306', '0/0', '29', 1, 'phase_set06', 'variant26','callset23');
INSERT INTO allele_call(auth_user_id, id, genotype, read_depth, genotype_likelihood, phase_set, variant_id, call_set_id) VALUES('anonymousUser', 'allele_2307', '0/0', '70', 1, 'phase_set07', 'variant27','callset23');
INSERT INTO allele_call(auth_user_id, id, genotype, read_depth, genotype_likelihood, phase_set, variant_id, call_set_id) VALUES('anonymousUser', 'allele_2308', '0/0', '85', 1, 'phase_set08', 'variant28','callset23');
INSERT INTO allele_call(auth_user_id, id, genotype, read_depth, genotype_likelihood, phase_set, variant_id, call_set_id) VALUES('anonymousUser', 'allele_2309', '1/0', '46', 1, 'phase_set09', 'variant29','callset23');
INSERT INTO allele_call(auth_user_id, id, genotype, read_depth, genotype_likelihood, phase_set, variant_id, call_set_id) VALUES('anonymousUser', 'allele_2310', '1/1', '83', 1, 'phase_set10', 'variant30','callset23');
INSERT INTO allele_call(auth_user_id, id, genotype, read_depth, genotype_likelihood, phase_set, variant_id, call_set_id) VALUES('anonymousUser', 'allele_2311', '1/0', '81', 1, 'phase_set11', 'variant31','callset23');
INSERT INTO allele_call(auth_user_id, id, genotype, read_depth, genotype_likelihood, phase_set, variant_id, call_set_id) VALUES('anonymousUser', 'allele_2312', '0/1', '85', 1, 'phase_set12', 'variant32','callset23');
INSERT INTO allele_call(auth_user_id, id, genotype, read_depth, genotype_likelihood, phase_set, variant_id, call_set_id) VALUES('anonymousUser', 'allele_2313', '0/0', '57', 1, 'phase_set13', 'variant33','callset23');
INSERT INTO allele_call(auth_user_id, id, genotype, read_depth, genotype_likelihood, phase_set, variant_id, call_set_id) VALUES('anonymousUser', 'allele_2314', '0/1', '99', 1, 'phase_set14', 'variant34','callset23');
INSERT INTO allele_call(auth_user_id, id, genotype, read_depth, genotype_likelihood, phase_set, variant_id, call_set_id) VALUES('anonymousUser', 'allele_2315', '1/1', '35', 1, 'phase_set15', 'variant35','callset23');
INSERT INTO allele_call(auth_user_id, id, genotype, read_depth, genotype_likelihood, phase_set, variant_id, call_set_id) VALUES('anonymousUser', 'allele_2316', '1/1', '36', 1, 'phase_set16', 'variant36','callset23');
INSERT INTO allele_call(auth_user_id, id, genotype, read_depth, genotype_likelihood, phase_set, variant_id, call_set_id) VALUES('anonymousUser', 'allele_2317', '0/0', '29', 1, 'phase_set17', 'variant37','callset23');
INSERT INTO allele_call(auth_user_id, id, genotype, read_depth, genotype_likelihood, phase_set, variant_id, call_set_id) VALUES('anonymousUser', 'allele_2318', '0/0', '70', 1, 'phase_set18', 'variant38','callset23');
INSERT INTO allele_call(auth_user_id, id, genotype, read_depth, genotype_likelihood, phase_set, variant_id, call_set_id) VALUES('anonymousUser', 'allele_2319', '1/0', '85', 1, 'phase_set19', 'variant39','callset23');
INSERT INTO allele_call(auth_user_id, id, genotype, read_depth, genotype_likelihood, phase_set, variant_id, call_set_id) VALUES('anonymousUser', 'allele_2320', '1/1', '46', 1, 'phase_set20', 'variant40','callset23');

INSERT INTO allele_call(auth_user_id, id, genotype, read_depth, genotype_likelihood, phase_set, variant_id, call_set_id) VALUES('anonymousUser', 'allele_2401', '0/0', '85', 1, 'phase_set01', 'variant21','callset24');
INSERT INTO allele_call(auth_user_id, id, genotype, read_depth, genotype_likelihood, phase_set, variant_id, call_set_id) VALUES('anonymousUser', 'allele_2402', '1/1', '57', 1, 'phase_set02', 'variant22','callset24');
INSERT INTO allele_call(auth_user_id, id, genotype, read_depth, genotype_likelihood, phase_set, variant_id, call_set_id) VALUES('anonymousUser', 'allele_2403', '0/0', '99', 1, 'phase_set03', 'variant23','callset24');
INSERT INTO allele_call(auth_user_id, id, genotype, read_depth, genotype_likelihood, phase_set, variant_id, call_set_id) VALUES('anonymousUser', 'allele_2404', '0/0', '35', 1, 'phase_set04', 'variant24','callset24');
INSERT INTO allele_call(auth_user_id, id, genotype, read_depth, genotype_likelihood, phase_set, variant_id, call_set_id) VALUES('anonymousUser', 'allele_2405', '1/1', '36', 1, 'phase_set05', 'variant25','callset24');
INSERT INTO allele_call(auth_user_id, id, genotype, read_depth, genotype_likelihood, phase_set, variant_id, call_set_id) VALUES('anonymousUser', 'allele_2406', '0/0', '29', 1, 'phase_set06', 'variant26','callset24');
INSERT INTO allele_call(auth_user_id, id, genotype, read_depth, genotype_likelihood, phase_set, variant_id, call_set_id) VALUES('anonymousUser', 'allele_2407', '0/0', '70', 1, 'phase_set07', 'variant27','callset24');
INSERT INTO allele_call(auth_user_id, id, genotype, read_depth, genotype_likelihood, phase_set, variant_id, call_set_id) VALUES('anonymousUser', 'allele_2408', '0/0', '85', 1, 'phase_set08', 'variant28','callset24');
INSERT INTO allele_call(auth_user_id, id, genotype, read_depth, genotype_likelihood, phase_set, variant_id, call_set_id) VALUES('anonymousUser', 'allele_2409', '1/1', '46', 1, 'phase_set09', 'variant29','callset24');
INSERT INTO allele_call(auth_user_id, id, genotype, read_depth, genotype_likelihood, phase_set, variant_id, call_set_id) VALUES('anonymousUser', 'allele_2410', '1/1', '83', 1, 'phase_set10', 'variant30','callset24');
INSERT INTO allele_call(auth_user_id, id, genotype, read_depth, genotype_likelihood, phase_set, variant_id, call_set_id) VALUES('anonymousUser', 'allele_2411', '0/0', '81', 1, 'phase_set11', 'variant31','callset24');
INSERT INTO allele_call(auth_user_id, id, genotype, read_depth, genotype_likelihood, phase_set, variant_id, call_set_id) VALUES('anonymousUser', 'allele_2412', '1/1', '85', 1, 'phase_set12', 'variant32','callset24');
INSERT INTO allele_call(auth_user_id, id, genotype, read_depth, genotype_likelihood, phase_set, variant_id, call_set_id) VALUES('anonymousUser', 'allele_2413', '0/0', '57', 1, 'phase_set13', 'variant33','callset24');
INSERT INTO allele_call(auth_user_id, id, genotype, read_depth, genotype_likelihood, phase_set, variant_id, call_set_id) VALUES('anonymousUser', 'allele_2414', '0/0', '99', 1, 'phase_set14', 'variant34','callset24');
INSERT INTO allele_call(auth_user_id, id, genotype, read_depth, genotype_likelihood, phase_set, variant_id, call_set_id) VALUES('anonymousUser', 'allele_2415', '1/1', '35', 1, 'phase_set15', 'variant35','callset24');
INSERT INTO allele_call(auth_user_id, id, genotype, read_depth, genotype_likelihood, phase_set, variant_id, call_set_id) VALUES('anonymousUser', 'allele_2416', '1/1', '36', 1, 'phase_set16', 'variant36','callset24');
INSERT INTO allele_call(auth_user_id, id, genotype, read_depth, genotype_likelihood, phase_set, variant_id, call_set_id) VALUES('anonymousUser', 'allele_2417', '0/0', '29', 1, 'phase_set17', 'variant37','callset24');
INSERT INTO allele_call(auth_user_id, id, genotype, read_depth, genotype_likelihood, phase_set, variant_id, call_set_id) VALUES('anonymousUser', 'allele_2418', '0/0', '70', 1, 'phase_set18', 'variant38','callset24');
INSERT INTO allele_call(auth_user_id, id, genotype, read_depth, genotype_likelihood, phase_set, variant_id, call_set_id) VALUES('anonymousUser', 'allele_2419', '1/1', '85', 1, 'phase_set19', 'variant39','callset24');
INSERT INTO allele_call(auth_user_id, id, genotype, read_depth, genotype_likelihood, phase_set, variant_id, call_set_id) VALUES('anonymousUser', 'allele_2420', '1/1', '46', 1, 'phase_set20', 'variant40','callset24');

INSERT INTO allele_call(auth_user_id, id, genotype, read_depth, genotype_likelihood, phase_set, variant_id, call_set_id) VALUES('anonymousUser', 'allele_2501', '0/1', '85', 1, 'phase_set01', 'variant21','callset25');
INSERT INTO allele_call(auth_user_id, id, genotype, read_depth, genotype_likelihood, phase_set, variant_id, call_set_id) VALUES('anonymousUser', 'allele_2502', '1/1', '57', 1, 'phase_set02', 'variant22','callset25');
INSERT INTO allele_call(auth_user_id, id, genotype, read_depth, genotype_likelihood, phase_set, variant_id, call_set_id) VALUES('anonymousUser', 'allele_2503', '0/1', '99', 1, 'phase_set03', 'variant23','callset25');
INSERT INTO allele_call(auth_user_id, id, genotype, read_depth, genotype_likelihood, phase_set, variant_id, call_set_id) VALUES('anonymousUser', 'allele_2504', '0/1', '35', 1, 'phase_set04', 'variant24','callset25');
INSERT INTO allele_call(auth_user_id, id, genotype, read_depth, genotype_likelihood, phase_set, variant_id, call_set_id) VALUES('anonymousUser', 'allele_2505', '1/1', '36', 1, 'phase_set05', 'variant25','callset25');
INSERT INTO allele_call(auth_user_id, id, genotype, read_depth, genotype_likelihood, phase_set, variant_id, call_set_id) VALUES('anonymousUser', 'allele_2506', '0/0', '29', 1, 'phase_set06', 'variant26','callset25');
INSERT INTO allele_call(auth_user_id, id, genotype, read_depth, genotype_likelihood, phase_set, variant_id, call_set_id) VALUES('anonymousUser', 'allele_2507', '0/0', '70', 1, 'phase_set07', 'variant27','callset25');
INSERT INTO allele_call(auth_user_id, id, genotype, read_depth, genotype_likelihood, phase_set, variant_id, call_set_id) VALUES('anonymousUser', 'allele_2508', '0/0', '85', 1, 'phase_set08', 'variant28','callset25');
INSERT INTO allele_call(auth_user_id, id, genotype, read_depth, genotype_likelihood, phase_set, variant_id, call_set_id) VALUES('anonymousUser', 'allele_2509', '1/0', '46', 1, 'phase_set09', 'variant29','callset25');
INSERT INTO allele_call(auth_user_id, id, genotype, read_depth, genotype_likelihood, phase_set, variant_id, call_set_id) VALUES('anonymousUser', 'allele_2510', '1/1', '83', 1, 'phase_set10', 'variant30','callset25');
INSERT INTO allele_call(auth_user_id, id, genotype, read_depth, genotype_likelihood, phase_set, variant_id, call_set_id) VALUES('anonymousUser', 'allele_2511', '1/0', '81', 1, 'phase_set11', 'variant31','callset25');
INSERT INTO allele_call(auth_user_id, id, genotype, read_depth, genotype_likelihood, phase_set, variant_id, call_set_id) VALUES('anonymousUser', 'allele_2512', '0/1', '85', 1, 'phase_set12', 'variant32','callset25');
INSERT INTO allele_call(auth_user_id, id, genotype, read_depth, genotype_likelihood, phase_set, variant_id, call_set_id) VALUES('anonymousUser', 'allele_2513', '0/0', '57', 1, 'phase_set13', 'variant33','callset25');
INSERT INTO allele_call(auth_user_id, id, genotype, read_depth, genotype_likelihood, phase_set, variant_id, call_set_id) VALUES('anonymousUser', 'allele_2514', '0/1', '99', 1, 'phase_set14', 'variant34','callset25');
INSERT INTO allele_call(auth_user_id, id, genotype, read_depth, genotype_likelihood, phase_set, variant_id, call_set_id) VALUES('anonymousUser', 'allele_2515', '1/1', '35', 1, 'phase_set15', 'variant35','callset25');
INSERT INTO allele_call(auth_user_id, id, genotype, read_depth, genotype_likelihood, phase_set, variant_id, call_set_id) VALUES('anonymousUser', 'allele_2516', '1/1', '36', 1, 'phase_set16', 'variant36','callset25');
INSERT INTO allele_call(auth_user_id, id, genotype, read_depth, genotype_likelihood, phase_set, variant_id, call_set_id) VALUES('anonymousUser', 'allele_2517', '.',   null, 1, 'phase_set17', 'variant37','callset25');
INSERT INTO allele_call(auth_user_id, id, genotype, read_depth, genotype_likelihood, phase_set, variant_id, call_set_id) VALUES('anonymousUser', 'allele_2518', '0/0', '70', 1, 'phase_set18', 'variant38','callset25');
INSERT INTO allele_call(auth_user_id, id, genotype, read_depth, genotype_likelihood, phase_set, variant_id, call_set_id) VALUES('anonymousUser', 'allele_2519', '1/0', '85', 1, 'phase_set19', 'variant39','callset25');
INSERT INTO allele_call(auth_user_id, id, genotype, read_depth, genotype_likelihood, phase_set, variant_id, call_set_id) VALUES('anonymousUser', 'allele_2520', '1/1', '46', 1, 'phase_set20', 'variant40','callset25');

INSERT INTO allele_call(auth_user_id, id, genotype, read_depth, genotype_likelihood, phase_set, variant_id, call_set_id) VALUES('anonymousUser', 'allele_2601', '1/1', '85', 1, 'phase_set01', 'variant21','callset26');
INSERT INTO allele_call(auth_user_id, id, genotype, read_depth, genotype_likelihood, phase_set, variant_id, call_set_id) VALUES('anonymousUser', 'allele_2602', '1/1', '57', 1, 'phase_set02', 'variant22','callset26');
INSERT INTO allele_call(auth_user_id, id, genotype, read_depth, genotype_likelihood, phase_set, variant_id, call_set_id) VALUES('anonymousUser', 'allele_2603', '0/1', '99', 1, 'phase_set03', 'variant23','callset26');
INSERT INTO allele_call(auth_user_id, id, genotype, read_depth, genotype_likelihood, phase_set, variant_id, call_set_id) VALUES('anonymousUser', 'allele_2604', '0/1', '35', 1, 'phase_set04', 'variant24','callset26');
INSERT INTO allele_call(auth_user_id, id, genotype, read_depth, genotype_likelihood, phase_set, variant_id, call_set_id) VALUES('anonymousUser', 'allele_2605', '1/1', '36', 1, 'phase_set05', 'variant25','callset26');
INSERT INTO allele_call(auth_user_id, id, genotype, read_depth, genotype_likelihood, phase_set, variant_id, call_set_id) VALUES('anonymousUser', 'allele_2606', '0/0', '29', 1, 'phase_set06', 'variant26','callset26');
INSERT INTO allele_call(auth_user_id, id, genotype, read_depth, genotype_likelihood, phase_set, variant_id, call_set_id) VALUES('anonymousUser', 'allele_2607', '0/0', '70', 1, 'phase_set07', 'variant27','callset26');
INSERT INTO allele_call(auth_user_id, id, genotype, read_depth, genotype_likelihood, phase_set, variant_id, call_set_id) VALUES('anonymousUser', 'allele_2608', '0/0', '85', 1, 'phase_set08', 'variant28','callset26');
INSERT INTO allele_call(auth_user_id, id, genotype, read_depth, genotype_likelihood, phase_set, variant_id, call_set_id) VALUES('anonymousUser', 'allele_2609', '1/0', '46', 1, 'phase_set09', 'variant29','callset26');
INSERT INTO allele_call(auth_user_id, id, genotype, read_depth, genotype_likelihood, phase_set, variant_id, call_set_id) VALUES('anonymousUser', 'allele_2610', '1/1', '83', 1, 'phase_set10', 'variant30','callset26');
INSERT INTO allele_call(auth_user_id, id, genotype, read_depth, genotype_likelihood, phase_set, variant_id, call_set_id) VALUES('anonymousUser', 'allele_2611', '1/0', '81', 1, 'phase_set11', 'variant31','callset26');
INSERT INTO allele_call(auth_user_id, id, genotype, read_depth, genotype_likelihood, phase_set, variant_id, call_set_id) VALUES('anonymousUser', 'allele_2612', '.',   null, 1, 'phase_set12', 'variant32','callset26');
INSERT INTO allele_call(auth_user_id, id, genotype, read_depth, genotype_likelihood, phase_set, variant_id, call_set_id) VALUES('anonymousUser', 'allele_2613', '0/0', '57', 1, 'phase_set13', 'variant33','callset26');
INSERT INTO allele_call(auth_user_id, id, genotype, read_depth, genotype_likelihood, phase_set, variant_id, call_set_id) VALUES('anonymousUser', 'allele_2614', '0/1', '99', 1, 'phase_set14', 'variant34','callset26');
INSERT INTO allele_call(auth_user_id, id, genotype, read_depth, genotype_likelihood, phase_set, variant_id, call_set_id) VALUES('anonymousUser', 'allele_2615', '1/1', '35', 1, 'phase_set15', 'variant35','callset26');
INSERT INTO allele_call(auth_user_id, id, genotype, read_depth, genotype_likelihood, phase_set, variant_id, call_set_id) VALUES('anonymousUser', 'allele_2616', '1/1', '36', 1, 'phase_set16', 'variant36','callset26');
INSERT INTO allele_call(auth_user_id, id, genotype, read_depth, genotype_likelihood, phase_set, variant_id, call_set_id) VALUES('anonymousUser', 'allele_2617', '0/0', '29', 1, 'phase_set17', 'variant37','callset26');
INSERT INTO allele_call(auth_user_id, id, genotype, read_depth, genotype_likelihood, phase_set, variant_id, call_set_id) VALUES('anonymousUser', 'allele_2618', '0/0', '70', 1, 'phase_set18', 'variant38','callset26');
INSERT INTO allele_call(auth_user_id, id, genotype, read_depth, genotype_likelihood, phase_set, variant_id, call_set_id) VALUES('anonymousUser', 'allele_2619', '1/0', '85', 1, 'phase_set19', 'variant39','callset26');
INSERT INTO allele_call(auth_user_id, id, genotype, read_depth, genotype_likelihood, phase_set, variant_id, call_set_id) VALUES('anonymousUser', 'allele_2620', '1/1', '46', 1, 'phase_set20', 'variant40','callset26');

INSERT INTO allele_call(auth_user_id, id, genotype, read_depth, genotype_likelihood, phase_set, variant_id, call_set_id) VALUES('anonymousUser', 'allele_2701', '0/1', '85', 1, 'phase_set01', 'variant21','callset27');
INSERT INTO allele_call(auth_user_id, id, genotype, read_depth, genotype_likelihood, phase_set, variant_id, call_set_id) VALUES('anonymousUser', 'allele_2702', '1/1', '57', 1, 'phase_set02', 'variant22','callset27');
INSERT INTO allele_call(auth_user_id, id, genotype, read_depth, genotype_likelihood, phase_set, variant_id, call_set_id) VALUES('anonymousUser', 'allele_2703', '0/0', '99', 1, 'phase_set03', 'variant23','callset27');
INSERT INTO allele_call(auth_user_id, id, genotype, read_depth, genotype_likelihood, phase_set, variant_id, call_set_id) VALUES('anonymousUser', 'allele_2704', '0/1', '35', 1, 'phase_set04', 'variant24','callset27');
INSERT INTO allele_call(auth_user_id, id, genotype, read_depth, genotype_likelihood, phase_set, variant_id, call_set_id) VALUES('anonymousUser', 'allele_2705', '0/0', '36', 1, 'phase_set05', 'variant25','callset27');
INSERT INTO allele_call(auth_user_id, id, genotype, read_depth, genotype_likelihood, phase_set, variant_id, call_set_id) VALUES('anonymousUser', 'allele_2706', '0/0', '29', 1, 'phase_set06', 'variant26','callset27');
INSERT INTO allele_call(auth_user_id, id, genotype, read_depth, genotype_likelihood, phase_set, variant_id, call_set_id) VALUES('anonymousUser', 'allele_2707', '0/0', '70', 1, 'phase_set07', 'variant27','callset27');
INSERT INTO allele_call(auth_user_id, id, genotype, read_depth, genotype_likelihood, phase_set, variant_id, call_set_id) VALUES('anonymousUser', 'allele_2708', '0/0', '85', 1, 'phase_set08', 'variant28','callset27');
INSERT INTO allele_call(auth_user_id, id, genotype, read_depth, genotype_likelihood, phase_set, variant_id, call_set_id) VALUES('anonymousUser', 'allele_2709', '1/0', '46', 1, 'phase_set09', 'variant29','callset27');
INSERT INTO allele_call(auth_user_id, id, genotype, read_depth, genotype_likelihood, phase_set, variant_id, call_set_id) VALUES('anonymousUser', 'allele_2710', '0/0', '83', 1, 'phase_set10', 'variant30','callset27');
INSERT INTO allele_call(auth_user_id, id, genotype, read_depth, genotype_likelihood, phase_set, variant_id, call_set_id) VALUES('anonymousUser', 'allele_2711', '1/0', '81', 1, 'phase_set11', 'variant31','callset27');
INSERT INTO allele_call(auth_user_id, id, genotype, read_depth, genotype_likelihood, phase_set, variant_id, call_set_id) VALUES('anonymousUser', 'allele_2712', '0/1', '85', 1, 'phase_set12', 'variant32','callset27');
INSERT INTO allele_call(auth_user_id, id, genotype, read_depth, genotype_likelihood, phase_set, variant_id, call_set_id) VALUES('anonymousUser', 'allele_2713', '0/0', '57', 1, 'phase_set13', 'variant33','callset27');
INSERT INTO allele_call(auth_user_id, id, genotype, read_depth, genotype_likelihood, phase_set, variant_id, call_set_id) VALUES('anonymousUser', 'allele_2714', '0/1', '99', 1, 'phase_set14', 'variant34','callset27');
INSERT INTO allele_call(auth_user_id, id, genotype, read_depth, genotype_likelihood, phase_set, variant_id, call_set_id) VALUES('anonymousUser', 'allele_2715', '1/1', '35', 1, 'phase_set15', 'variant35','callset27');
INSERT INTO allele_call(auth_user_id, id, genotype, read_depth, genotype_likelihood, phase_set, variant_id, call_set_id) VALUES('anonymousUser', 'allele_2716', '1/1', '36', 1, 'phase_set16', 'variant36','callset27');
INSERT INTO allele_call(auth_user_id, id, genotype, read_depth, genotype_likelihood, phase_set, variant_id, call_set_id) VALUES('anonymousUser', 'allele_2717', '0/0', '29', 1, 'phase_set17', 'variant37','callset27');
INSERT INTO allele_call(auth_user_id, id, genotype, read_depth, genotype_likelihood, phase_set, variant_id, call_set_id) VALUES('anonymousUser', 'allele_2718', '0/0', '70', 1, 'phase_set18', 'variant38','callset27');
INSERT INTO allele_call(auth_user_id, id, genotype, read_depth, genotype_likelihood, phase_set, variant_id, call_set_id) VALUES('anonymousUser', 'allele_2719', '1/0', '85', 1, 'phase_set19', 'variant39','callset27');
INSERT INTO allele_call(auth_user_id, id, genotype, read_depth, genotype_likelihood, phase_set, variant_id, call_set_id) VALUES('anonymousUser', 'allele_2720', '1/1', '46', 1, 'phase_set20', 'variant40','callset27');

INSERT INTO allele_call(auth_user_id, id, genotype, read_depth, genotype_likelihood, phase_set, variant_id, call_set_id) VALUES('anonymousUser', 'allele_2801', '.',   null, 1, 'phase_set01', 'variant21','callset28');
INSERT INTO allele_call(auth_user_id, id, genotype, read_depth, genotype_likelihood, phase_set, variant_id, call_set_id) VALUES('anonymousUser', 'allele_2802', '.',   null, 1, 'phase_set02', 'variant22','callset28');
INSERT INTO allele_call(auth_user_id, id, genotype, read_depth, genotype_likelihood, phase_set, variant_id, call_set_id) VALUES('anonymousUser', 'allele_2803', '.',   null, 1, 'phase_set03', 'variant23','callset28');
INSERT INTO allele_call(auth_user_id, id, genotype, read_depth, genotype_likelihood, phase_set, variant_id, call_set_id) VALUES('anonymousUser', 'allele_2804', '.',   null, 1, 'phase_set04', 'variant24','callset28');
INSERT INTO allele_call(auth_user_id, id, genotype, read_depth, genotype_likelihood, phase_set, variant_id, call_set_id) VALUES('anonymousUser', 'allele_2805', '.',   null, 1, 'phase_set05', 'variant25','callset28');
INSERT INTO allele_call(auth_user_id, id, genotype, read_depth, genotype_likelihood, phase_set, variant_id, call_set_id) VALUES('anonymousUser', 'allele_2806', '.',   null, 1, 'phase_set06', 'variant26','callset28');
INSERT INTO allele_call(auth_user_id, id, genotype, read_depth, genotype_likelihood, phase_set, variant_id, call_set_id) VALUES('anonymousUser', 'allele_2807', '.',   null, 1, 'phase_set07', 'variant27','callset28');
INSERT INTO allele_call(auth_user_id, id, genotype, read_depth, genotype_likelihood, phase_set, variant_id, call_set_id) VALUES('anonymousUser', 'allele_2808', '.',   null, 1, 'phase_set08', 'variant28','callset28');
INSERT INTO allele_call(auth_user_id, id, genotype, read_depth, genotype_likelihood, phase_set, variant_id, call_set_id) VALUES('anonymousUser', 'allele_2809', '.',   null, 1, 'phase_set09', 'variant29','callset28');
INSERT INTO allele_call(auth_user_id, id, genotype, read_depth, genotype_likelihood, phase_set, variant_id, call_set_id) VALUES('anonymousUser', 'allele_2810', '.',   null, 1, 'phase_set10', 'variant30','callset28');
INSERT INTO allele_call(auth_user_id, id, genotype, read_depth, genotype_likelihood, phase_set, variant_id, call_set_id) VALUES('anonymousUser', 'allele_2811', '.',   null, 1, 'phase_set11', 'variant31','callset28');
INSERT INTO allele_call(auth_user_id, id, genotype, read_depth, genotype_likelihood, phase_set, variant_id, call_set_id) VALUES('anonymousUser', 'allele_2812', '.',   null, 1, 'phase_set12', 'variant32','callset28');
INSERT INTO allele_call(auth_user_id, id, genotype, read_depth, genotype_likelihood, phase_set, variant_id, call_set_id) VALUES('anonymousUser', 'allele_2813', '.',   null, 1, 'phase_set13', 'variant33','callset28');
INSERT INTO allele_call(auth_user_id, id, genotype, read_depth, genotype_likelihood, phase_set, variant_id, call_set_id) VALUES('anonymousUser', 'allele_2814', '.',   null, 1, 'phase_set14', 'variant34','callset28');
INSERT INTO allele_call(auth_user_id, id, genotype, read_depth, genotype_likelihood, phase_set, variant_id, call_set_id) VALUES('anonymousUser', 'allele_2815', '.',   null, 1, 'phase_set15', 'variant35','callset28');
INSERT INTO allele_call(auth_user_id, id, genotype, read_depth, genotype_likelihood, phase_set, variant_id, call_set_id) VALUES('anonymousUser', 'allele_2816', '.',   null, 1, 'phase_set16', 'variant36','callset28');
INSERT INTO allele_call(auth_user_id, id, genotype, read_depth, genotype_likelihood, phase_set, variant_id, call_set_id) VALUES('anonymousUser', 'allele_2817', '.',   null, 1, 'phase_set17', 'variant37','callset28');
INSERT INTO allele_call(auth_user_id, id, genotype, read_depth, genotype_likelihood, phase_set, variant_id, call_set_id) VALUES('anonymousUser', 'allele_2818', '.',   null, 1, 'phase_set18', 'variant38','callset28');
INSERT INTO allele_call(auth_user_id, id, genotype, read_depth, genotype_likelihood, phase_set, variant_id, call_set_id) VALUES('anonymousUser', 'allele_2819', '1/0', '85', 1, 'phase_set19', 'variant39','callset28');
INSERT INTO allele_call(auth_user_id, id, genotype, read_depth, genotype_likelihood, phase_set, variant_id, call_set_id) VALUES('anonymousUser', 'allele_2820', '1/1', '85', 1, 'phase_set20', 'variant40','callset28');

INSERT INTO allele_call(auth_user_id, id, genotype, read_depth, genotype_likelihood, phase_set, variant_id, call_set_id) VALUES('anonymousUser', 'allele_2901', '0/1', '85', 1, 'phase_set01', 'variant21','callset29');
INSERT INTO allele_call(auth_user_id, id, genotype, read_depth, genotype_likelihood, phase_set, variant_id, call_set_id) VALUES('anonymousUser', 'allele_2902', '1/1', '57', 1, 'phase_set02', 'variant22','callset29');
INSERT INTO allele_call(auth_user_id, id, genotype, read_depth, genotype_likelihood, phase_set, variant_id, call_set_id) VALUES('anonymousUser', 'allele_2903', '0/1', '99', 1, 'phase_set03', 'variant23','callset29');
INSERT INTO allele_call(auth_user_id, id, genotype, read_depth, genotype_likelihood, phase_set, variant_id, call_set_id) VALUES('anonymousUser', 'allele_2904', '0/1', '35', 1, 'phase_set04', 'variant24','callset29');
INSERT INTO allele_call(auth_user_id, id, genotype, read_depth, genotype_likelihood, phase_set, variant_id, call_set_id) VALUES('anonymousUser', 'allele_2905', '1/1', '36', 1, 'phase_set05', 'variant25','callset29');
INSERT INTO allele_call(auth_user_id, id, genotype, read_depth, genotype_likelihood, phase_set, variant_id, call_set_id) VALUES('anonymousUser', 'allele_2906', '0/0', '29', 1, 'phase_set06', 'variant26','callset29');
INSERT INTO allele_call(auth_user_id, id, genotype, read_depth, genotype_likelihood, phase_set, variant_id, call_set_id) VALUES('anonymousUser', 'allele_2907', '0/0', '70', 1, 'phase_set07', 'variant27','callset29');
INSERT INTO allele_call(auth_user_id, id, genotype, read_depth, genotype_likelihood, phase_set, variant_id, call_set_id) VALUES('anonymousUser', 'allele_2908', '0/0', '85', 1, 'phase_set08', 'variant28','callset29');
INSERT INTO allele_call(auth_user_id, id, genotype, read_depth, genotype_likelihood, phase_set, variant_id, call_set_id) VALUES('anonymousUser', 'allele_2909', '1/0', '46', 1, 'phase_set09', 'variant29','callset29');
INSERT INTO allele_call(auth_user_id, id, genotype, read_depth, genotype_likelihood, phase_set, variant_id, call_set_id) VALUES('anonymousUser', 'allele_2910', '1/1', '83', 1, 'phase_set10', 'variant30','callset29');
INSERT INTO allele_call(auth_user_id, id, genotype, read_depth, genotype_likelihood, phase_set, variant_id, call_set_id) VALUES('anonymousUser', 'allele_2911', '1/0', '81', 1, 'phase_set11', 'variant31','callset29');
INSERT INTO allele_call(auth_user_id, id, genotype, read_depth, genotype_likelihood, phase_set, variant_id, call_set_id) VALUES('anonymousUser', 'allele_2912', '0/1', '85', 1, 'phase_set12', 'variant32','callset29');
INSERT INTO allele_call(auth_user_id, id, genotype, read_depth, genotype_likelihood, phase_set, variant_id, call_set_id) VALUES('anonymousUser', 'allele_2913', '0/0', '57', 1, 'phase_set13', 'variant33','callset29');
INSERT INTO allele_call(auth_user_id, id, genotype, read_depth, genotype_likelihood, phase_set, variant_id, call_set_id) VALUES('anonymousUser', 'allele_2914', '0/1', '99', 1, 'phase_set14', 'variant34','callset29');
INSERT INTO allele_call(auth_user_id, id, genotype, read_depth, genotype_likelihood, phase_set, variant_id, call_set_id) VALUES('anonymousUser', 'allele_2915', '1/1', '35', 1, 'phase_set15', 'variant35','callset29');
INSERT INTO allele_call(auth_user_id, id, genotype, read_depth, genotype_likelihood, phase_set, variant_id, call_set_id) VALUES('anonymousUser', 'allele_2916', '1/1', '36', 1, 'phase_set16', 'variant36','callset29');
INSERT INTO allele_call(auth_user_id, id, genotype, read_depth, genotype_likelihood, phase_set, variant_id, call_set_id) VALUES('anonymousUser', 'allele_2917', '0/0', '29', 1, 'phase_set17', 'variant37','callset29');
INSERT INTO allele_call(auth_user_id, id, genotype, read_depth, genotype_likelihood, phase_set, variant_id, call_set_id) VALUES('anonymousUser', 'allele_2918', '0/0', '70', 1, 'phase_set18', 'variant38','callset29');
INSERT INTO allele_call(auth_user_id, id, genotype, read_depth, genotype_likelihood, phase_set, variant_id, call_set_id) VALUES('anonymousUser', 'allele_2919', '1/0', '85', 1, 'phase_set19', 'variant39','callset29');
INSERT INTO allele_call(auth_user_id, id, genotype, read_depth, genotype_likelihood, phase_set, variant_id, call_set_id) VALUES('anonymousUser', 'allele_2920', '1/1', '46', 1, 'phase_set20', 'variant40','callset29');

INSERT INTO allele_call(auth_user_id, id, genotype, read_depth, genotype_likelihood, phase_set, variant_id, call_set_id) VALUES('anonymousUser', 'allele_3001', '0/1', '85', 1, 'phase_set01', 'variant21','callset30');
INSERT INTO allele_call(auth_user_id, id, genotype, read_depth, genotype_likelihood, phase_set, variant_id, call_set_id) VALUES('anonymousUser', 'allele_3002', '1/1', '57', 1, 'phase_set02', 'variant22','callset30');
INSERT INTO allele_call(auth_user_id, id, genotype, read_depth, genotype_likelihood, phase_set, variant_id, call_set_id) VALUES('anonymousUser', 'allele_3003', '0/1', '99', 1, 'phase_set03', 'variant23','callset30');
INSERT INTO allele_call(auth_user_id, id, genotype, read_depth, genotype_likelihood, phase_set, variant_id, call_set_id) VALUES('anonymousUser', 'allele_3004', '0/1', '35', 1, 'phase_set04', 'variant24','callset30');
INSERT INTO allele_call(auth_user_id, id, genotype, read_depth, genotype_likelihood, phase_set, variant_id, call_set_id) VALUES('anonymousUser', 'allele_3005', '1/1', '36', 1, 'phase_set05', 'variant25','callset30');
INSERT INTO allele_call(auth_user_id, id, genotype, read_depth, genotype_likelihood, phase_set, variant_id, call_set_id) VALUES('anonymousUser', 'allele_3006', '0/0', '29', 1, 'phase_set06', 'variant26','callset30');
INSERT INTO allele_call(auth_user_id, id, genotype, read_depth, genotype_likelihood, phase_set, variant_id, call_set_id) VALUES('anonymousUser', 'allele_3007', '0/0', '70', 1, 'phase_set07', 'variant27','callset30');
INSERT INTO allele_call(auth_user_id, id, genotype, read_depth, genotype_likelihood, phase_set, variant_id, call_set_id) VALUES('anonymousUser', 'allele_3008', '0/0', '85', 1, 'phase_set08', 'variant28','callset30');
INSERT INTO allele_call(auth_user_id, id, genotype, read_depth, genotype_likelihood, phase_set, variant_id, call_set_id) VALUES('anonymousUser', 'allele_3009', '1/0', '46', 1, 'phase_set09', 'variant29','callset30');
INSERT INTO allele_call(auth_user_id, id, genotype, read_depth, genotype_likelihood, phase_set, variant_id, call_set_id) VALUES('anonymousUser', 'allele_3010', '1/1', '83', 1, 'phase_set10', 'variant30','callset30');
INSERT INTO allele_call(auth_user_id, id, genotype, read_depth, genotype_likelihood, phase_set, variant_id, call_set_id) VALUES('anonymousUser', 'allele_3011', '1/0', '81', 1, 'phase_set11', 'variant31','callset30');
INSERT INTO allele_call(auth_user_id, id, genotype, read_depth, genotype_likelihood, phase_set, variant_id, call_set_id) VALUES('anonymousUser', 'allele_3012', '0/1', '85', 1, 'phase_set12', 'variant32','callset30');
INSERT INTO allele_call(auth_user_id, id, genotype, read_depth, genotype_likelihood, phase_set, variant_id, call_set_id) VALUES('anonymousUser', 'allele_3013', '0/0', '57', 1, 'phase_set13', 'variant33','callset30');
INSERT INTO allele_call(auth_user_id, id, genotype, read_depth, genotype_likelihood, phase_set, variant_id, call_set_id) VALUES('anonymousUser', 'allele_3014', '0/1', '99', 1, 'phase_set14', 'variant34','callset30');
INSERT INTO allele_call(auth_user_id, id, genotype, read_depth, genotype_likelihood, phase_set, variant_id, call_set_id) VALUES('anonymousUser', 'allele_3015', '1/1', '35', 1, 'phase_set15', 'variant35','callset30');
INSERT INTO allele_call(auth_user_id, id, genotype, read_depth, genotype_likelihood, phase_set, variant_id, call_set_id) VALUES('anonymousUser', 'allele_3016', '1/1', '36', 1, 'phase_set16', 'variant36','callset30');
INSERT INTO allele_call(auth_user_id, id, genotype, read_depth, genotype_likelihood, phase_set, variant_id, call_set_id) VALUES('anonymousUser', 'allele_3017', '0/0', '29', 1, 'phase_set17', 'variant37','callset30');
INSERT INTO allele_call(auth_user_id, id, genotype, read_depth, genotype_likelihood, phase_set, variant_id, call_set_id) VALUES('anonymousUser', 'allele_3018', '0/0', '70', 1, 'phase_set18', 'variant38','callset30');
INSERT INTO allele_call(auth_user_id, id, genotype, read_depth, genotype_likelihood, phase_set, variant_id, call_set_id) VALUES('anonymousUser', 'allele_3019', '1/0', '85', 1, 'phase_set19', 'variant39','callset30');
INSERT INTO allele_call(auth_user_id, id, genotype, read_depth, genotype_likelihood, phase_set, variant_id, call_set_id) VALUES('anonymousUser', 'allele_3020', '1/1', '46', 1, 'phase_set20', 'variant40','callset30');

INSERT INTO allele_call(auth_user_id, id, genotype, read_depth, genotype_likelihood, phase_set, variant_id, call_set_id) VALUES('anonymousUser', 'allele_3101', '0/0', '85', 1, 'phase_set01', 'variant21','callset31');
INSERT INTO allele_call(auth_user_id, id, genotype, read_depth, genotype_likelihood, phase_set, variant_id, call_set_id) VALUES('anonymousUser', 'allele_3102', '1/1', '57', 1, 'phase_set02', 'variant22','callset31');
INSERT INTO allele_call(auth_user_id, id, genotype, read_depth, genotype_likelihood, phase_set, variant_id, call_set_id) VALUES('anonymousUser', 'allele_3103', '0/0', '99', 1, 'phase_set03', 'variant23','callset31');
INSERT INTO allele_call(auth_user_id, id, genotype, read_depth, genotype_likelihood, phase_set, variant_id, call_set_id) VALUES('anonymousUser', 'allele_3104', '0/0', '35', 1, 'phase_set04', 'variant24','callset31');
INSERT INTO allele_call(auth_user_id, id, genotype, read_depth, genotype_likelihood, phase_set, variant_id, call_set_id) VALUES('anonymousUser', 'allele_3105', '1/1', '36', 1, 'phase_set05', 'variant25','callset31');
INSERT INTO allele_call(auth_user_id, id, genotype, read_depth, genotype_likelihood, phase_set, variant_id, call_set_id) VALUES('anonymousUser', 'allele_3106', '0/0', '29', 1, 'phase_set06', 'variant26','callset31');
INSERT INTO allele_call(auth_user_id, id, genotype, read_depth, genotype_likelihood, phase_set, variant_id, call_set_id) VALUES('anonymousUser', 'allele_3107', '0/0', '70', 1, 'phase_set07', 'variant27','callset31');
INSERT INTO allele_call(auth_user_id, id, genotype, read_depth, genotype_likelihood, phase_set, variant_id, call_set_id) VALUES('anonymousUser', 'allele_3108', '0/0', '85', 1, 'phase_set08', 'variant28','callset31');
INSERT INTO allele_call(auth_user_id, id, genotype, read_depth, genotype_likelihood, phase_set, variant_id, call_set_id) VALUES('anonymousUser', 'allele_3109', '1/1', '46', 1, 'phase_set09', 'variant29','callset31');
INSERT INTO allele_call(auth_user_id, id, genotype, read_depth, genotype_likelihood, phase_set, variant_id, call_set_id) VALUES('anonymousUser', 'allele_3110', '1/1', '83', 1, 'phase_set10', 'variant30','callset31');
INSERT INTO allele_call(auth_user_id, id, genotype, read_depth, genotype_likelihood, phase_set, variant_id, call_set_id) VALUES('anonymousUser', 'allele_3111', '0/0', '81', 1, 'phase_set11', 'variant31','callset31');
INSERT INTO allele_call(auth_user_id, id, genotype, read_depth, genotype_likelihood, phase_set, variant_id, call_set_id) VALUES('anonymousUser', 'allele_3112', '1/1', '85', 1, 'phase_set12', 'variant32','callset31');
INSERT INTO allele_call(auth_user_id, id, genotype, read_depth, genotype_likelihood, phase_set, variant_id, call_set_id) VALUES('anonymousUser', 'allele_3113', '0/0', '57', 1, 'phase_set13', 'variant33','callset31');
INSERT INTO allele_call(auth_user_id, id, genotype, read_depth, genotype_likelihood, phase_set, variant_id, call_set_id) VALUES('anonymousUser', 'allele_3114', '0/0', '99', 1, 'phase_set14', 'variant34','callset31');
INSERT INTO allele_call(auth_user_id, id, genotype, read_depth, genotype_likelihood, phase_set, variant_id, call_set_id) VALUES('anonymousUser', 'allele_3115', '1/1', '35', 1, 'phase_set15', 'variant35','callset31');
INSERT INTO allele_call(auth_user_id, id, genotype, read_depth, genotype_likelihood, phase_set, variant_id, call_set_id) VALUES('anonymousUser', 'allele_3116', '1/1', '36', 1, 'phase_set16', 'variant36','callset31');
INSERT INTO allele_call(auth_user_id, id, genotype, read_depth, genotype_likelihood, phase_set, variant_id, call_set_id) VALUES('anonymousUser', 'allele_3117', '0/0', '29', 1, 'phase_set17', 'variant37','callset31');
INSERT INTO allele_call(auth_user_id, id, genotype, read_depth, genotype_likelihood, phase_set, variant_id, call_set_id) VALUES('anonymousUser', 'allele_3118', '0/0', '70', 1, 'phase_set18', 'variant38','callset31');
INSERT INTO allele_call(auth_user_id, id, genotype, read_depth, genotype_likelihood, phase_set, variant_id, call_set_id) VALUES('anonymousUser', 'allele_3119', '1/1', '85', 1, 'phase_set19', 'variant39','callset31');
INSERT INTO allele_call(auth_user_id, id, genotype, read_depth, genotype_likelihood, phase_set, variant_id, call_set_id) VALUES('anonymousUser', 'allele_3120', '1/1', '46', 1, 'phase_set20', 'variant40','callset31');

INSERT INTO allele_call(auth_user_id, id, genotype, read_depth, genotype_likelihood, phase_set, variant_id, call_set_id) VALUES('anonymousUser', 'allele_3201', '0/1', '85', 1, 'phase_set01', 'variant21','callset32');
INSERT INTO allele_call(auth_user_id, id, genotype, read_depth, genotype_likelihood, phase_set, variant_id, call_set_id) VALUES('anonymousUser', 'allele_3202', '1/1', '57', 1, 'phase_set02', 'variant22','callset32');
INSERT INTO allele_call(auth_user_id, id, genotype, read_depth, genotype_likelihood, phase_set, variant_id, call_set_id) VALUES('anonymousUser', 'allele_3203', '0/1', '99', 1, 'phase_set03', 'variant23','callset32');
INSERT INTO allele_call(auth_user_id, id, genotype, read_depth, genotype_likelihood, phase_set, variant_id, call_set_id) VALUES('anonymousUser', 'allele_3204', '0/1', '35', 1, 'phase_set04', 'variant24','callset32');
INSERT INTO allele_call(auth_user_id, id, genotype, read_depth, genotype_likelihood, phase_set, variant_id, call_set_id) VALUES('anonymousUser', 'allele_3205', '1/1', '36', 1, 'phase_set05', 'variant25','callset32');
INSERT INTO allele_call(auth_user_id, id, genotype, read_depth, genotype_likelihood, phase_set, variant_id, call_set_id) VALUES('anonymousUser', 'allele_3206', '0/0', '29', 1, 'phase_set06', 'variant26','callset32');
INSERT INTO allele_call(auth_user_id, id, genotype, read_depth, genotype_likelihood, phase_set, variant_id, call_set_id) VALUES('anonymousUser', 'allele_3207', '0/0', '70', 1, 'phase_set07', 'variant27','callset32');
INSERT INTO allele_call(auth_user_id, id, genotype, read_depth, genotype_likelihood, phase_set, variant_id, call_set_id) VALUES('anonymousUser', 'allele_3208', '0/0', '85', 1, 'phase_set08', 'variant28','callset32');
INSERT INTO allele_call(auth_user_id, id, genotype, read_depth, genotype_likelihood, phase_set, variant_id, call_set_id) VALUES('anonymousUser', 'allele_3209', '1/0', '46', 1, 'phase_set09', 'variant29','callset32');
INSERT INTO allele_call(auth_user_id, id, genotype, read_depth, genotype_likelihood, phase_set, variant_id, call_set_id) VALUES('anonymousUser', 'allele_3210', '1/1', '83', 1, 'phase_set10', 'variant30','callset32');
INSERT INTO allele_call(auth_user_id, id, genotype, read_depth, genotype_likelihood, phase_set, variant_id, call_set_id) VALUES('anonymousUser', 'allele_3211', '1/0', '81', 1, 'phase_set11', 'variant31','callset32');
INSERT INTO allele_call(auth_user_id, id, genotype, read_depth, genotype_likelihood, phase_set, variant_id, call_set_id) VALUES('anonymousUser', 'allele_3212', '0/1', '85', 1, 'phase_set12', 'variant32','callset32');
INSERT INTO allele_call(auth_user_id, id, genotype, read_depth, genotype_likelihood, phase_set, variant_id, call_set_id) VALUES('anonymousUser', 'allele_3213', '0/0', '57', 1, 'phase_set13', 'variant33','callset32');
INSERT INTO allele_call(auth_user_id, id, genotype, read_depth, genotype_likelihood, phase_set, variant_id, call_set_id) VALUES('anonymousUser', 'allele_3214', '0/1', '99', 1, 'phase_set14', 'variant34','callset32');
INSERT INTO allele_call(auth_user_id, id, genotype, read_depth, genotype_likelihood, phase_set, variant_id, call_set_id) VALUES('anonymousUser', 'allele_3215', '1/1', '35', 1, 'phase_set15', 'variant35','callset32');
INSERT INTO allele_call(auth_user_id, id, genotype, read_depth, genotype_likelihood, phase_set, variant_id, call_set_id) VALUES('anonymousUser', 'allele_3216', '1/1', '36', 1, 'phase_set16', 'variant36','callset32');
INSERT INTO allele_call(auth_user_id, id, genotype, read_depth, genotype_likelihood, phase_set, variant_id, call_set_id) VALUES('anonymousUser', 'allele_3217', '0/0', '29', 1, 'phase_set17', 'variant37','callset32');
INSERT INTO allele_call(auth_user_id, id, genotype, read_depth, genotype_likelihood, phase_set, variant_id, call_set_id) VALUES('anonymousUser', 'allele_3218', '0/0', '70', 1, 'phase_set18', 'variant38','callset32');
INSERT INTO allele_call(auth_user_id, id, genotype, read_depth, genotype_likelihood, phase_set, variant_id, call_set_id) VALUES('anonymousUser', 'allele_3219', '1/0', '85', 1, 'phase_set19', 'variant39','callset32');
INSERT INTO allele_call(auth_user_id, id, genotype, read_depth, genotype_likelihood, phase_set, variant_id, call_set_id) VALUES('anonymousUser', 'allele_3220', '1/1', '46', 1, 'phase_set20', 'variant40','callset32');

INSERT INTO allele_call(auth_user_id, id, genotype, read_depth, genotype_likelihood, phase_set, variant_id, call_set_id) VALUES('anonymousUser', 'allele_3301', '.',   null, 1, 'phase_set01', 'variant21','callset33');
INSERT INTO allele_call(auth_user_id, id, genotype, read_depth, genotype_likelihood, phase_set, variant_id, call_set_id) VALUES('anonymousUser', 'allele_3302', '1/1', '57', 1, 'phase_set02', 'variant22','callset33');
INSERT INTO allele_call(auth_user_id, id, genotype, read_depth, genotype_likelihood, phase_set, variant_id, call_set_id) VALUES('anonymousUser', 'allele_3303', '0/1', '99', 1, 'phase_set03', 'variant23','callset33');
INSERT INTO allele_call(auth_user_id, id, genotype, read_depth, genotype_likelihood, phase_set, variant_id, call_set_id) VALUES('anonymousUser', 'allele_3304', '0/1', '35', 1, 'phase_set04', 'variant24','callset33');
INSERT INTO allele_call(auth_user_id, id, genotype, read_depth, genotype_likelihood, phase_set, variant_id, call_set_id) VALUES('anonymousUser', 'allele_3305', '1/1', '36', 1, 'phase_set05', 'variant25','callset33');
INSERT INTO allele_call(auth_user_id, id, genotype, read_depth, genotype_likelihood, phase_set, variant_id, call_set_id) VALUES('anonymousUser', 'allele_3306', '0/0', '29', 1, 'phase_set06', 'variant26','callset33');
INSERT INTO allele_call(auth_user_id, id, genotype, read_depth, genotype_likelihood, phase_set, variant_id, call_set_id) VALUES('anonymousUser', 'allele_3307', '0/0', '70', 1, 'phase_set07', 'variant27','callset33');
INSERT INTO allele_call(auth_user_id, id, genotype, read_depth, genotype_likelihood, phase_set, variant_id, call_set_id) VALUES('anonymousUser', 'allele_3308', '0/0', '85', 1, 'phase_set08', 'variant28','callset33');
INSERT INTO allele_call(auth_user_id, id, genotype, read_depth, genotype_likelihood, phase_set, variant_id, call_set_id) VALUES('anonymousUser', 'allele_3309', '1/0', '46', 1, 'phase_set09', 'variant29','callset33');
INSERT INTO allele_call(auth_user_id, id, genotype, read_depth, genotype_likelihood, phase_set, variant_id, call_set_id) VALUES('anonymousUser', 'allele_3310', '1/1', '83', 1, 'phase_set10', 'variant30','callset33');
INSERT INTO allele_call(auth_user_id, id, genotype, read_depth, genotype_likelihood, phase_set, variant_id, call_set_id) VALUES('anonymousUser', 'allele_3311', '1/0', '81', 1, 'phase_set11', 'variant31','callset33');
INSERT INTO allele_call(auth_user_id, id, genotype, read_depth, genotype_likelihood, phase_set, variant_id, call_set_id) VALUES('anonymousUser', 'allele_3312', '0/1', '85', 1, 'phase_set12', 'variant32','callset33');
INSERT INTO allele_call(auth_user_id, id, genotype, read_depth, genotype_likelihood, phase_set, variant_id, call_set_id) VALUES('anonymousUser', 'allele_3313', '0/0', '57', 1, 'phase_set13', 'variant33','callset33');
INSERT INTO allele_call(auth_user_id, id, genotype, read_depth, genotype_likelihood, phase_set, variant_id, call_set_id) VALUES('anonymousUser', 'allele_3314', '0/1', '99', 1, 'phase_set14', 'variant34','callset33');
INSERT INTO allele_call(auth_user_id, id, genotype, read_depth, genotype_likelihood, phase_set, variant_id, call_set_id) VALUES('anonymousUser', 'allele_3315', '1/1', '35', 1, 'phase_set15', 'variant35','callset33');
INSERT INTO allele_call(auth_user_id, id, genotype, read_depth, genotype_likelihood, phase_set, variant_id, call_set_id) VALUES('anonymousUser', 'allele_3316', '1/1', '36', 1, 'phase_set16', 'variant36','callset33');
INSERT INTO allele_call(auth_user_id, id, genotype, read_depth, genotype_likelihood, phase_set, variant_id, call_set_id) VALUES('anonymousUser', 'allele_3317', '0/0', '29', 1, 'phase_set17', 'variant37','callset33');
INSERT INTO allele_call(auth_user_id, id, genotype, read_depth, genotype_likelihood, phase_set, variant_id, call_set_id) VALUES('anonymousUser', 'allele_3318', '0/0', '70', 1, 'phase_set18', 'variant38','callset33');
INSERT INTO allele_call(auth_user_id, id, genotype, read_depth, genotype_likelihood, phase_set, variant_id, call_set_id) VALUES('anonymousUser', 'allele_3319', '1/0', '85', 1, 'phase_set19', 'variant39','callset33');
INSERT INTO allele_call(auth_user_id, id, genotype, read_depth, genotype_likelihood, phase_set, variant_id, call_set_id) VALUES('anonymousUser', 'allele_3320', '1/1', '46', 1, 'phase_set20', 'variant40','callset33');
