INSERT INTO variantset (auth_user_id, id, variant_set_name, reference_set_id, study_id) VALUES('anonymousUser', 'variantset1', 'Dummy VariantSet 1', 'reference_set1', 'study3');

INSERT INTO variantset_analysis (id, analysis_name, created, description, "type", updated, variant_set_id) VALUES('variantset_analysis1', 'Standard QC', '2019-11-23', 'This is a formal description of a QC methodology. Blah blah blah ...', 'QC', '2019-11-23', 'variantset1');
INSERT INTO variant_set_analysis_entity_software (variant_set_analysis_entity_id, software) VALUES('variantset_analysis1', 'https://github.com/fake-genotyping/QC');
INSERT INTO variantset_format (id, data_format, file_format, fileurl, variant_set_id) VALUES('variantset_format1', 4, 0, 'https://test-server.brapi.org/brapi/v2/allelematrix?variantSetDbId=variantset1', 'variantset1');
INSERT INTO variantset_format (id, data_format, file_format, fileurl, variant_set_id) VALUES('variantset_format2', 2, 2, 'https://test-server.brapi.org/brapi/v2/docs/variantset_1_Hapmap.tsv', 'variantset1');
INSERT INTO variantset_format (id, data_format, file_format, fileurl, variant_set_id) VALUES('variantset_format3', 1, 2, 'https://test-server.brapi.org/brapi/v2/docs/variantset_1_VCF.vcf', 'variantset1');
INSERT INTO external_reference(id, external_reference_id, external_reference_source) VALUES('variantset_er_1', 'https://brapi.org/specification', 'BrAPI Doc');
INSERT INTO variantset_external_references(variant_set_entity_id, external_references_id) VALUES('variantset1', 'variantset_er_1');

INSERT INTO callset (auth_user_id, id, call_set_name, created, updated, sample_id) VALUES('anonymousUser', 'callset01', 'P2', '2019-11-22', '2019-11-23', 'sample3');
INSERT INTO callset_variant_sets (call_sets_id, variant_sets_id) VALUES('callset01', 'variantset1');
INSERT INTO callset (auth_user_id, id, call_set_name, created, updated, sample_id) VALUES('anonymousUser', 'callset02', 'F1-1', '2019-11-22', '2019-11-23', 'sample2');
INSERT INTO callset_variant_sets (call_sets_id, variant_sets_id) VALUES('callset02', 'variantset1');
INSERT INTO callset (auth_user_id, id, call_set_name, created, updated, sample_id) VALUES('anonymousUser', 'callset03', 'F1-2', '2019-11-22', '2019-11-23', 'sample1');
INSERT INTO callset_variant_sets (call_sets_id, variant_sets_id) VALUES('callset03', 'variantset1');
INSERT INTO callset (auth_user_id, id, call_set_name, created, updated, sample_id) VALUES('anonymousUser', 'callset04', 'F1-3', '2019-11-22', '2019-11-23', 'sample3');
INSERT INTO callset_variant_sets (call_sets_id, variant_sets_id) VALUES('callset04', 'variantset1');
INSERT INTO callset (auth_user_id, id, call_set_name, created, updated, sample_id) VALUES('anonymousUser', 'callset05', 'F1-4', '2019-11-22', '2019-11-23', 'sample2');
INSERT INTO callset_variant_sets (call_sets_id, variant_sets_id) VALUES('callset05', 'variantset1');
INSERT INTO callset (auth_user_id, id, call_set_name, created, updated, sample_id) VALUES('anonymousUser', 'callset06', 'F1-5', '2019-11-22', '2019-11-23', 'sample1');
INSERT INTO callset_variant_sets (call_sets_id, variant_sets_id) VALUES('callset06', 'variantset1');
INSERT INTO callset (auth_user_id, id, call_set_name, created, updated, sample_id) VALUES('anonymousUser', 'callset07', 'F1-6', '2019-11-22', '2019-11-23', 'sample3');
INSERT INTO callset_variant_sets (call_sets_id, variant_sets_id) VALUES('callset07', 'variantset1');
INSERT INTO callset (auth_user_id, id, call_set_name, created, updated, sample_id) VALUES('anonymousUser', 'callset08', 'F1-7', '2019-11-22', '2019-11-23', 'sample2');
INSERT INTO callset_variant_sets (call_sets_id, variant_sets_id) VALUES('callset08', 'variantset1');
INSERT INTO callset (auth_user_id, id, call_set_name, created, updated, sample_id) VALUES('anonymousUser', 'callset09', 'F1-8', '2019-11-22', '2019-11-23', 'sample1');
INSERT INTO callset_variant_sets (call_sets_id, variant_sets_id) VALUES('callset09', 'variantset1');
INSERT INTO callset (auth_user_id, id, call_set_name, created, updated, sample_id) VALUES('anonymousUser', 'callset10', 'F1-9', '2019-11-22', '2019-11-23', 'sample3');
INSERT INTO callset_variant_sets (call_sets_id, variant_sets_id) VALUES('callset10', 'variantset1');
INSERT INTO callset (auth_user_id, id, call_set_name, created, updated, sample_id) VALUES('anonymousUser', 'callset11', 'F1-10', '2019-11-22', '2019-11-23', 'sample2');
INSERT INTO callset_variant_sets (call_sets_id, variant_sets_id) VALUES('callset11', 'variantset1');
INSERT INTO callset (auth_user_id, id, call_set_name, created, updated, sample_id) VALUES('anonymousUser', 'callset12', 'F1-11', '2019-11-22', '2019-11-23', 'sample1');
INSERT INTO callset_variant_sets (call_sets_id, variant_sets_id) VALUES('callset12', 'variantset1');
INSERT INTO callset (auth_user_id, id, call_set_name, created, updated, sample_id) VALUES('anonymousUser', 'callset13', 'F1-12', '2019-11-22', '2019-11-23', 'sample3');
INSERT INTO callset_variant_sets (call_sets_id, variant_sets_id) VALUES('callset13', 'variantset1');

INSERT INTO variant (auth_user_id, id, variant_name, variant_set_id) VALUES('anonymousUser', 'variant01', 'M1', 'variantset1');
INSERT INTO variant (auth_user_id, id, variant_name, variant_set_id) VALUES('anonymousUser', 'variant02', 'M2', 'variantset1');
INSERT INTO variant (auth_user_id, id, variant_name, variant_set_id) VALUES('anonymousUser', 'variant03', 'M3', 'variantset1');
INSERT INTO variant (auth_user_id, id, variant_name, variant_set_id) VALUES('anonymousUser', 'variant04', 'M4', 'variantset1');
INSERT INTO variant (auth_user_id, id, variant_name, variant_set_id) VALUES('anonymousUser', 'variant05', 'M5', 'variantset1');
INSERT INTO variant (auth_user_id, id, variant_name, variant_set_id) VALUES('anonymousUser', 'variant06', 'M6', 'variantset1');
INSERT INTO variant (auth_user_id, id, variant_name, variant_set_id) VALUES('anonymousUser', 'variant07', 'M7', 'variantset1');
INSERT INTO variant (auth_user_id, id, variant_name, variant_set_id) VALUES('anonymousUser', 'variant08', 'M8', 'variantset1');
INSERT INTO variant (auth_user_id, id, variant_name, variant_set_id) VALUES('anonymousUser', 'variant09', 'M9', 'variantset1');
INSERT INTO variant (auth_user_id, id, variant_name, variant_set_id) VALUES('anonymousUser', 'variant10', 'M10', 'variantset1');
INSERT INTO variant (auth_user_id, id, variant_name, variant_set_id) VALUES('anonymousUser', 'variant11', 'M11', 'variantset1');
INSERT INTO variant (auth_user_id, id, variant_name, variant_set_id) VALUES('anonymousUser', 'variant12', 'M12', 'variantset1');
INSERT INTO variant (auth_user_id, id, variant_name, variant_set_id) VALUES('anonymousUser', 'variant13', 'M13', 'variantset1');
INSERT INTO variant (auth_user_id, id, variant_name, variant_set_id) VALUES('anonymousUser', 'variant14', 'M14', 'variantset1');
INSERT INTO variant (auth_user_id, id, variant_name, variant_set_id) VALUES('anonymousUser', 'variant15', 'M15', 'variantset1');
INSERT INTO variant (auth_user_id, id, variant_name, variant_set_id) VALUES('anonymousUser', 'variant16', 'M16', 'variantset1');
INSERT INTO variant (auth_user_id, id, variant_name, variant_set_id) VALUES('anonymousUser', 'variant17', 'M17', 'variantset1');
INSERT INTO variant (auth_user_id, id, variant_name, variant_set_id) VALUES('anonymousUser', 'variant18', 'M18', 'variantset1');
INSERT INTO variant (auth_user_id, id, variant_name, variant_set_id) VALUES('anonymousUser', 'variant19', 'M19', 'variantset1');
INSERT INTO variant (auth_user_id, id, variant_name, variant_set_id) VALUES('anonymousUser', 'variant20', 'M20', 'variantset1');

INSERT INTO allele_call(auth_user_id, id, genotype, read_depth, genotype_likelihood, phase_set, variant_id, call_set_id) VALUES('anonymousUser', 'allele_0101', '0/0', '85', 1, 'phase_set01', 'variant01','callset01');
INSERT INTO allele_call(auth_user_id, id, genotype, read_depth, genotype_likelihood, phase_set, variant_id, call_set_id) VALUES('anonymousUser', 'allele_0102', '0/0', '57', 1, 'phase_set02', 'variant02','callset01');
INSERT INTO allele_call(auth_user_id, id, genotype, read_depth, genotype_likelihood, phase_set, variant_id, call_set_id) VALUES('anonymousUser', 'allele_0103', '0/0', '99', 1, 'phase_set03', 'variant03','callset01');
INSERT INTO allele_call(auth_user_id, id, genotype, read_depth, genotype_likelihood, phase_set, variant_id, call_set_id) VALUES('anonymousUser', 'allele_0104', '0/0', '35', 1, 'phase_set04', 'variant04','callset01');
INSERT INTO allele_call(auth_user_id, id, genotype, read_depth, genotype_likelihood, phase_set, variant_id, call_set_id) VALUES('anonymousUser', 'allele_0105', '0/0', '36', 1, 'phase_set05', 'variant05','callset01');
INSERT INTO allele_call(auth_user_id, id, genotype, read_depth, genotype_likelihood, phase_set, variant_id, call_set_id) VALUES('anonymousUser', 'allele_0106', '0/1', '29', 1, 'phase_set06', 'variant06','callset01');
INSERT INTO allele_call(auth_user_id, id, genotype, read_depth, genotype_likelihood, phase_set, variant_id, call_set_id) VALUES('anonymousUser', 'allele_0107', '0/1', '70', 1, 'phase_set07', 'variant07','callset01');
INSERT INTO allele_call(auth_user_id, id, genotype, read_depth, genotype_likelihood, phase_set, variant_id, call_set_id) VALUES('anonymousUser', 'allele_0108', '1/0', '85', 1, 'phase_set08', 'variant08','callset01');
INSERT INTO allele_call(auth_user_id, id, genotype, read_depth, genotype_likelihood, phase_set, variant_id, call_set_id) VALUES('anonymousUser', 'allele_0109', '1/0', '46', 1, 'phase_set09', 'variant09','callset01');
INSERT INTO allele_call(auth_user_id, id, genotype, read_depth, genotype_likelihood, phase_set, variant_id, call_set_id) VALUES('anonymousUser', 'allele_0110', '0/0', '83', 1, 'phase_set10', 'variant10','callset01');
INSERT INTO allele_call(auth_user_id, id, genotype, read_depth, genotype_likelihood, phase_set, variant_id, call_set_id) VALUES('anonymousUser', 'allele_0111', '0/0', '81', 1, 'phase_set11', 'variant11','callset01');
INSERT INTO allele_call(auth_user_id, id, genotype, read_depth, genotype_likelihood, phase_set, variant_id, call_set_id) VALUES('anonymousUser', 'allele_0112', '1/0', '85', 1, 'phase_set12', 'variant12','callset01');
INSERT INTO allele_call(auth_user_id, id, genotype, read_depth, genotype_likelihood, phase_set, variant_id, call_set_id) VALUES('anonymousUser', 'allele_0113', '1/0', '57', 1, 'phase_set13', 'variant13','callset01');
INSERT INTO allele_call(auth_user_id, id, genotype, read_depth, genotype_likelihood, phase_set, variant_id, call_set_id) VALUES('anonymousUser', 'allele_0114', '1/1', '99', 1, 'phase_set14', 'variant14','callset01');
INSERT INTO allele_call(auth_user_id, id, genotype, read_depth, genotype_likelihood, phase_set, variant_id, call_set_id) VALUES('anonymousUser', 'allele_0115', '1/1', '35', 1, 'phase_set15', 'variant15','callset01');
INSERT INTO allele_call(auth_user_id, id, genotype, read_depth, genotype_likelihood, phase_set, variant_id, call_set_id) VALUES('anonymousUser', 'allele_0116', '1/1', '36', 1, 'phase_set16', 'variant16','callset01');
INSERT INTO allele_call(auth_user_id, id, genotype, read_depth, genotype_likelihood, phase_set, variant_id, call_set_id) VALUES('anonymousUser', 'allele_0117', '0/1', '29', 1, 'phase_set17', 'variant17','callset01');
INSERT INTO allele_call(auth_user_id, id, genotype, read_depth, genotype_likelihood, phase_set, variant_id, call_set_id) VALUES('anonymousUser', 'allele_0118', '0/1', '70', 1, 'phase_set18', 'variant18','callset01');
INSERT INTO allele_call(auth_user_id, id, genotype, read_depth, genotype_likelihood, phase_set, variant_id, call_set_id) VALUES('anonymousUser', 'allele_0119', '1/0', '85', 1, 'phase_set19', 'variant19','callset01');
INSERT INTO allele_call(auth_user_id, id, genotype, read_depth, genotype_likelihood, phase_set, variant_id, call_set_id) VALUES('anonymousUser', 'allele_0120', '1/1', '46', 1, 'phase_set20', 'variant20','callset01');

INSERT INTO allele_call(auth_user_id, id, genotype, read_depth, genotype_likelihood, phase_set, variant_id, call_set_id) VALUES('anonymousUser', 'allele_0201', '1/0', '85', 1, 'phase_set01', 'variant01','callset02');
INSERT INTO allele_call(auth_user_id, id, genotype, read_depth, genotype_likelihood, phase_set, variant_id, call_set_id) VALUES('anonymousUser', 'allele_0202', '0/0', '57', 1, 'phase_set02', 'variant02','callset02');
INSERT INTO allele_call(auth_user_id, id, genotype, read_depth, genotype_likelihood, phase_set, variant_id, call_set_id) VALUES('anonymousUser', 'allele_0203', '.',   null, 1, 'phase_set03', 'variant03','callset02');
INSERT INTO allele_call(auth_user_id, id, genotype, read_depth, genotype_likelihood, phase_set, variant_id, call_set_id) VALUES('anonymousUser', 'allele_0204', '.',   null, 1, 'phase_set04', 'variant04','callset02');
INSERT INTO allele_call(auth_user_id, id, genotype, read_depth, genotype_likelihood, phase_set, variant_id, call_set_id) VALUES('anonymousUser', 'allele_0205', '.',   null, 1, 'phase_set05', 'variant05','callset02');
INSERT INTO allele_call(auth_user_id, id, genotype, read_depth, genotype_likelihood, phase_set, variant_id, call_set_id) VALUES('anonymousUser', 'allele_0206', '.',   null, 1, 'phase_set06', 'variant06','callset02');
INSERT INTO allele_call(auth_user_id, id, genotype, read_depth, genotype_likelihood, phase_set, variant_id, call_set_id) VALUES('anonymousUser', 'allele_0207', '.',   null, 1, 'phase_set07', 'variant07','callset02');
INSERT INTO allele_call(auth_user_id, id, genotype, read_depth, genotype_likelihood, phase_set, variant_id, call_set_id) VALUES('anonymousUser', 'allele_0208', '.',   null, 1, 'phase_set08', 'variant08','callset02');
INSERT INTO allele_call(auth_user_id, id, genotype, read_depth, genotype_likelihood, phase_set, variant_id, call_set_id) VALUES('anonymousUser', 'allele_0209', '.',   null, 1, 'phase_set09', 'variant09','callset02');
INSERT INTO allele_call(auth_user_id, id, genotype, read_depth, genotype_likelihood, phase_set, variant_id, call_set_id) VALUES('anonymousUser', 'allele_0210', '.',   null, 1, 'phase_set10', 'variant10','callset02');
INSERT INTO allele_call(auth_user_id, id, genotype, read_depth, genotype_likelihood, phase_set, variant_id, call_set_id) VALUES('anonymousUser', 'allele_0211', '.',   null, 1, 'phase_set11', 'variant11','callset02');
INSERT INTO allele_call(auth_user_id, id, genotype, read_depth, genotype_likelihood, phase_set, variant_id, call_set_id) VALUES('anonymousUser', 'allele_0212', '.',   null, 1, 'phase_set12', 'variant12','callset02');
INSERT INTO allele_call(auth_user_id, id, genotype, read_depth, genotype_likelihood, phase_set, variant_id, call_set_id) VALUES('anonymousUser', 'allele_0213', '.',   null, 1, 'phase_set13', 'variant13','callset02');
INSERT INTO allele_call(auth_user_id, id, genotype, read_depth, genotype_likelihood, phase_set, variant_id, call_set_id) VALUES('anonymousUser', 'allele_0214', '0/1', '99', 1, 'phase_set14', 'variant14','callset02');
INSERT INTO allele_call(auth_user_id, id, genotype, read_depth, genotype_likelihood, phase_set, variant_id, call_set_id) VALUES('anonymousUser', 'allele_0215', '1/1', '35', 1, 'phase_set15', 'variant15','callset02');
INSERT INTO allele_call(auth_user_id, id, genotype, read_depth, genotype_likelihood, phase_set, variant_id, call_set_id) VALUES('anonymousUser', 'allele_0216', '0/1', '36', 1, 'phase_set16', 'variant16','callset02');
INSERT INTO allele_call(auth_user_id, id, genotype, read_depth, genotype_likelihood, phase_set, variant_id, call_set_id) VALUES('anonymousUser', 'allele_0217', '0/0', '29', 1, 'phase_set17', 'variant17','callset02');
INSERT INTO allele_call(auth_user_id, id, genotype, read_depth, genotype_likelihood, phase_set, variant_id, call_set_id) VALUES('anonymousUser', 'allele_0218', '0/1', '70', 1, 'phase_set18', 'variant18','callset02');
INSERT INTO allele_call(auth_user_id, id, genotype, read_depth, genotype_likelihood, phase_set, variant_id, call_set_id) VALUES('anonymousUser', 'allele_0219', '1/0', '85', 1, 'phase_set19', 'variant19','callset02');
INSERT INTO allele_call(auth_user_id, id, genotype, read_depth, genotype_likelihood, phase_set, variant_id, call_set_id) VALUES('anonymousUser', 'allele_0220', '1/1', '46', 1, 'phase_set20', 'variant20','callset02');

INSERT INTO allele_call(auth_user_id, id, genotype, read_depth, genotype_likelihood, phase_set, variant_id, call_set_id) VALUES('anonymousUser', 'allele_0301', '1/0', '85', 1, 'phase_set01', 'variant01','callset03');
INSERT INTO allele_call(auth_user_id, id, genotype, read_depth, genotype_likelihood, phase_set, variant_id, call_set_id) VALUES('anonymousUser', 'allele_0302', '0/0', '57', 1, 'phase_set02', 'variant02','callset03');
INSERT INTO allele_call(auth_user_id, id, genotype, read_depth, genotype_likelihood, phase_set, variant_id, call_set_id) VALUES('anonymousUser', 'allele_0303', '1/0', '99', 1, 'phase_set03', 'variant03','callset03');
INSERT INTO allele_call(auth_user_id, id, genotype, read_depth, genotype_likelihood, phase_set, variant_id, call_set_id) VALUES('anonymousUser', 'allele_0304', '0/1', '35', 1, 'phase_set04', 'variant04','callset03');
INSERT INTO allele_call(auth_user_id, id, genotype, read_depth, genotype_likelihood, phase_set, variant_id, call_set_id) VALUES('anonymousUser', 'allele_0305', '0/0', '36', 1, 'phase_set05', 'variant05','callset03');
INSERT INTO allele_call(auth_user_id, id, genotype, read_depth, genotype_likelihood, phase_set, variant_id, call_set_id) VALUES('anonymousUser', 'allele_0306', '0/0', '29', 1, 'phase_set06', 'variant06','callset03');
INSERT INTO allele_call(auth_user_id, id, genotype, read_depth, genotype_likelihood, phase_set, variant_id, call_set_id) VALUES('anonymousUser', 'allele_0307', '0/1', '70', 1, 'phase_set07', 'variant07','callset03');
INSERT INTO allele_call(auth_user_id, id, genotype, read_depth, genotype_likelihood, phase_set, variant_id, call_set_id) VALUES('anonymousUser', 'allele_0308', '0/0', '85', 1, 'phase_set08', 'variant08','callset03');
INSERT INTO allele_call(auth_user_id, id, genotype, read_depth, genotype_likelihood, phase_set, variant_id, call_set_id) VALUES('anonymousUser', 'allele_0309', '1/0', '46', 1, 'phase_set09', 'variant09','callset03');
INSERT INTO allele_call(auth_user_id, id, genotype, read_depth, genotype_likelihood, phase_set, variant_id, call_set_id) VALUES('anonymousUser', 'allele_0310', '0/0', '83', 1, 'phase_set10', 'variant10','callset03');
INSERT INTO allele_call(auth_user_id, id, genotype, read_depth, genotype_likelihood, phase_set, variant_id, call_set_id) VALUES('anonymousUser', 'allele_0311', '1/0', '81', 1, 'phase_set11', 'variant11','callset03');
INSERT INTO allele_call(auth_user_id, id, genotype, read_depth, genotype_likelihood, phase_set, variant_id, call_set_id) VALUES('anonymousUser', 'allele_0312', '1/0', '85', 1, 'phase_set12', 'variant12','callset03');
INSERT INTO allele_call(auth_user_id, id, genotype, read_depth, genotype_likelihood, phase_set, variant_id, call_set_id) VALUES('anonymousUser', 'allele_0313', '1/0', '57', 1, 'phase_set13', 'variant13','callset03');
INSERT INTO allele_call(auth_user_id, id, genotype, read_depth, genotype_likelihood, phase_set, variant_id, call_set_id) VALUES('anonymousUser', 'allele_0314', '0/1', '99', 1, 'phase_set14', 'variant14','callset03');
INSERT INTO allele_call(auth_user_id, id, genotype, read_depth, genotype_likelihood, phase_set, variant_id, call_set_id) VALUES('anonymousUser', 'allele_0315', '1/1', '35', 1, 'phase_set15', 'variant15','callset03');
INSERT INTO allele_call(auth_user_id, id, genotype, read_depth, genotype_likelihood, phase_set, variant_id, call_set_id) VALUES('anonymousUser', 'allele_0316', '.',   null, 1, 'phase_set16', 'variant16','callset03');
INSERT INTO allele_call(auth_user_id, id, genotype, read_depth, genotype_likelihood, phase_set, variant_id, call_set_id) VALUES('anonymousUser', 'allele_0317', '0/0', '29', 1, 'phase_set17', 'variant17','callset03');
INSERT INTO allele_call(auth_user_id, id, genotype, read_depth, genotype_likelihood, phase_set, variant_id, call_set_id) VALUES('anonymousUser', 'allele_0318', '0/1', '70', 1, 'phase_set18', 'variant18','callset03');
INSERT INTO allele_call(auth_user_id, id, genotype, read_depth, genotype_likelihood, phase_set, variant_id, call_set_id) VALUES('anonymousUser', 'allele_0319', '1/0', '85', 1, 'phase_set19', 'variant19','callset03');
INSERT INTO allele_call(auth_user_id, id, genotype, read_depth, genotype_likelihood, phase_set, variant_id, call_set_id) VALUES('anonymousUser', 'allele_0320', '1/1', '46', 1, 'phase_set20', 'variant20','callset03');

INSERT INTO allele_call(auth_user_id, id, genotype, read_depth, genotype_likelihood, phase_set, variant_id, call_set_id) VALUES('anonymousUser', 'allele_0401', '1/0', '85', 1, 'phase_set01', 'variant01','callset04');
INSERT INTO allele_call(auth_user_id, id, genotype, read_depth, genotype_likelihood, phase_set, variant_id, call_set_id) VALUES('anonymousUser', 'allele_0402', '0/0', '57', 1, 'phase_set02', 'variant02','callset04');
INSERT INTO allele_call(auth_user_id, id, genotype, read_depth, genotype_likelihood, phase_set, variant_id, call_set_id) VALUES('anonymousUser', 'allele_0403', '1/0', '99', 1, 'phase_set03', 'variant03','callset04');
INSERT INTO allele_call(auth_user_id, id, genotype, read_depth, genotype_likelihood, phase_set, variant_id, call_set_id) VALUES('anonymousUser', 'allele_0404', '0/1', '35', 1, 'phase_set04', 'variant04','callset04');
INSERT INTO allele_call(auth_user_id, id, genotype, read_depth, genotype_likelihood, phase_set, variant_id, call_set_id) VALUES('anonymousUser', 'allele_0405', '0/0', '36', 1, 'phase_set05', 'variant05','callset04');
INSERT INTO allele_call(auth_user_id, id, genotype, read_depth, genotype_likelihood, phase_set, variant_id, call_set_id) VALUES('anonymousUser', 'allele_0406', '1/0', '29', 1, 'phase_set06', 'variant06','callset04');
INSERT INTO allele_call(auth_user_id, id, genotype, read_depth, genotype_likelihood, phase_set, variant_id, call_set_id) VALUES('anonymousUser', 'allele_0407', '0/1', '70', 1, 'phase_set07', 'variant07','callset04');
INSERT INTO allele_call(auth_user_id, id, genotype, read_depth, genotype_likelihood, phase_set, variant_id, call_set_id) VALUES('anonymousUser', 'allele_0408', '0/1', '85', 1, 'phase_set08', 'variant08','callset04');
INSERT INTO allele_call(auth_user_id, id, genotype, read_depth, genotype_likelihood, phase_set, variant_id, call_set_id) VALUES('anonymousUser', 'allele_0409', '1/1', '46', 1, 'phase_set09', 'variant09','callset04');
INSERT INTO allele_call(auth_user_id, id, genotype, read_depth, genotype_likelihood, phase_set, variant_id, call_set_id) VALUES('anonymousUser', 'allele_0410', '0/0', '83', 1, 'phase_set10', 'variant10','callset04');
INSERT INTO allele_call(auth_user_id, id, genotype, read_depth, genotype_likelihood, phase_set, variant_id, call_set_id) VALUES('anonymousUser', 'allele_0411', '0/1', '81', 1, 'phase_set11', 'variant11','callset04');
INSERT INTO allele_call(auth_user_id, id, genotype, read_depth, genotype_likelihood, phase_set, variant_id, call_set_id) VALUES('anonymousUser', 'allele_0412', '0/0', '85', 1, 'phase_set12', 'variant12','callset04');
INSERT INTO allele_call(auth_user_id, id, genotype, read_depth, genotype_likelihood, phase_set, variant_id, call_set_id) VALUES('anonymousUser', 'allele_0413', '1/0', '57', 1, 'phase_set13', 'variant13','callset04');
INSERT INTO allele_call(auth_user_id, id, genotype, read_depth, genotype_likelihood, phase_set, variant_id, call_set_id) VALUES('anonymousUser', 'allele_0414', '0/1', '99', 1, 'phase_set14', 'variant14','callset04');
INSERT INTO allele_call(auth_user_id, id, genotype, read_depth, genotype_likelihood, phase_set, variant_id, call_set_id) VALUES('anonymousUser', 'allele_0415', '1/1', '35', 1, 'phase_set15', 'variant15','callset04');
INSERT INTO allele_call(auth_user_id, id, genotype, read_depth, genotype_likelihood, phase_set, variant_id, call_set_id) VALUES('anonymousUser', 'allele_0416', '0/0', '36', 1, 'phase_set16', 'variant16','callset04');
INSERT INTO allele_call(auth_user_id, id, genotype, read_depth, genotype_likelihood, phase_set, variant_id, call_set_id) VALUES('anonymousUser', 'allele_0417', '1/0', '29', 1, 'phase_set17', 'variant17','callset04');
INSERT INTO allele_call(auth_user_id, id, genotype, read_depth, genotype_likelihood, phase_set, variant_id, call_set_id) VALUES('anonymousUser', 'allele_0418', '0/1', '70', 1, 'phase_set18', 'variant18','callset04');
INSERT INTO allele_call(auth_user_id, id, genotype, read_depth, genotype_likelihood, phase_set, variant_id, call_set_id) VALUES('anonymousUser', 'allele_0419', '1/1', '85', 1, 'phase_set19', 'variant19','callset04');
INSERT INTO allele_call(auth_user_id, id, genotype, read_depth, genotype_likelihood, phase_set, variant_id, call_set_id) VALUES('anonymousUser', 'allele_0420', '1/1', '46', 1, 'phase_set20', 'variant20','callset04');

INSERT INTO allele_call(auth_user_id, id, genotype, read_depth, genotype_likelihood, phase_set, variant_id, call_set_id) VALUES('anonymousUser', 'allele_0501', '1/0', '85', 1, 'phase_set01', 'variant01','callset05');
INSERT INTO allele_call(auth_user_id, id, genotype, read_depth, genotype_likelihood, phase_set, variant_id, call_set_id) VALUES('anonymousUser', 'allele_0502', '0/0', '57', 1, 'phase_set02', 'variant02','callset05');
INSERT INTO allele_call(auth_user_id, id, genotype, read_depth, genotype_likelihood, phase_set, variant_id, call_set_id) VALUES('anonymousUser', 'allele_0503', '.',   null, 1, 'phase_set03', 'variant03','callset05');
INSERT INTO allele_call(auth_user_id, id, genotype, read_depth, genotype_likelihood, phase_set, variant_id, call_set_id) VALUES('anonymousUser', 'allele_0504', '0/1', '35', 1, 'phase_set04', 'variant04','callset05');
INSERT INTO allele_call(auth_user_id, id, genotype, read_depth, genotype_likelihood, phase_set, variant_id, call_set_id) VALUES('anonymousUser', 'allele_0505', '0/0', '36', 1, 'phase_set05', 'variant05','callset05');
INSERT INTO allele_call(auth_user_id, id, genotype, read_depth, genotype_likelihood, phase_set, variant_id, call_set_id) VALUES('anonymousUser', 'allele_0506', '0/0', '29', 1, 'phase_set06', 'variant06','callset05');
INSERT INTO allele_call(auth_user_id, id, genotype, read_depth, genotype_likelihood, phase_set, variant_id, call_set_id) VALUES('anonymousUser', 'allele_0507', '0/1', '70', 1, 'phase_set07', 'variant07','callset05');
INSERT INTO allele_call(auth_user_id, id, genotype, read_depth, genotype_likelihood, phase_set, variant_id, call_set_id) VALUES('anonymousUser', 'allele_0508', '0/0', '85', 1, 'phase_set08', 'variant08','callset05');
INSERT INTO allele_call(auth_user_id, id, genotype, read_depth, genotype_likelihood, phase_set, variant_id, call_set_id) VALUES('anonymousUser', 'allele_0509', '1/0', '46', 1, 'phase_set09', 'variant09','callset05');
INSERT INTO allele_call(auth_user_id, id, genotype, read_depth, genotype_likelihood, phase_set, variant_id, call_set_id) VALUES('anonymousUser', 'allele_0510', '0/0', '83', 1, 'phase_set10', 'variant10','callset05');
INSERT INTO allele_call(auth_user_id, id, genotype, read_depth, genotype_likelihood, phase_set, variant_id, call_set_id) VALUES('anonymousUser', 'allele_0511', '1/0', '81', 1, 'phase_set11', 'variant11','callset05');
INSERT INTO allele_call(auth_user_id, id, genotype, read_depth, genotype_likelihood, phase_set, variant_id, call_set_id) VALUES('anonymousUser', 'allele_0512', '1/0', '85', 1, 'phase_set12', 'variant12','callset05');
INSERT INTO allele_call(auth_user_id, id, genotype, read_depth, genotype_likelihood, phase_set, variant_id, call_set_id) VALUES('anonymousUser', 'allele_0513', '1/0', '57', 1, 'phase_set13', 'variant13','callset05');
INSERT INTO allele_call(auth_user_id, id, genotype, read_depth, genotype_likelihood, phase_set, variant_id, call_set_id) VALUES('anonymousUser', 'allele_0514', '0/1', '99', 1, 'phase_set14', 'variant14','callset05');
INSERT INTO allele_call(auth_user_id, id, genotype, read_depth, genotype_likelihood, phase_set, variant_id, call_set_id) VALUES('anonymousUser', 'allele_0515', '1/1', '35', 1, 'phase_set15', 'variant15','callset05');
INSERT INTO allele_call(auth_user_id, id, genotype, read_depth, genotype_likelihood, phase_set, variant_id, call_set_id) VALUES('anonymousUser', 'allele_0516', '0/1', '36', 1, 'phase_set16', 'variant16','callset05');
INSERT INTO allele_call(auth_user_id, id, genotype, read_depth, genotype_likelihood, phase_set, variant_id, call_set_id) VALUES('anonymousUser', 'allele_0517', '0/0', '29', 1, 'phase_set17', 'variant17','callset05');
INSERT INTO allele_call(auth_user_id, id, genotype, read_depth, genotype_likelihood, phase_set, variant_id, call_set_id) VALUES('anonymousUser', 'allele_0518', '0/1', '70', 1, 'phase_set18', 'variant18','callset05');
INSERT INTO allele_call(auth_user_id, id, genotype, read_depth, genotype_likelihood, phase_set, variant_id, call_set_id) VALUES('anonymousUser', 'allele_0519', '1/0', '85', 1, 'phase_set19', 'variant19','callset05');
INSERT INTO allele_call(auth_user_id, id, genotype, read_depth, genotype_likelihood, phase_set, variant_id, call_set_id) VALUES('anonymousUser', 'allele_0520', '1/1', '46', 1, 'phase_set20', 'variant20','callset05');

INSERT INTO allele_call(auth_user_id, id, genotype, read_depth, genotype_likelihood, phase_set, variant_id, call_set_id) VALUES('anonymousUser', 'allele_0601', '0/0', '85', 1, 'phase_set01', 'variant01','callset06');
INSERT INTO allele_call(auth_user_id, id, genotype, read_depth, genotype_likelihood, phase_set, variant_id, call_set_id) VALUES('anonymousUser', 'allele_0602', '0/0', '57', 1, 'phase_set02', 'variant02','callset06');
INSERT INTO allele_call(auth_user_id, id, genotype, read_depth, genotype_likelihood, phase_set, variant_id, call_set_id) VALUES('anonymousUser', 'allele_0603', '1/0', '99', 1, 'phase_set03', 'variant03','callset06');
INSERT INTO allele_call(auth_user_id, id, genotype, read_depth, genotype_likelihood, phase_set, variant_id, call_set_id) VALUES('anonymousUser', 'allele_0604', '0/1', '35', 1, 'phase_set04', 'variant04','callset06');
INSERT INTO allele_call(auth_user_id, id, genotype, read_depth, genotype_likelihood, phase_set, variant_id, call_set_id) VALUES('anonymousUser', 'allele_0605', '0/0', '36', 1, 'phase_set05', 'variant05','callset06');
INSERT INTO allele_call(auth_user_id, id, genotype, read_depth, genotype_likelihood, phase_set, variant_id, call_set_id) VALUES('anonymousUser', 'allele_0606', '0/0', '29', 1, 'phase_set06', 'variant06','callset06');
INSERT INTO allele_call(auth_user_id, id, genotype, read_depth, genotype_likelihood, phase_set, variant_id, call_set_id) VALUES('anonymousUser', 'allele_0607', '0/1', '70', 1, 'phase_set07', 'variant07','callset06');
INSERT INTO allele_call(auth_user_id, id, genotype, read_depth, genotype_likelihood, phase_set, variant_id, call_set_id) VALUES('anonymousUser', 'allele_0608', '0/0', '85', 1, 'phase_set08', 'variant08','callset06');
INSERT INTO allele_call(auth_user_id, id, genotype, read_depth, genotype_likelihood, phase_set, variant_id, call_set_id) VALUES('anonymousUser', 'allele_0609', '1/0', '46', 1, 'phase_set09', 'variant09','callset06');
INSERT INTO allele_call(auth_user_id, id, genotype, read_depth, genotype_likelihood, phase_set, variant_id, call_set_id) VALUES('anonymousUser', 'allele_0610', '0/0', '83', 1, 'phase_set10', 'variant10','callset06');
INSERT INTO allele_call(auth_user_id, id, genotype, read_depth, genotype_likelihood, phase_set, variant_id, call_set_id) VALUES('anonymousUser', 'allele_0611', '1/0', '81', 1, 'phase_set11', 'variant11','callset06');
INSERT INTO allele_call(auth_user_id, id, genotype, read_depth, genotype_likelihood, phase_set, variant_id, call_set_id) VALUES('anonymousUser', 'allele_0612', '.',   null, 1, 'phase_set12', 'variant12','callset06');
INSERT INTO allele_call(auth_user_id, id, genotype, read_depth, genotype_likelihood, phase_set, variant_id, call_set_id) VALUES('anonymousUser', 'allele_0613', '1/0', '57', 1, 'phase_set13', 'variant13','callset06');
INSERT INTO allele_call(auth_user_id, id, genotype, read_depth, genotype_likelihood, phase_set, variant_id, call_set_id) VALUES('anonymousUser', 'allele_0614', '0/1', '99', 1, 'phase_set14', 'variant14','callset06');
INSERT INTO allele_call(auth_user_id, id, genotype, read_depth, genotype_likelihood, phase_set, variant_id, call_set_id) VALUES('anonymousUser', 'allele_0615', '1/1', '35', 1, 'phase_set15', 'variant15','callset06');
INSERT INTO allele_call(auth_user_id, id, genotype, read_depth, genotype_likelihood, phase_set, variant_id, call_set_id) VALUES('anonymousUser', 'allele_0616', '0/1', '36', 1, 'phase_set16', 'variant16','callset06');
INSERT INTO allele_call(auth_user_id, id, genotype, read_depth, genotype_likelihood, phase_set, variant_id, call_set_id) VALUES('anonymousUser', 'allele_0617', '0/0', '29', 1, 'phase_set17', 'variant17','callset06');
INSERT INTO allele_call(auth_user_id, id, genotype, read_depth, genotype_likelihood, phase_set, variant_id, call_set_id) VALUES('anonymousUser', 'allele_0618', '0/1', '70', 1, 'phase_set18', 'variant18','callset06');
INSERT INTO allele_call(auth_user_id, id, genotype, read_depth, genotype_likelihood, phase_set, variant_id, call_set_id) VALUES('anonymousUser', 'allele_0619', '1/0', '85', 1, 'phase_set19', 'variant19','callset06');
INSERT INTO allele_call(auth_user_id, id, genotype, read_depth, genotype_likelihood, phase_set, variant_id, call_set_id) VALUES('anonymousUser', 'allele_0620', '1/1', '46', 1, 'phase_set20', 'variant20','callset06');

INSERT INTO allele_call(auth_user_id, id, genotype, read_depth, genotype_likelihood, phase_set, variant_id, call_set_id) VALUES('anonymousUser', 'allele_0701', '1/0', '85', 1, 'phase_set01', 'variant01','callset07');
INSERT INTO allele_call(auth_user_id, id, genotype, read_depth, genotype_likelihood, phase_set, variant_id, call_set_id) VALUES('anonymousUser', 'allele_0702', '0/1', '57', 1, 'phase_set02', 'variant02','callset07');
INSERT INTO allele_call(auth_user_id, id, genotype, read_depth, genotype_likelihood, phase_set, variant_id, call_set_id) VALUES('anonymousUser', 'allele_0703', '1/0', '99', 1, 'phase_set03', 'variant03','callset07');
INSERT INTO allele_call(auth_user_id, id, genotype, read_depth, genotype_likelihood, phase_set, variant_id, call_set_id) VALUES('anonymousUser', 'allele_0704', '0/1', '35', 1, 'phase_set04', 'variant04','callset07');
INSERT INTO allele_call(auth_user_id, id, genotype, read_depth, genotype_likelihood, phase_set, variant_id, call_set_id) VALUES('anonymousUser', 'allele_0705', '0/1', '36', 1, 'phase_set05', 'variant05','callset07');
INSERT INTO allele_call(auth_user_id, id, genotype, read_depth, genotype_likelihood, phase_set, variant_id, call_set_id) VALUES('anonymousUser', 'allele_0706', '1/0', '29', 1, 'phase_set06', 'variant06','callset07');
INSERT INTO allele_call(auth_user_id, id, genotype, read_depth, genotype_likelihood, phase_set, variant_id, call_set_id) VALUES('anonymousUser', 'allele_0707', '0/0', '70', 1, 'phase_set07', 'variant07','callset07');
INSERT INTO allele_call(auth_user_id, id, genotype, read_depth, genotype_likelihood, phase_set, variant_id, call_set_id) VALUES('anonymousUser', 'allele_0708', '0/0', '85', 1, 'phase_set08', 'variant08','callset07');
INSERT INTO allele_call(auth_user_id, id, genotype, read_depth, genotype_likelihood, phase_set, variant_id, call_set_id) VALUES('anonymousUser', 'allele_0709', '1/0', '46', 1, 'phase_set09', 'variant09','callset07');
INSERT INTO allele_call(auth_user_id, id, genotype, read_depth, genotype_likelihood, phase_set, variant_id, call_set_id) VALUES('anonymousUser', 'allele_0710', '0/1', '83', 1, 'phase_set10', 'variant10','callset07');
INSERT INTO allele_call(auth_user_id, id, genotype, read_depth, genotype_likelihood, phase_set, variant_id, call_set_id) VALUES('anonymousUser', 'allele_0711', '1/0', '81', 1, 'phase_set11', 'variant11','callset07');
INSERT INTO allele_call(auth_user_id, id, genotype, read_depth, genotype_likelihood, phase_set, variant_id, call_set_id) VALUES('anonymousUser', 'allele_0712', '1/0', '85', 1, 'phase_set12', 'variant12','callset07');
INSERT INTO allele_call(auth_user_id, id, genotype, read_depth, genotype_likelihood, phase_set, variant_id, call_set_id) VALUES('anonymousUser', 'allele_0713', '1/0', '57', 1, 'phase_set13', 'variant13','callset07');
INSERT INTO allele_call(auth_user_id, id, genotype, read_depth, genotype_likelihood, phase_set, variant_id, call_set_id) VALUES('anonymousUser', 'allele_0714', '0/1', '99', 1, 'phase_set14', 'variant14','callset07');
INSERT INTO allele_call(auth_user_id, id, genotype, read_depth, genotype_likelihood, phase_set, variant_id, call_set_id) VALUES('anonymousUser', 'allele_0715', '1/1', '35', 1, 'phase_set15', 'variant15','callset07');
INSERT INTO allele_call(auth_user_id, id, genotype, read_depth, genotype_likelihood, phase_set, variant_id, call_set_id) VALUES('anonymousUser', 'allele_0716', '0/1', '36', 1, 'phase_set16', 'variant16','callset07');
INSERT INTO allele_call(auth_user_id, id, genotype, read_depth, genotype_likelihood, phase_set, variant_id, call_set_id) VALUES('anonymousUser', 'allele_0717', '1/0', '29', 1, 'phase_set17', 'variant17','callset07');
INSERT INTO allele_call(auth_user_id, id, genotype, read_depth, genotype_likelihood, phase_set, variant_id, call_set_id) VALUES('anonymousUser', 'allele_0718', '0/1', '70', 1, 'phase_set18', 'variant18','callset07');
INSERT INTO allele_call(auth_user_id, id, genotype, read_depth, genotype_likelihood, phase_set, variant_id, call_set_id) VALUES('anonymousUser', 'allele_0719', '1/0', '85', 1, 'phase_set19', 'variant19','callset07');
INSERT INTO allele_call(auth_user_id, id, genotype, read_depth, genotype_likelihood, phase_set, variant_id, call_set_id) VALUES('anonymousUser', 'allele_0720', '1/1', '46', 1, 'phase_set20', 'variant20','callset07');

INSERT INTO allele_call(auth_user_id, id, genotype, read_depth, genotype_likelihood, phase_set, variant_id, call_set_id) VALUES('anonymousUser', 'allele_0801', '.',   null, 1, 'phase_set01', 'variant01','callset08');
INSERT INTO allele_call(auth_user_id, id, genotype, read_depth, genotype_likelihood, phase_set, variant_id, call_set_id) VALUES('anonymousUser', 'allele_0802', '.',   null, 1, 'phase_set02', 'variant02','callset08');
INSERT INTO allele_call(auth_user_id, id, genotype, read_depth, genotype_likelihood, phase_set, variant_id, call_set_id) VALUES('anonymousUser', 'allele_0803', '.',   null, 1, 'phase_set03', 'variant03','callset08');
INSERT INTO allele_call(auth_user_id, id, genotype, read_depth, genotype_likelihood, phase_set, variant_id, call_set_id) VALUES('anonymousUser', 'allele_0804', '.',   null, 1, 'phase_set04', 'variant04','callset08');
INSERT INTO allele_call(auth_user_id, id, genotype, read_depth, genotype_likelihood, phase_set, variant_id, call_set_id) VALUES('anonymousUser', 'allele_0805', '.',   null, 1, 'phase_set05', 'variant05','callset08');
INSERT INTO allele_call(auth_user_id, id, genotype, read_depth, genotype_likelihood, phase_set, variant_id, call_set_id) VALUES('anonymousUser', 'allele_0806', '.',   null, 1, 'phase_set06', 'variant06','callset08');
INSERT INTO allele_call(auth_user_id, id, genotype, read_depth, genotype_likelihood, phase_set, variant_id, call_set_id) VALUES('anonymousUser', 'allele_0807', '.',   null, 1, 'phase_set07', 'variant07','callset08');
INSERT INTO allele_call(auth_user_id, id, genotype, read_depth, genotype_likelihood, phase_set, variant_id, call_set_id) VALUES('anonymousUser', 'allele_0808', '.',   null, 1, 'phase_set08', 'variant08','callset08');
INSERT INTO allele_call(auth_user_id, id, genotype, read_depth, genotype_likelihood, phase_set, variant_id, call_set_id) VALUES('anonymousUser', 'allele_0809', '.',   null, 1, 'phase_set09', 'variant09','callset08');
INSERT INTO allele_call(auth_user_id, id, genotype, read_depth, genotype_likelihood, phase_set, variant_id, call_set_id) VALUES('anonymousUser', 'allele_0810', '.',   null, 1, 'phase_set10', 'variant10','callset08');
INSERT INTO allele_call(auth_user_id, id, genotype, read_depth, genotype_likelihood, phase_set, variant_id, call_set_id) VALUES('anonymousUser', 'allele_0811', '.',   null, 1, 'phase_set11', 'variant11','callset08');
INSERT INTO allele_call(auth_user_id, id, genotype, read_depth, genotype_likelihood, phase_set, variant_id, call_set_id) VALUES('anonymousUser', 'allele_0812', '.',   null, 1, 'phase_set12', 'variant12','callset08');
INSERT INTO allele_call(auth_user_id, id, genotype, read_depth, genotype_likelihood, phase_set, variant_id, call_set_id) VALUES('anonymousUser', 'allele_0813', '.',   null, 1, 'phase_set13', 'variant13','callset08');
INSERT INTO allele_call(auth_user_id, id, genotype, read_depth, genotype_likelihood, phase_set, variant_id, call_set_id) VALUES('anonymousUser', 'allele_0814', '.',   null, 1, 'phase_set14', 'variant14','callset08');
INSERT INTO allele_call(auth_user_id, id, genotype, read_depth, genotype_likelihood, phase_set, variant_id, call_set_id) VALUES('anonymousUser', 'allele_0815', '.',   null, 1, 'phase_set15', 'variant15','callset08');
INSERT INTO allele_call(auth_user_id, id, genotype, read_depth, genotype_likelihood, phase_set, variant_id, call_set_id) VALUES('anonymousUser', 'allele_0816', '.',   null, 1, 'phase_set16', 'variant16','callset08');
INSERT INTO allele_call(auth_user_id, id, genotype, read_depth, genotype_likelihood, phase_set, variant_id, call_set_id) VALUES('anonymousUser', 'allele_0817', '.',   null, 1, 'phase_set17', 'variant17','callset08');
INSERT INTO allele_call(auth_user_id, id, genotype, read_depth, genotype_likelihood, phase_set, variant_id, call_set_id) VALUES('anonymousUser', 'allele_0818', '.',   null, 1, 'phase_set18', 'variant18','callset08');
INSERT INTO allele_call(auth_user_id, id, genotype, read_depth, genotype_likelihood, phase_set, variant_id, call_set_id) VALUES('anonymousUser', 'allele_0819', '1/0', '19', 1, 'phase_set19', 'variant19','callset08');
INSERT INTO allele_call(auth_user_id, id, genotype, read_depth, genotype_likelihood, phase_set, variant_id, call_set_id) VALUES('anonymousUser', 'allele_0820', '1/1', '78', 1, 'phase_set20', 'variant20','callset08');

INSERT INTO allele_call(auth_user_id, id, genotype, read_depth, genotype_likelihood, phase_set, variant_id, call_set_id) VALUES('anonymousUser', 'allele_0901', '1/0', '85', 1, 'phase_set01', 'variant01','callset09');
INSERT INTO allele_call(auth_user_id, id, genotype, read_depth, genotype_likelihood, phase_set, variant_id, call_set_id) VALUES('anonymousUser', 'allele_0902', '0/0', '57', 1, 'phase_set02', 'variant02','callset09');
INSERT INTO allele_call(auth_user_id, id, genotype, read_depth, genotype_likelihood, phase_set, variant_id, call_set_id) VALUES('anonymousUser', 'allele_0903', '1/0', '99', 1, 'phase_set03', 'variant03','callset09');
INSERT INTO allele_call(auth_user_id, id, genotype, read_depth, genotype_likelihood, phase_set, variant_id, call_set_id) VALUES('anonymousUser', 'allele_0904', '0/1', '35', 1, 'phase_set04', 'variant04','callset09');
INSERT INTO allele_call(auth_user_id, id, genotype, read_depth, genotype_likelihood, phase_set, variant_id, call_set_id) VALUES('anonymousUser', 'allele_0905', '0/0', '36', 1, 'phase_set05', 'variant05','callset09');
INSERT INTO allele_call(auth_user_id, id, genotype, read_depth, genotype_likelihood, phase_set, variant_id, call_set_id) VALUES('anonymousUser', 'allele_0906', '0/0', '29', 1, 'phase_set06', 'variant06','callset09');
INSERT INTO allele_call(auth_user_id, id, genotype, read_depth, genotype_likelihood, phase_set, variant_id, call_set_id) VALUES('anonymousUser', 'allele_0907', '0/1', '70', 1, 'phase_set07', 'variant07','callset09');
INSERT INTO allele_call(auth_user_id, id, genotype, read_depth, genotype_likelihood, phase_set, variant_id, call_set_id) VALUES('anonymousUser', 'allele_0908', '0/0', '85', 1, 'phase_set08', 'variant08','callset09');
INSERT INTO allele_call(auth_user_id, id, genotype, read_depth, genotype_likelihood, phase_set, variant_id, call_set_id) VALUES('anonymousUser', 'allele_0909', '1/0', '46', 1, 'phase_set09', 'variant09','callset09');
INSERT INTO allele_call(auth_user_id, id, genotype, read_depth, genotype_likelihood, phase_set, variant_id, call_set_id) VALUES('anonymousUser', 'allele_0910', '0/0', '83', 1, 'phase_set10', 'variant10','callset09');
INSERT INTO allele_call(auth_user_id, id, genotype, read_depth, genotype_likelihood, phase_set, variant_id, call_set_id) VALUES('anonymousUser', 'allele_0911', '1/0', '81', 1, 'phase_set11', 'variant11','callset09');
INSERT INTO allele_call(auth_user_id, id, genotype, read_depth, genotype_likelihood, phase_set, variant_id, call_set_id) VALUES('anonymousUser', 'allele_0912', '1/0', '85', 1, 'phase_set12', 'variant12','callset09');
INSERT INTO allele_call(auth_user_id, id, genotype, read_depth, genotype_likelihood, phase_set, variant_id, call_set_id) VALUES('anonymousUser', 'allele_0913', '1/0', '57', 1, 'phase_set13', 'variant13','callset09');
INSERT INTO allele_call(auth_user_id, id, genotype, read_depth, genotype_likelihood, phase_set, variant_id, call_set_id) VALUES('anonymousUser', 'allele_0914', '0/1', '99', 1, 'phase_set14', 'variant14','callset09');
INSERT INTO allele_call(auth_user_id, id, genotype, read_depth, genotype_likelihood, phase_set, variant_id, call_set_id) VALUES('anonymousUser', 'allele_0915', '1/1', '35', 1, 'phase_set15', 'variant15','callset09');
INSERT INTO allele_call(auth_user_id, id, genotype, read_depth, genotype_likelihood, phase_set, variant_id, call_set_id) VALUES('anonymousUser', 'allele_0916', '0/1', '36', 1, 'phase_set16', 'variant16','callset09');
INSERT INTO allele_call(auth_user_id, id, genotype, read_depth, genotype_likelihood, phase_set, variant_id, call_set_id) VALUES('anonymousUser', 'allele_0917', '0/0', '29', 1, 'phase_set17', 'variant17','callset09');
INSERT INTO allele_call(auth_user_id, id, genotype, read_depth, genotype_likelihood, phase_set, variant_id, call_set_id) VALUES('anonymousUser', 'allele_0918', '0/1', '70', 1, 'phase_set18', 'variant18','callset09');
INSERT INTO allele_call(auth_user_id, id, genotype, read_depth, genotype_likelihood, phase_set, variant_id, call_set_id) VALUES('anonymousUser', 'allele_0919', '1/0', '85', 1, 'phase_set19', 'variant19','callset09');
INSERT INTO allele_call(auth_user_id, id, genotype, read_depth, genotype_likelihood, phase_set, variant_id, call_set_id) VALUES('anonymousUser', 'allele_0920', '1/1', '46', 1, 'phase_set20', 'variant20','callset09');

INSERT INTO allele_call(auth_user_id, id, genotype, read_depth, genotype_likelihood, phase_set, variant_id, call_set_id) VALUES('anonymousUser', 'allele_1001', '1/0', '85', 1, 'phase_set01', 'variant01','callset10');
INSERT INTO allele_call(auth_user_id, id, genotype, read_depth, genotype_likelihood, phase_set, variant_id, call_set_id) VALUES('anonymousUser', 'allele_1002', '0/0', '57', 1, 'phase_set02', 'variant02','callset10');
INSERT INTO allele_call(auth_user_id, id, genotype, read_depth, genotype_likelihood, phase_set, variant_id, call_set_id) VALUES('anonymousUser', 'allele_1003', '1/0', '99', 1, 'phase_set03', 'variant03','callset10');
INSERT INTO allele_call(auth_user_id, id, genotype, read_depth, genotype_likelihood, phase_set, variant_id, call_set_id) VALUES('anonymousUser', 'allele_1004', '0/1', '35', 1, 'phase_set04', 'variant04','callset10');
INSERT INTO allele_call(auth_user_id, id, genotype, read_depth, genotype_likelihood, phase_set, variant_id, call_set_id) VALUES('anonymousUser', 'allele_1005', '0/0', '36', 1, 'phase_set05', 'variant05','callset10');
INSERT INTO allele_call(auth_user_id, id, genotype, read_depth, genotype_likelihood, phase_set, variant_id, call_set_id) VALUES('anonymousUser', 'allele_1006', '0/0', '29', 1, 'phase_set06', 'variant06','callset10');
INSERT INTO allele_call(auth_user_id, id, genotype, read_depth, genotype_likelihood, phase_set, variant_id, call_set_id) VALUES('anonymousUser', 'allele_1007', '0/1', '70', 1, 'phase_set07', 'variant07','callset10');
INSERT INTO allele_call(auth_user_id, id, genotype, read_depth, genotype_likelihood, phase_set, variant_id, call_set_id) VALUES('anonymousUser', 'allele_1008', '0/0', '85', 1, 'phase_set08', 'variant08','callset10');
INSERT INTO allele_call(auth_user_id, id, genotype, read_depth, genotype_likelihood, phase_set, variant_id, call_set_id) VALUES('anonymousUser', 'allele_1009', '1/0', '46', 1, 'phase_set09', 'variant09','callset10');
INSERT INTO allele_call(auth_user_id, id, genotype, read_depth, genotype_likelihood, phase_set, variant_id, call_set_id) VALUES('anonymousUser', 'allele_1010', '0/0', '83', 1, 'phase_set10', 'variant10','callset10');
INSERT INTO allele_call(auth_user_id, id, genotype, read_depth, genotype_likelihood, phase_set, variant_id, call_set_id) VALUES('anonymousUser', 'allele_1011', '1/0', '81', 1, 'phase_set11', 'variant11','callset10');
INSERT INTO allele_call(auth_user_id, id, genotype, read_depth, genotype_likelihood, phase_set, variant_id, call_set_id) VALUES('anonymousUser', 'allele_1012', '1/0', '85', 1, 'phase_set12', 'variant12','callset10');
INSERT INTO allele_call(auth_user_id, id, genotype, read_depth, genotype_likelihood, phase_set, variant_id, call_set_id) VALUES('anonymousUser', 'allele_1013', '1/0', '57', 1, 'phase_set13', 'variant13','callset10');
INSERT INTO allele_call(auth_user_id, id, genotype, read_depth, genotype_likelihood, phase_set, variant_id, call_set_id) VALUES('anonymousUser', 'allele_1014', '0/1', '99', 1, 'phase_set14', 'variant14','callset10');
INSERT INTO allele_call(auth_user_id, id, genotype, read_depth, genotype_likelihood, phase_set, variant_id, call_set_id) VALUES('anonymousUser', 'allele_1015', '1/1', '35', 1, 'phase_set15', 'variant15','callset10');
INSERT INTO allele_call(auth_user_id, id, genotype, read_depth, genotype_likelihood, phase_set, variant_id, call_set_id) VALUES('anonymousUser', 'allele_1016', '0/1', '36', 1, 'phase_set16', 'variant16','callset10');
INSERT INTO allele_call(auth_user_id, id, genotype, read_depth, genotype_likelihood, phase_set, variant_id, call_set_id) VALUES('anonymousUser', 'allele_1017', '0/0', '29', 1, 'phase_set17', 'variant17','callset10');
INSERT INTO allele_call(auth_user_id, id, genotype, read_depth, genotype_likelihood, phase_set, variant_id, call_set_id) VALUES('anonymousUser', 'allele_1018', '0/1', '70', 1, 'phase_set18', 'variant18','callset10');
INSERT INTO allele_call(auth_user_id, id, genotype, read_depth, genotype_likelihood, phase_set, variant_id, call_set_id) VALUES('anonymousUser', 'allele_1019', '1/0', '85', 1, 'phase_set19', 'variant19','callset10');
INSERT INTO allele_call(auth_user_id, id, genotype, read_depth, genotype_likelihood, phase_set, variant_id, call_set_id) VALUES('anonymousUser', 'allele_1020', '1/1', '46', 1, 'phase_set20', 'variant20','callset10');

INSERT INTO allele_call(auth_user_id, id, genotype, read_depth, genotype_likelihood, phase_set, variant_id, call_set_id) VALUES('anonymousUser', 'allele_1101', '1/0', '85', 1, 'phase_set01', 'variant01','callset11');
INSERT INTO allele_call(auth_user_id, id, genotype, read_depth, genotype_likelihood, phase_set, variant_id, call_set_id) VALUES('anonymousUser', 'allele_1102', '0/0', '57', 1, 'phase_set02', 'variant02','callset11');
INSERT INTO allele_call(auth_user_id, id, genotype, read_depth, genotype_likelihood, phase_set, variant_id, call_set_id) VALUES('anonymousUser', 'allele_1103', '1/0', '99', 1, 'phase_set03', 'variant03','callset11');
INSERT INTO allele_call(auth_user_id, id, genotype, read_depth, genotype_likelihood, phase_set, variant_id, call_set_id) VALUES('anonymousUser', 'allele_1104', '0/1', '35', 1, 'phase_set04', 'variant04','callset11');
INSERT INTO allele_call(auth_user_id, id, genotype, read_depth, genotype_likelihood, phase_set, variant_id, call_set_id) VALUES('anonymousUser', 'allele_1105', '0/0', '36', 1, 'phase_set05', 'variant05','callset11');
INSERT INTO allele_call(auth_user_id, id, genotype, read_depth, genotype_likelihood, phase_set, variant_id, call_set_id) VALUES('anonymousUser', 'allele_1106', '1/0', '29', 1, 'phase_set06', 'variant06','callset11');
INSERT INTO allele_call(auth_user_id, id, genotype, read_depth, genotype_likelihood, phase_set, variant_id, call_set_id) VALUES('anonymousUser', 'allele_1107', '0/1', '70', 1, 'phase_set07', 'variant07','callset11');
INSERT INTO allele_call(auth_user_id, id, genotype, read_depth, genotype_likelihood, phase_set, variant_id, call_set_id) VALUES('anonymousUser', 'allele_1108', '0/1', '85', 1, 'phase_set08', 'variant08','callset11');
INSERT INTO allele_call(auth_user_id, id, genotype, read_depth, genotype_likelihood, phase_set, variant_id, call_set_id) VALUES('anonymousUser', 'allele_1109', '1/1', '46', 1, 'phase_set09', 'variant09','callset11');
INSERT INTO allele_call(auth_user_id, id, genotype, read_depth, genotype_likelihood, phase_set, variant_id, call_set_id) VALUES('anonymousUser', 'allele_1110', '0/0', '83', 1, 'phase_set10', 'variant10','callset11');
INSERT INTO allele_call(auth_user_id, id, genotype, read_depth, genotype_likelihood, phase_set, variant_id, call_set_id) VALUES('anonymousUser', 'allele_1111', '0/1', '81', 1, 'phase_set11', 'variant11','callset11');
INSERT INTO allele_call(auth_user_id, id, genotype, read_depth, genotype_likelihood, phase_set, variant_id, call_set_id) VALUES('anonymousUser', 'allele_1112', '0/0', '85', 1, 'phase_set12', 'variant12','callset11');
INSERT INTO allele_call(auth_user_id, id, genotype, read_depth, genotype_likelihood, phase_set, variant_id, call_set_id) VALUES('anonymousUser', 'allele_1113', '1/0', '57', 1, 'phase_set13', 'variant13','callset11');
INSERT INTO allele_call(auth_user_id, id, genotype, read_depth, genotype_likelihood, phase_set, variant_id, call_set_id) VALUES('anonymousUser', 'allele_1114', '0/1', '99', 1, 'phase_set14', 'variant14','callset11');
INSERT INTO allele_call(auth_user_id, id, genotype, read_depth, genotype_likelihood, phase_set, variant_id, call_set_id) VALUES('anonymousUser', 'allele_1115', '1/1', '35', 1, 'phase_set15', 'variant15','callset11');
INSERT INTO allele_call(auth_user_id, id, genotype, read_depth, genotype_likelihood, phase_set, variant_id, call_set_id) VALUES('anonymousUser', 'allele_1116', '0/0', '36', 1, 'phase_set16', 'variant16','callset11');
INSERT INTO allele_call(auth_user_id, id, genotype, read_depth, genotype_likelihood, phase_set, variant_id, call_set_id) VALUES('anonymousUser', 'allele_1117', '1/0', '29', 1, 'phase_set17', 'variant17','callset11');
INSERT INTO allele_call(auth_user_id, id, genotype, read_depth, genotype_likelihood, phase_set, variant_id, call_set_id) VALUES('anonymousUser', 'allele_1118', '0/1', '70', 1, 'phase_set18', 'variant18','callset11');
INSERT INTO allele_call(auth_user_id, id, genotype, read_depth, genotype_likelihood, phase_set, variant_id, call_set_id) VALUES('anonymousUser', 'allele_1119', '1/1', '85', 1, 'phase_set19', 'variant19','callset11');
INSERT INTO allele_call(auth_user_id, id, genotype, read_depth, genotype_likelihood, phase_set, variant_id, call_set_id) VALUES('anonymousUser', 'allele_1120', '1/1', '46', 1, 'phase_set20', 'variant20','callset11');

INSERT INTO allele_call(auth_user_id, id, genotype, read_depth, genotype_likelihood, phase_set, variant_id, call_set_id) VALUES('anonymousUser', 'allele_1201', '1/0', '85', 1, 'phase_set01', 'variant01','callset12');
INSERT INTO allele_call(auth_user_id, id, genotype, read_depth, genotype_likelihood, phase_set, variant_id, call_set_id) VALUES('anonymousUser', 'allele_1202', '0/0', '57', 1, 'phase_set02', 'variant02','callset12');
INSERT INTO allele_call(auth_user_id, id, genotype, read_depth, genotype_likelihood, phase_set, variant_id, call_set_id) VALUES('anonymousUser', 'allele_1203', '1/0', '99', 1, 'phase_set03', 'variant03','callset12');
INSERT INTO allele_call(auth_user_id, id, genotype, read_depth, genotype_likelihood, phase_set, variant_id, call_set_id) VALUES('anonymousUser', 'allele_1204', '0/1', '35', 1, 'phase_set04', 'variant04','callset12');
INSERT INTO allele_call(auth_user_id, id, genotype, read_depth, genotype_likelihood, phase_set, variant_id, call_set_id) VALUES('anonymousUser', 'allele_1205', '0/0', '36', 1, 'phase_set05', 'variant05','callset12');
INSERT INTO allele_call(auth_user_id, id, genotype, read_depth, genotype_likelihood, phase_set, variant_id, call_set_id) VALUES('anonymousUser', 'allele_1206', '0/0', '29', 1, 'phase_set06', 'variant06','callset12');
INSERT INTO allele_call(auth_user_id, id, genotype, read_depth, genotype_likelihood, phase_set, variant_id, call_set_id) VALUES('anonymousUser', 'allele_1207', '0/1', '70', 1, 'phase_set07', 'variant07','callset12');
INSERT INTO allele_call(auth_user_id, id, genotype, read_depth, genotype_likelihood, phase_set, variant_id, call_set_id) VALUES('anonymousUser', 'allele_1208', '0/0', '85', 1, 'phase_set08', 'variant08','callset12');
INSERT INTO allele_call(auth_user_id, id, genotype, read_depth, genotype_likelihood, phase_set, variant_id, call_set_id) VALUES('anonymousUser', 'allele_1209', '1/0', '46', 1, 'phase_set09', 'variant09','callset12');
INSERT INTO allele_call(auth_user_id, id, genotype, read_depth, genotype_likelihood, phase_set, variant_id, call_set_id) VALUES('anonymousUser', 'allele_1210', '0/0', '83', 1, 'phase_set10', 'variant10','callset12');
INSERT INTO allele_call(auth_user_id, id, genotype, read_depth, genotype_likelihood, phase_set, variant_id, call_set_id) VALUES('anonymousUser', 'allele_1211', '1/0', '81', 1, 'phase_set11', 'variant11','callset12');
INSERT INTO allele_call(auth_user_id, id, genotype, read_depth, genotype_likelihood, phase_set, variant_id, call_set_id) VALUES('anonymousUser', 'allele_1212', '1/0', '85', 1, 'phase_set12', 'variant12','callset12');
INSERT INTO allele_call(auth_user_id, id, genotype, read_depth, genotype_likelihood, phase_set, variant_id, call_set_id) VALUES('anonymousUser', 'allele_1213', '1/0', '57', 1, 'phase_set13', 'variant13','callset12');
INSERT INTO allele_call(auth_user_id, id, genotype, read_depth, genotype_likelihood, phase_set, variant_id, call_set_id) VALUES('anonymousUser', 'allele_1214', '0/1', '99', 1, 'phase_set14', 'variant14','callset12');
INSERT INTO allele_call(auth_user_id, id, genotype, read_depth, genotype_likelihood, phase_set, variant_id, call_set_id) VALUES('anonymousUser', 'allele_1215', '1/1', '35', 1, 'phase_set15', 'variant15','callset12');
INSERT INTO allele_call(auth_user_id, id, genotype, read_depth, genotype_likelihood, phase_set, variant_id, call_set_id) VALUES('anonymousUser', 'allele_1216', '0/1', '36', 1, 'phase_set16', 'variant16','callset12');
INSERT INTO allele_call(auth_user_id, id, genotype, read_depth, genotype_likelihood, phase_set, variant_id, call_set_id) VALUES('anonymousUser', 'allele_1217', '0/0', '29', 1, 'phase_set17', 'variant17','callset12');
INSERT INTO allele_call(auth_user_id, id, genotype, read_depth, genotype_likelihood, phase_set, variant_id, call_set_id) VALUES('anonymousUser', 'allele_1218', '0/1', '70', 1, 'phase_set18', 'variant18','callset12');
INSERT INTO allele_call(auth_user_id, id, genotype, read_depth, genotype_likelihood, phase_set, variant_id, call_set_id) VALUES('anonymousUser', 'allele_1219', '1/0', '85', 1, 'phase_set19', 'variant19','callset12');
INSERT INTO allele_call(auth_user_id, id, genotype, read_depth, genotype_likelihood, phase_set, variant_id, call_set_id) VALUES('anonymousUser', 'allele_1220', '1/1', '46', 1, 'phase_set20', 'variant20','callset12');

INSERT INTO allele_call(auth_user_id, id, genotype, read_depth, genotype_likelihood, phase_set, variant_id, call_set_id) VALUES('anonymousUser', 'allele_1301', '1/0', '85', 1, 'phase_set01', 'variant01','callset13');
INSERT INTO allele_call(auth_user_id, id, genotype, read_depth, genotype_likelihood, phase_set, variant_id, call_set_id) VALUES('anonymousUser', 'allele_1302', '0/0', '57', 1, 'phase_set02', 'variant02','callset13');
INSERT INTO allele_call(auth_user_id, id, genotype, read_depth, genotype_likelihood, phase_set, variant_id, call_set_id) VALUES('anonymousUser', 'allele_1303', '1/0', '99', 1, 'phase_set03', 'variant03','callset13');
INSERT INTO allele_call(auth_user_id, id, genotype, read_depth, genotype_likelihood, phase_set, variant_id, call_set_id) VALUES('anonymousUser', 'allele_1304', '0/1', '35', 1, 'phase_set04', 'variant04','callset13');
INSERT INTO allele_call(auth_user_id, id, genotype, read_depth, genotype_likelihood, phase_set, variant_id, call_set_id) VALUES('anonymousUser', 'allele_1305', '0/0', '36', 1, 'phase_set05', 'variant05','callset13');
INSERT INTO allele_call(auth_user_id, id, genotype, read_depth, genotype_likelihood, phase_set, variant_id, call_set_id) VALUES('anonymousUser', 'allele_1306', '0/0', '29', 1, 'phase_set06', 'variant06','callset13');
INSERT INTO allele_call(auth_user_id, id, genotype, read_depth, genotype_likelihood, phase_set, variant_id, call_set_id) VALUES('anonymousUser', 'allele_1307', '0/1', '70', 1, 'phase_set07', 'variant07','callset13');
INSERT INTO allele_call(auth_user_id, id, genotype, read_depth, genotype_likelihood, phase_set, variant_id, call_set_id) VALUES('anonymousUser', 'allele_1308', '0/0', '85', 1, 'phase_set08', 'variant08','callset13');
INSERT INTO allele_call(auth_user_id, id, genotype, read_depth, genotype_likelihood, phase_set, variant_id, call_set_id) VALUES('anonymousUser', 'allele_1309', '1/0', '46', 1, 'phase_set09', 'variant09','callset13');
INSERT INTO allele_call(auth_user_id, id, genotype, read_depth, genotype_likelihood, phase_set, variant_id, call_set_id) VALUES('anonymousUser', 'allele_1310', '0/0', '83', 1, 'phase_set10', 'variant10','callset13');
INSERT INTO allele_call(auth_user_id, id, genotype, read_depth, genotype_likelihood, phase_set, variant_id, call_set_id) VALUES('anonymousUser', 'allele_1311', '1/0', '81', 1, 'phase_set11', 'variant11','callset13');
INSERT INTO allele_call(auth_user_id, id, genotype, read_depth, genotype_likelihood, phase_set, variant_id, call_set_id) VALUES('anonymousUser', 'allele_1312', '1/0', '85', 1, 'phase_set12', 'variant12','callset13');
INSERT INTO allele_call(auth_user_id, id, genotype, read_depth, genotype_likelihood, phase_set, variant_id, call_set_id) VALUES('anonymousUser', 'allele_1313', '1/0', '57', 1, 'phase_set13', 'variant13','callset13');
INSERT INTO allele_call(auth_user_id, id, genotype, read_depth, genotype_likelihood, phase_set, variant_id, call_set_id) VALUES('anonymousUser', 'allele_1314', '0/1', '99', 1, 'phase_set14', 'variant14','callset13');
INSERT INTO allele_call(auth_user_id, id, genotype, read_depth, genotype_likelihood, phase_set, variant_id, call_set_id) VALUES('anonymousUser', 'allele_1315', '1/1', '35', 1, 'phase_set15', 'variant15','callset13');
INSERT INTO allele_call(auth_user_id, id, genotype, read_depth, genotype_likelihood, phase_set, variant_id, call_set_id) VALUES('anonymousUser', 'allele_1316', '0/1', '36', 1, 'phase_set16', 'variant16','callset13');
INSERT INTO allele_call(auth_user_id, id, genotype, read_depth, genotype_likelihood, phase_set, variant_id, call_set_id) VALUES('anonymousUser', 'allele_1317', '0/0', '29', 1, 'phase_set17', 'variant17','callset13');
INSERT INTO allele_call(auth_user_id, id, genotype, read_depth, genotype_likelihood, phase_set, variant_id, call_set_id) VALUES('anonymousUser', 'allele_1318', '0/1', '70', 1, 'phase_set18', 'variant18','callset13');
INSERT INTO allele_call(auth_user_id, id, genotype, read_depth, genotype_likelihood, phase_set, variant_id, call_set_id) VALUES('anonymousUser', 'allele_1319', '1/0', '85', 1, 'phase_set19', 'variant19','callset13');
INSERT INTO allele_call(auth_user_id, id, genotype, read_depth, genotype_likelihood, phase_set, variant_id, call_set_id) VALUES('anonymousUser', 'allele_1320', '1/1', '46', 1, 'phase_set20', 'variant20','callset13');
