INSERT INTO call (id, call) values ('1','/calls');
INSERT INTO call (id, call) values ('2','/germplasm-search');
INSERT INTO call (id, call) values ('4','/germplasm/{germplasmDbId}');
INSERT INTO call (id, call) values ('5','/germplasm/{germplasmDbId}/pedigree');
INSERT INTO call (id, call) values ('6','/germplasm/{germplasmDbId}/markerprofiles');
INSERT INTO call (id, call) values ('7','/attributes');
INSERT INTO call (id, call) values ('8','/attributes/categories');
INSERT INTO call (id, call) values ('9','/germplasm/{germplasmDbId}/attributes');
INSERT INTO call (id, call) values ('10','/markers');
INSERT INTO call (id, call) values ('11','/markers/{markerDbId}');
INSERT INTO call (id, call) values ('12','/markerprofiles');
INSERT INTO call (id, call) values ('13','/markerprofiles/{markerprofileDbId}');
INSERT INTO call (id, call) values ('14','/allelmatrix-search');
INSERT INTO call (id, call) values ('16','/programs');
INSERT INTO call (id, call) values ('17','/crops');
INSERT INTO call (id, call) values ('18','/trials');
INSERT INTO call (id, call) values ('19','/trials/{trialsDbId}');
INSERT INTO call (id, call) values ('20','/seasons');
INSERT INTO call (id, call) values ('21','/studyTypes');
INSERT INTO call (id, call) values ('22','/studies-search');
INSERT INTO call (id, call) values ('24','/studies/{studiesDbId}');
INSERT INTO call (id, call) values ('25','/studies/{studiesDbId}/observationVariables');
INSERT INTO call (id, call) values ('26','/studies/{studiesDbId}/germplasm');
INSERT INTO call (id, call) values ('27','/observationLevels');
INSERT INTO call (id, call) values ('28','/studies/{studiesDbId}/observationunits');
INSERT INTO call (id, call) values ('30','/studies/{studiesDbId}/table');
INSERT INTO call (id, call) values ('32','/studies/{studiesDbId}/layout');
INSERT INTO call (id, call) values ('33','/studies/{studiesDbId}/observarions');
INSERT INTO call (id, call) values ('34','/phenotypes-search');
INSERT INTO call (id, call) values ('35','/traits');
INSERT INTO call (id, call) values ('36','/traits/{traitDbId}');
INSERT INTO call (id, call) values ('37','/variables/datatypes');
INSERT INTO call (id, call) values ('38','/variables');
INSERT INTO call (id, call) values ('39','/variables/{observationVariableDbId}');
INSERT INTO call (id, call) values ('40','/variables-search');
INSERT INTO call (id, call) values ('41','/ontologies');
INSERT INTO call (id, call) values ('42','/maps');
INSERT INTO call (id, call) values ('43','/maps/{mapDbId}');
INSERT INTO call (id, call) values ('44','/maps/{mapDbId}/positions');
INSERT INTO call (id, call) values ('45','/maps/{mapDbId}/positions/{linkageGroupId}');
INSERT INTO call (id, call) values ('46','/locations');
INSERT INTO call (id, call) values ('47','/locations/{locationsDbId}');
INSERT INTO call (id, call) values ('48','/samples');
INSERT INTO call (id, call) values ('49','/samples/{samplesDbId}');


INSERT INTO call_method (id, call_dbid, method) values ('11','1','GET');
INSERT INTO call_method (id, call_dbid, method) values ('12','2','GET');
INSERT INTO call_method (id, call_dbid, method) values ('13','2','POST');
INSERT INTO call_method (id, call_dbid, method) values ('14','4','GET');
INSERT INTO call_method (id, call_dbid, method) values ('15','5','GET');
INSERT INTO call_method (id, call_dbid, method) values ('16','6','GET');
INSERT INTO call_method (id, call_dbid, method) values ('17','7','GET');
INSERT INTO call_method (id, call_dbid, method) values ('18','8','GET');
INSERT INTO call_method (id, call_dbid, method) values ('19','9','GET');
INSERT INTO call_method (id, call_dbid, method) values ('110','10','GET');
INSERT INTO call_method (id, call_dbid, method) values ('111','11','GET');
INSERT INTO call_method (id, call_dbid, method) values ('112','12','GET');
INSERT INTO call_method (id, call_dbid, method) values ('113','13','GET');
INSERT INTO call_method (id, call_dbid, method) values ('114','14','GET');
INSERT INTO call_method (id, call_dbid, method) values ('115','14','POST');
INSERT INTO call_method (id, call_dbid, method) values ('116','16','GET');
INSERT INTO call_method (id, call_dbid, method) values ('117','17','GET');
INSERT INTO call_method (id, call_dbid, method) values ('118','18','GET');
INSERT INTO call_method (id, call_dbid, method) values ('119','19','GET');
INSERT INTO call_method (id, call_dbid, method) values ('120','20','GET');
INSERT INTO call_method (id, call_dbid, method) values ('121','21','GET');
INSERT INTO call_method (id, call_dbid, method) values ('122','22','GET');
INSERT INTO call_method (id, call_dbid, method) values ('123','22','POST');
INSERT INTO call_method (id, call_dbid, method) values ('124','24','GET');
INSERT INTO call_method (id, call_dbid, method) values ('125','25','GET');
INSERT INTO call_method (id, call_dbid, method) values ('126','26','GET');
INSERT INTO call_method (id, call_dbid, method) values ('127','27','GET');
INSERT INTO call_method (id, call_dbid, method) values ('128','28','GET');
INSERT INTO call_method (id, call_dbid, method) values ('129','28','POST');
INSERT INTO call_method (id, call_dbid, method) values ('130','30','GET');
INSERT INTO call_method (id, call_dbid, method) values ('131','30','POST');
INSERT INTO call_method (id, call_dbid, method) values ('132','32','GET');
INSERT INTO call_method (id, call_dbid, method) values ('133','33','GET');
INSERT INTO call_method (id, call_dbid, method) values ('134','34','POST');
INSERT INTO call_method (id, call_dbid, method) values ('135','35','GET');
INSERT INTO call_method (id, call_dbid, method) values ('136','36','GET');
INSERT INTO call_method (id, call_dbid, method) values ('137','37','GET');
INSERT INTO call_method (id, call_dbid, method) values ('138','38','GET');
INSERT INTO call_method (id, call_dbid, method) values ('139','39','GET');
INSERT INTO call_method (id, call_dbid, method) values ('140','40','POST');
INSERT INTO call_method (id, call_dbid, method) values ('141','41','GET');
INSERT INTO call_method (id, call_dbid, method) values ('142','42','GET');
INSERT INTO call_method (id, call_dbid, method) values ('143','43','GET');
INSERT INTO call_method (id, call_dbid, method) values ('144','44','GET');
INSERT INTO call_method (id, call_dbid, method) values ('145','45','GET');
INSERT INTO call_method (id, call_dbid, method) values ('146','46','GET');
INSERT INTO call_method (id, call_dbid, method) values ('147','47','GET');
INSERT INTO call_method (id, call_dbid, method) values ('148','48','PUT');
INSERT INTO call_method (id, call_dbid, method) values ('149','49','GET');


INSERT INTO call_data_type (id, call_dbid, data_type) values ('21','1','json');
INSERT INTO call_data_type (id, call_dbid, data_type) values ('22','2','json');
INSERT INTO call_data_type (id, call_dbid, data_type) values ('24','4','json');
INSERT INTO call_data_type (id, call_dbid, data_type) values ('25','5','json');
INSERT INTO call_data_type (id, call_dbid, data_type) values ('26','6','json');
INSERT INTO call_data_type (id, call_dbid, data_type) values ('27','7','json');
INSERT INTO call_data_type (id, call_dbid, data_type) values ('28','8','json');
INSERT INTO call_data_type (id, call_dbid, data_type) values ('29','9','json');
INSERT INTO call_data_type (id, call_dbid, data_type) values ('210','10','json');
INSERT INTO call_data_type (id, call_dbid, data_type) values ('211','11','json');
INSERT INTO call_data_type (id, call_dbid, data_type) values ('212','12','json');
INSERT INTO call_data_type (id, call_dbid, data_type) values ('213','13','json');
INSERT INTO call_data_type (id, call_dbid, data_type) values ('214','14','json');
INSERT INTO call_data_type (id, call_dbid, data_type) values ('216','16','json');
INSERT INTO call_data_type (id, call_dbid, data_type) values ('217','17','json');
INSERT INTO call_data_type (id, call_dbid, data_type) values ('218','18','json');
INSERT INTO call_data_type (id, call_dbid, data_type) values ('219','19','json');
INSERT INTO call_data_type (id, call_dbid, data_type) values ('220','20','json');
INSERT INTO call_data_type (id, call_dbid, data_type) values ('221','21','json');
INSERT INTO call_data_type (id, call_dbid, data_type) values ('222','22','json');
INSERT INTO call_data_type (id, call_dbid, data_type) values ('224','24','json');
INSERT INTO call_data_type (id, call_dbid, data_type) values ('225','25','json');
INSERT INTO call_data_type (id, call_dbid, data_type) values ('226','26','json');
INSERT INTO call_data_type (id, call_dbid, data_type) values ('227','27','json');
INSERT INTO call_data_type (id, call_dbid, data_type) values ('228','28','json');
INSERT INTO call_data_type (id, call_dbid, data_type) values ('230','30','json');
INSERT INTO call_data_type (id, call_dbid, data_type) values ('232','32','json');
INSERT INTO call_data_type (id, call_dbid, data_type) values ('233','33','json');
INSERT INTO call_data_type (id, call_dbid, data_type) values ('234','34','json');
INSERT INTO call_data_type (id, call_dbid, data_type) values ('235','35','json');
INSERT INTO call_data_type (id, call_dbid, data_type) values ('236','36','json');
INSERT INTO call_data_type (id, call_dbid, data_type) values ('237','37','json');
INSERT INTO call_data_type (id, call_dbid, data_type) values ('238','38','json');
INSERT INTO call_data_type (id, call_dbid, data_type) values ('239','39','json');
INSERT INTO call_data_type (id, call_dbid, data_type) values ('240','40','json');
INSERT INTO call_data_type (id, call_dbid, data_type) values ('241','41','json');
INSERT INTO call_data_type (id, call_dbid, data_type) values ('242','42','json');
INSERT INTO call_data_type (id, call_dbid, data_type) values ('243','43','json');
INSERT INTO call_data_type (id, call_dbid, data_type) values ('244','44','json');
INSERT INTO call_data_type (id, call_dbid, data_type) values ('245','45','json');
INSERT INTO call_data_type (id, call_dbid, data_type) values ('246','46','json');
INSERT INTO call_data_type (id, call_dbid, data_type) values ('247','47','json');
INSERT INTO call_data_type (id, call_dbid, data_type) values ('248','48','json');
INSERT INTO call_data_type (id, call_dbid, data_type) values ('249','49','json');

INSERT INTO crop (id, crop_name) VALUES ('1', 'crop1');

INSERT INTO pedigree(id, default_display_name, notation, parent1_db_id, parent2_db_id, pedigree) VALUES ('1', 'name', 'purdy', null, null, 'A000001');
INSERT INTO pedigree(id, default_display_name, notation, parent1_db_id, parent2_db_id, pedigree) VALUES ('2', 'name', 'purdy', null, null, 'A000002');
INSERT INTO pedigree(id, default_display_name, notation, parent1_db_id, parent2_db_id, pedigree) VALUES ('3', 'name', 'purdy', '1', '2', 'A000001 / A000002');

INSERT INTO germplasm (id, accession_number, acquisition_date, biological_status_of_accession_code, common_crop_name, country_of_origin_code, default_display_name, genus, germplasm_name, germplasmpui, germplasm_seed_source, institute_code, institute_name, species, species_authority, subtaxa, subtaxa_authority, synonyms, pedigree_id) VALUES ('1',  'A000001',  '19840101',  '300',  'G000001',  'COUNTRY1',  'G000001',  'Fructus',  'Name001',  'http://pui.per/accession/A000001',  'open pollination',  'PER001',  'INST1',  'novus',  'L',  'subtaxa',  'N',  'landrace 1',  '3');
INSERT INTO germplasm (id, accession_number, acquisition_date, biological_status_of_accession_code, common_crop_name, country_of_origin_code, default_display_name, genus, germplasm_name, germplasmpui, germplasm_seed_source, institute_code, institute_name, species, species_authority, subtaxa, subtaxa_authority, synonyms, pedigree_id) VALUES ('2',  'A000002',  '19840101',  '300',  'G000002',  'COUNTRY1',  'G000002',  'Fructus',  'Name002',  'http://pui.per/accession/A000002',  'open pollination',  'PER001',  'INST1',  'novus',  'L',  'subtaxa',  'N',  'landrace 2',  '3');
INSERT INTO germplasm (id, accession_number, acquisition_date, biological_status_of_accession_code, common_crop_name, country_of_origin_code, default_display_name, genus, germplasm_name, germplasmpui, germplasm_seed_source, institute_code, institute_name, species, species_authority, subtaxa, subtaxa_authority, synonyms, pedigree_id) VALUES ('3',  'A000003',  '20010101',  '500',  'G000003',  'COUNTRY1',  'G000003',  'Fructus',  'Name003',  'http://pui.per/accession/A000003',  'A000001/A000002',  'PER001',  'INST1',  'novus',  'L',  'subtaxa',  'N',  'variety 1',  '3');
INSERT INTO germplasm (id, accession_number, acquisition_date, biological_status_of_accession_code, common_crop_name, country_of_origin_code, default_display_name, genus, germplasm_name, germplasmpui, germplasm_seed_source, institute_code, institute_name, species, species_authority, subtaxa, subtaxa_authority, synonyms, pedigree_id) VALUES ('4',  'A000004',  '20010101',  '500',  'G000004',  'COUNTRY1',  'G000004',  'Fructus',  'Name004',  'http://pui.per/accession/A000004',  NULL,  'PER001',  'INST1',  'novus',  'L',  'subtaxa',  'N',  'variety 4',  '3');
INSERT INTO germplasm (id, accession_number, acquisition_date, biological_status_of_accession_code, common_crop_name, country_of_origin_code, default_display_name, genus, germplasm_name, germplasmpui, germplasm_seed_source, institute_code, institute_name, species, species_authority, subtaxa, subtaxa_authority, synonyms, pedigree_id) VALUES ('5',  'A000005',  '20010101',  '500',  'G000005',  'COUNTRY1',  'G000005',  'Fructus',  'Name005',  'http://pui.per/accession/A000005',  NULL,  'PER001',  'INST1',  'novus',  'L',  'subtaxa',  'N',  'variety 5',  '3');
INSERT INTO germplasm (id, accession_number, acquisition_date, biological_status_of_accession_code, common_crop_name, country_of_origin_code, default_display_name, genus, germplasm_name, germplasmpui, germplasm_seed_source, institute_code, institute_name, species, species_authority, subtaxa, subtaxa_authority, synonyms, pedigree_id) VALUES ('6',  'A000006',  '20010101',  '500',  'G000006',  'COUNTRY1',  'G000006',  'Fructus',  'Name006',  'http://pui.per/accession/A000006',  NULL,  'PER001',  'INST1',  'novus',  'L',  'subtaxa',  'N',  'variety 6',  '3');
INSERT INTO germplasm (id, accession_number, acquisition_date, biological_status_of_accession_code, common_crop_name, country_of_origin_code, default_display_name, genus, germplasm_name, germplasmpui, germplasm_seed_source, institute_code, institute_name, species, species_authority, subtaxa, subtaxa_authority, synonyms, pedigree_id) VALUES ('7',  'A000007',  '20010101',  '500',  'G000007',  'COUNTRY1',  'G000007',  'Fructus',  'Name007',  'http://pui.per/accession/A000007',  NULL,  'PER001',  'INST1',  'novus',  'L',  'subtaxa',  'N',  'variety 7',  '3');
INSERT INTO germplasm (id, accession_number, acquisition_date, biological_status_of_accession_code, common_crop_name, country_of_origin_code, default_display_name, genus, germplasm_name, germplasmpui, germplasm_seed_source, institute_code, institute_name, species, species_authority, subtaxa, subtaxa_authority, synonyms, pedigree_id) VALUES ('8',  'A000008',  '20010101',  '500',  'G000008',  'COUNTRY1',  'G000008',  'Fructus',  'Name008',  'http://pui.per/accession/A000008',  NULL,  'PER001',  'INST1',  'novus',  'L',  'subtaxa',  'N',  'variety 8',  '3');
INSERT INTO germplasm (id, accession_number, acquisition_date, biological_status_of_accession_code, common_crop_name, country_of_origin_code, default_display_name, genus, germplasm_name, germplasmpui, germplasm_seed_source, institute_code, institute_name, species, species_authority, subtaxa, subtaxa_authority, synonyms, pedigree_id) VALUES ('9',  'A000009',  '20010101',  '300',  'Local_variety',  'COUNTRY1',  'Local_variety',  'Fructus',  'Local_variety',  'http://pui.per/accession/A000009',  'open pollination',  'PER001',  'INST1',  'novus',  'L',  'subtaxa',  'N',  'landrace',  '3');

INSERT INTO donor (id, germplasm_db_id, donor_accession_number, donor_institute_code, germplasmpui) VALUES ('1', '1', 'A001230', 'INRA', 'https://doi.org/10.1109/5.771073');
INSERT INTO donor (id, germplasm_db_id, donor_accession_number, donor_institute_code, germplasmpui) VALUES ('2', '1', 'A004560', 'INRA', 'https://doi.org/10.1109/5.231123');
INSERT INTO donor (id, germplasm_db_id, donor_accession_number, donor_institute_code, germplasmpui) VALUES ('3', '2', 'A007890', 'INRA', 'https://doi.org/10.1109/5.771073');
INSERT INTO donor (id, germplasm_db_id, donor_accession_number, donor_institute_code, germplasmpui) VALUES ('4', '2', 'A001010', 'INRA', 'https://doi.org/10.1109/5.231123');

INSERT INTO germplasm_attribute_category (id, name) VALUES ('1', 'Morphological');
INSERT INTO germplasm_attribute_category (id, name) VALUES ('2', 'Agronomic');
INSERT INTO germplasm_attribute_category (id, name) VALUES ('3', 'Biotic stress');
INSERT INTO germplasm_attribute_category (id, name) VALUES ('4', 'Abiotic stress');

INSERT INTO germplasm_attribute(id, code, datatype, description, germplasm_dbid, name, uri, attribute_category_id) VALUES ('1',  'RHT',  'Categorical',  'Allele of marker 11_4769', '1',  'Rht-B1b',  'http://www.brapi.org/ontology/MO_123:1000001',  '2');
INSERT INTO germplasm_attribute(id, code, datatype, description, germplasm_dbid, name, uri, attribute_category_id) VALUES ('2',  'WEV',  'Categorical',  'Resistance allele', '1',  'Weevil Resistance',  'http://www.brapi.org/ontology/MO_123:1000002',  '3');
INSERT INTO germplasm_attribute(id, code, datatype, description, germplasm_dbid, name, uri, attribute_category_id) VALUES ('3',  'FLSHORG',  'Categorical',  'Allelele for orange flesh', '1',  'Flesh Color Orange allele',  'http://www.brapi.org/ontology/MO_123:1000003',  '1');
INSERT INTO germplasm_attribute(id, code, datatype, description, germplasm_dbid, name, uri, attribute_category_id) VALUES ('4',  'FLWCOL',  'Categorical',  'Allele for white flower color', '1',  'Flower color white allele',  'http://www.brapi.org/ontology/MO_123:1000004',  '1');
INSERT INTO germplasm_attribute(id, code, datatype, description, germplasm_dbid, name, uri, attribute_category_id) VALUES ('5',  'RAL1',  'Categorical',  'Resistance allele 1', '1',  'R allele 1',  'http://www.brapi.org/ontology/MO_123:1000005',  '3');
INSERT INTO germplasm_attribute(id, code, datatype, description, germplasm_dbid, name, uri, attribute_category_id) VALUES ('6',  'RAL2',  'Categorical',  'Resistance allele 2', '1',  'R allele 2',  'http://www.brapi.org/ontology/MO_123:1000006',  '3');
INSERT INTO germplasm_attribute(id, code, datatype, description, germplasm_dbid, name, uri, attribute_category_id) VALUES ('7',  'RAL3',  'Categorical',  'Resistance allele 3', '1',  'R allele 3',  'http://www.brapi.org/ontology/MO_123:1000007',  '3');
INSERT INTO germplasm_attribute(id, code, datatype, description, germplasm_dbid, name, uri, attribute_category_id) VALUES ('8',  'RAL4',  'Categorical',  'Resistance allele 4', '1',  'R allele 4',  'http://www.brapi.org/ontology/MO_123:1000008',  '4');
INSERT INTO germplasm_attribute(id, code, datatype, description, germplasm_dbid, name, uri, attribute_category_id) VALUES ('9',  'RAL5',  'Categorical',  'Resistance allele 5', '1',  'R allele 5',  'http://www.brapi.org/ontology/MO_123:1000009',  '4');
INSERT INTO germplasm_attribute(id, code, datatype, description, germplasm_dbid, name, uri, attribute_category_id) VALUES ('10',  'RAL6',  'Categorical',  'Resistance allele', '1',  'R allele 6',  'http://www.brapi.org/ontology/MO_123:1000010',  '4');

INSERT INTO public.germplasm_attribute_value(id, germplasm_attribute_db_id, value) VALUES ('1', '1', 'Present');
INSERT INTO public.germplasm_attribute_value(id, germplasm_attribute_db_id, value) VALUES ('2', '2', 'Absent');
INSERT INTO public.germplasm_attribute_value(id, germplasm_attribute_db_id, value) VALUES ('3', '3', '1');
INSERT INTO public.germplasm_attribute_value(id, germplasm_attribute_db_id, value) VALUES ('4', '4', '3');
INSERT INTO public.germplasm_attribute_value(id, germplasm_attribute_db_id, value) VALUES ('5', '5', 'Heterozygous');
INSERT INTO public.germplasm_attribute_value(id, germplasm_attribute_db_id, value) VALUES ('6', '6', '5');
INSERT INTO public.germplasm_attribute_value(id, germplasm_attribute_db_id, value) VALUES ('7', '7', '7');
INSERT INTO public.germplasm_attribute_value(id, germplasm_attribute_db_id, value) VALUES ('8', '8', '9');
INSERT INTO public.germplasm_attribute_value(id, germplasm_attribute_db_id, value) VALUES ('9', '9', '3');
INSERT INTO public.germplasm_attribute_value(id, germplasm_attribute_db_id, value) VALUES ('10', '10', '1');
INSERT INTO public.germplasm_attribute_value(id, germplasm_attribute_db_id, value) VALUES ('11', '1', 'Absent');
INSERT INTO public.germplasm_attribute_value(id, germplasm_attribute_db_id, value) VALUES ('12', '2', 'Heterozygous');
INSERT INTO public.germplasm_attribute_value(id, germplasm_attribute_db_id, value) VALUES ('13', '3', '3');
INSERT INTO public.germplasm_attribute_value(id, germplasm_attribute_db_id, value) VALUES ('14', '4', '4');
INSERT INTO public.germplasm_attribute_value(id, germplasm_attribute_db_id, value) VALUES ('15', '5', 'Absent');
INSERT INTO public.germplasm_attribute_value(id, germplasm_attribute_db_id, value) VALUES ('16', '6', '7');
INSERT INTO public.germplasm_attribute_value(id, germplasm_attribute_db_id, value) VALUES ('17', '7', '8');
INSERT INTO public.germplasm_attribute_value(id, germplasm_attribute_db_id, value) VALUES ('18', '8', '2');
INSERT INTO public.germplasm_attribute_value(id, germplasm_attribute_db_id, value) VALUES ('19', '9', '1');
INSERT INTO public.germplasm_attribute_value(id, germplasm_attribute_db_id, value) VALUES ('20', '10', '8');
INSERT INTO public.germplasm_attribute_value(id, germplasm_attribute_db_id, value) VALUES ('21', '1', 'Heterozygous');
INSERT INTO public.germplasm_attribute_value(id, germplasm_attribute_db_id, value) VALUES ('22', '2', 'Present');
INSERT INTO public.germplasm_attribute_value(id, germplasm_attribute_db_id, value) VALUES ('23', '3', '9');
INSERT INTO public.germplasm_attribute_value(id, germplasm_attribute_db_id, value) VALUES ('24', '4', '5');
INSERT INTO public.germplasm_attribute_value(id, germplasm_attribute_db_id, value) VALUES ('25', '5', '1');
INSERT INTO public.germplasm_attribute_value(id, germplasm_attribute_db_id, value) VALUES ('26', '6', '2');
INSERT INTO public.germplasm_attribute_value(id, germplasm_attribute_db_id, value) VALUES ('27', '7', '6');
INSERT INTO public.germplasm_attribute_value(id, germplasm_attribute_db_id, value) VALUES ('28', '8', '7');
INSERT INTO public.germplasm_attribute_value(id, germplasm_attribute_db_id, value) VALUES ('29', '9', '8');
INSERT INTO public.germplasm_attribute_value(id, germplasm_attribute_db_id, value) VALUES ('30', '10', '4');
INSERT INTO public.germplasm_attribute_value(id, germplasm_attribute_db_id, value) VALUES ('31', '1', 'Present');
INSERT INTO public.germplasm_attribute_value(id, germplasm_attribute_db_id, value) VALUES ('32', '2', 'Heterozygous');
INSERT INTO public.germplasm_attribute_value(id, germplasm_attribute_db_id, value) VALUES ('33', '3', '5');
INSERT INTO public.germplasm_attribute_value(id, germplasm_attribute_db_id, value) VALUES ('34', '4', '9');
INSERT INTO public.germplasm_attribute_value(id, germplasm_attribute_db_id, value) VALUES ('35', '5', 'Absent');
INSERT INTO public.germplasm_attribute_value(id, germplasm_attribute_db_id, value) VALUES ('36', '6', '9');
INSERT INTO public.germplasm_attribute_value(id, germplasm_attribute_db_id, value) VALUES ('37', '7', '8');
INSERT INTO public.germplasm_attribute_value(id, germplasm_attribute_db_id, value) VALUES ('38', '8', '7');
INSERT INTO public.germplasm_attribute_value(id, germplasm_attribute_db_id, value) VALUES ('39', '9', '6');
INSERT INTO public.germplasm_attribute_value(id, germplasm_attribute_db_id, value) VALUES ('40', '10', '5');
INSERT INTO public.germplasm_attribute_value(id, germplasm_attribute_db_id, value) VALUES ('41', '1', 'Absent');
INSERT INTO public.germplasm_attribute_value(id, germplasm_attribute_db_id, value) VALUES ('42', '2', 'Heterozygous');
INSERT INTO public.germplasm_attribute_value(id, germplasm_attribute_db_id, value) VALUES ('43', '3', '8');
INSERT INTO public.germplasm_attribute_value(id, germplasm_attribute_db_id, value) VALUES ('44', '4', '5');
INSERT INTO public.germplasm_attribute_value(id, germplasm_attribute_db_id, value) VALUES ('45', '5', 'Absent');
INSERT INTO public.germplasm_attribute_value(id, germplasm_attribute_db_id, value) VALUES ('46', '6', '3');
INSERT INTO public.germplasm_attribute_value(id, germplasm_attribute_db_id, value) VALUES ('47', '7', '4');
INSERT INTO public.germplasm_attribute_value(id, germplasm_attribute_db_id, value) VALUES ('48', '8', '5');
INSERT INTO public.germplasm_attribute_value(id, germplasm_attribute_db_id, value) VALUES ('49', '9', '6');
INSERT INTO public.germplasm_attribute_value(id, germplasm_attribute_db_id, value) VALUES ('50', '10', '7');
INSERT INTO public.germplasm_attribute_value(id, germplasm_attribute_db_id, value) VALUES ('51', '1', 'Heterozygous');
INSERT INTO public.germplasm_attribute_value(id, germplasm_attribute_db_id, value) VALUES ('52', '2', 'Absent');
INSERT INTO public.germplasm_attribute_value(id, germplasm_attribute_db_id, value) VALUES ('53', '3', '8');
INSERT INTO public.germplasm_attribute_value(id, germplasm_attribute_db_id, value) VALUES ('54', '4', '7');
INSERT INTO public.germplasm_attribute_value(id, germplasm_attribute_db_id, value) VALUES ('55', '5', 'Present');
INSERT INTO public.germplasm_attribute_value(id, germplasm_attribute_db_id, value) VALUES ('56', '6', '7');
INSERT INTO public.germplasm_attribute_value(id, germplasm_attribute_db_id, value) VALUES ('57', '7', '6');
INSERT INTO public.germplasm_attribute_value(id, germplasm_attribute_db_id, value) VALUES ('58', '8', '5');
INSERT INTO public.germplasm_attribute_value(id, germplasm_attribute_db_id, value) VALUES ('59', '9', '2');
INSERT INTO public.germplasm_attribute_value(id, germplasm_attribute_db_id, value) VALUES ('60', '10', '3');
INSERT INTO public.germplasm_attribute_value(id, germplasm_attribute_db_id, value) VALUES ('61', '1', 'Present');
INSERT INTO public.germplasm_attribute_value(id, germplasm_attribute_db_id, value) VALUES ('62', '2', 'Heterozygous');
INSERT INTO public.germplasm_attribute_value(id, germplasm_attribute_db_id, value) VALUES ('63', '3', '9');
INSERT INTO public.germplasm_attribute_value(id, germplasm_attribute_db_id, value) VALUES ('64', '4', '8');
INSERT INTO public.germplasm_attribute_value(id, germplasm_attribute_db_id, value) VALUES ('65', '5', 'Present');
INSERT INTO public.germplasm_attribute_value(id, germplasm_attribute_db_id, value) VALUES ('66', '6', '3');
INSERT INTO public.germplasm_attribute_value(id, germplasm_attribute_db_id, value) VALUES ('67', '7', '2');
INSERT INTO public.germplasm_attribute_value(id, germplasm_attribute_db_id, value) VALUES ('68', '8', '6');
INSERT INTO public.germplasm_attribute_value(id, germplasm_attribute_db_id, value) VALUES ('69', '9', '4');
INSERT INTO public.germplasm_attribute_value(id, germplasm_attribute_db_id, value) VALUES ('70', '10', '9');
INSERT INTO public.germplasm_attribute_value(id, germplasm_attribute_db_id, value) VALUES ('71', '1', 'Absent');
INSERT INTO public.germplasm_attribute_value(id, germplasm_attribute_db_id, value) VALUES ('72', '2', 'Absent');
INSERT INTO public.germplasm_attribute_value(id, germplasm_attribute_db_id, value) VALUES ('73', '3', '9');
INSERT INTO public.germplasm_attribute_value(id, germplasm_attribute_db_id, value) VALUES ('74', '4', '1');
INSERT INTO public.germplasm_attribute_value(id, germplasm_attribute_db_id, value) VALUES ('75', '5', 'Heterozygous');
INSERT INTO public.germplasm_attribute_value(id, germplasm_attribute_db_id, value) VALUES ('76', '6', '7');
INSERT INTO public.germplasm_attribute_value(id, germplasm_attribute_db_id, value) VALUES ('77', '7', '5');
INSERT INTO public.germplasm_attribute_value(id, germplasm_attribute_db_id, value) VALUES ('78', '8', '9');
INSERT INTO public.germplasm_attribute_value(id, germplasm_attribute_db_id, value) VALUES ('79', '9', '7');
INSERT INTO public.germplasm_attribute_value(id, germplasm_attribute_db_id, value) VALUES ('80', '10', '3');

INSERT INTO location (id, location_type, name, abbreviation, country_code, country_name, latitude, longitude, altitude, institute_name, institute_address) VALUES ('1', 'Storage location', 'Location 1', 'L1', 'PER', 'Peru', -11.1275, -75.356389, 828, 'Plant Science Institute', '71 Pilgrim Avenue Chevy Chase MD 20815');
INSERT INTO location (id, location_type, name, abbreviation, country_code, country_name, latitude, longitude, altitude, institute_name, institute_address) VALUES ('2', 'Breeding location', 'Location 2', 'L2', 'PER', 'Peru', -11.16116, -75.34171, 964, 'Plant Science Institute', '71 Pilgrim Avenue Chevy Chase MD 20815');
INSERT INTO location (id, location_type, name, abbreviation, country_code, country_name, latitude, longitude, altitude, institute_name, institute_address) VALUES ('3', 'Storage location', 'Location 3', 'L3', 'PER', 'Peru', -12.076289, -76.948417, 244, 'Plant Science Institute', '71 Pilgrim Avenue Chevy Chase MD 20815');
INSERT INTO location (id, location_type, name, abbreviation, country_code, country_name, latitude, longitude, altitude, institute_name, institute_address) VALUES ('4', 'Farmer field location', 'Location 4', 'L4', 'MOZ', 'Mozambique', -15.4669, 36.9777, 701, 'Plant Science Institute', '71 Pilgrim Avenue Chevy Chase MD 20815');
INSERT INTO location (id, location_type, name, abbreviation, country_code, country_name, latitude, longitude, altitude, institute_name, institute_address) VALUES ('5', 'Breeding location', 'Location 5', 'L5', 'MOZ', 'Mozambique', -26.0283, 32.39, 7, 'Plant Science Institute', '71 Pilgrim Avenue Chevy Chase MD 20815');
INSERT INTO location (id, location_type, name, abbreviation, country_code, country_name, latitude, longitude, altitude, institute_name, institute_address) VALUES ('6', 'Breeding location', 'Location 6', 'L6', 'PER', 'Peru', -10.96096, -75.22065, 717, 'Plant Science Institute', '71 Pilgrim Avenue Chevy Chase MD 20815');
INSERT INTO location (id, location_type, name, abbreviation, country_code, country_name, latitude, longitude, altitude, institute_name, institute_address) VALUES ('7', 'Breeding location', 'Location 7', 'L7', 'PER', 'Peru', -10.931809, -74.855467, 484, 'Plant Science Institute', '71 Pilgrim Avenue Chevy Chase MD 20815');
INSERT INTO location (id, location_type, name, abbreviation, country_code, country_name, latitude, longitude, altitude, institute_name, institute_address) VALUES ('8', 'Farmer field location', 'Location 8', 'L8', 'PER', 'Peru', -11.05304, -73.75254, 252, 'Plant Science Institute', '71 Pilgrim Avenue Chevy Chase MD 20815');
INSERT INTO location (id, location_type, name, abbreviation, country_code, country_name, latitude, longitude, altitude, institute_name, institute_address) VALUES ('9', 'Farmer field location', 'Location 9', 'L9', 'PER', 'Peru', -11.05304, -73.75254, 252, 'Plant Science Institute', '71 Pilgrim Avenue Chevy Chase MD 20815');
INSERT INTO location (id, location_type, name, abbreviation, country_code, country_name, latitude, longitude, altitude, institute_name, institute_address) VALUES ('10', 'Breeding location', 'Location 10', 'L10', 'PER', 'Peru', -11.25847, -73.82075, 276, 'Plant Science Institute', '71 Pilgrim Avenue Chevy Chase MD 20815');
INSERT INTO location (id, location_type, name, abbreviation, country_code, country_name, latitude, longitude, altitude, institute_name, institute_address) VALUES ('11', 'Breeding location', 'Location 11', 'L11', 'PER', 'Peru', -11.14639, -74.30748, 323, 'Plant Science Institute', '71 Pilgrim Avenue Chevy Chase MD 20815');
INSERT INTO location (id, location_type, name, abbreviation, country_code, country_name, latitude, longitude, altitude, institute_name, institute_address) VALUES ('12', 'Breeding location', 'Location 12', 'L12', 'PER', 'Peru', -11.30817, -74.69242, 758, 'Plant Science Institute', '71 Pilgrim Avenue Chevy Chase MD 20815');
INSERT INTO location (id, location_type, name, abbreviation, country_code, country_name, latitude, longitude, altitude, institute_name, institute_address) VALUES ('13', 'Farmer field location', 'Location 13', 'L13', 'GHA', 'Ghana', 6.71, -1.572, 288, 'Plant Science Institute', '71 Pilgrim Avenue Chevy Chase MD 20815');
INSERT INTO location (id, location_type, name, abbreviation, country_code, country_name, latitude, longitude, altitude, institute_name, institute_address) VALUES ('14', 'Farmer field location', 'Location 14', 'L14', 'GHA', 'Ghana', 5.123, -1.462, 26, 'Plant Science Institute', '71 Pilgrim Avenue Chevy Chase MD 20815');
INSERT INTO location (id, location_type, name, abbreviation, country_code, country_name, latitude, longitude, altitude, institute_name, institute_address) VALUES ('15', 'Farmer field location', 'Location 15', 'L15', 'GHA', 'Ghana', 10.87, -1.1466, 183, 'Plant Science Institute', '71 Pilgrim Avenue Chevy Chase MD 20815');
INSERT INTO location (id, location_type, name, abbreviation, country_code, country_name, latitude, longitude, altitude, institute_name, institute_address) VALUES ('16', 'Storage location', 'Location 16', 'L16', 'UGA', 'Uganda', 0.529144, 32.61246, 1173, 'Plant Science Institute', '71 Pilgrim Avenue Chevy Chase MD 20815');
INSERT INTO location (id, location_type, name, abbreviation, country_code, country_name, latitude, longitude, altitude, institute_name, institute_address) VALUES ('17', 'Storage location', 'Location 17', 'L17', 'UGA', 'Uganda', 1.528, 33.616, 1067, 'Plant Science Institute', '71 Pilgrim Avenue Chevy Chase MD 20815');

INSERT INTO location_additional_info (id, location_db_id, key, value) VALUES ('1', '6', 'altern', 'MARANK');
INSERT INTO location_additional_info (id, location_db_id, key, value) VALUES ('2', '7', 'altern', 'SHIRANI');
INSERT INTO location_additional_info (id, location_db_id, key, value) VALUES ('3', '8', 'altern', 'BETALT');
INSERT INTO location_additional_info (id, location_db_id, key, value) VALUES ('4', '9', 'altern', 'BETBAJ');
INSERT INTO location_additional_info (id, location_db_id, key, value) VALUES ('5', '10', 'altern', 'OVIRI');
INSERT INTO location_additional_info (id, location_db_id, key, value) VALUES ('6', '11', 'altern', 'PTOCOPA');
INSERT INTO location_additional_info (id, location_db_id, key, value) VALUES ('7', '12', 'altern', 'SNPEDRO');
INSERT INTO location_additional_info (id, location_db_id, key, value) VALUES ('8', '1', 'local', 'San Ramon');
INSERT INTO location_additional_info (id, location_db_id, key, value) VALUES ('9', '4', 'local', 'Gurue');
INSERT INTO location_additional_info (id, location_db_id, key, value) VALUES ('10', '5', 'local', 'Umbeluzi');
INSERT INTO location_additional_info (id, location_db_id, key, value) VALUES ('11', '6', 'local', 'San Miguel Centro Marankiari');
INSERT INTO location_additional_info (id, location_db_id, key, value) VALUES ('12', '7', 'local', 'Shirani');
INSERT INTO location_additional_info (id, location_db_id, key, value) VALUES ('13', '8', 'local', 'Betania');
INSERT INTO location_additional_info (id, location_db_id, key, value) VALUES ('14', '9', 'local', 'Betania');
INSERT INTO location_additional_info (id, location_db_id, key, value) VALUES ('15', '10', 'local', 'Nuevaluz Oviri');
INSERT INTO location_additional_info (id, location_db_id, key, value) VALUES ('16', '11', 'local', 'Puerto Ocopa');
INSERT INTO location_additional_info (id, location_db_id, key, value) VALUES ('17', '12', 'local', 'San Pedro');
INSERT INTO location_additional_info (id, location_db_id, key, value) VALUES ('18', '13', 'local', 'Fumesua');
INSERT INTO location_additional_info (id, location_db_id, key, value) VALUES ('19', '14', 'local', 'Komenda');
INSERT INTO location_additional_info (id, location_db_id, key, value) VALUES ('20', '15', 'local', 'Tono dam');
INSERT INTO location_additional_info (id, location_db_id, key, value) VALUES ('21', '16', 'local', 'NaCRRI');
INSERT INTO location_additional_info (id, location_db_id, key, value) VALUES ('22', '17', 'local', 'NaSARRI');
INSERT INTO location_additional_info (id, location_db_id, key, value) VALUES ('23', '1', 'cont', 'South America');
INSERT INTO location_additional_info (id, location_db_id, key, value) VALUES ('24', '4', 'cont', 'Africa');
INSERT INTO location_additional_info (id, location_db_id, key, value) VALUES ('25', '5', 'cont', 'Africa');
INSERT INTO location_additional_info (id, location_db_id, key, value) VALUES ('26', '6', 'cont', 'South America');
INSERT INTO location_additional_info (id, location_db_id, key, value) VALUES ('27', '7', 'cont', 'South America');
INSERT INTO location_additional_info (id, location_db_id, key, value) VALUES ('28', '8', 'cont', 'South America');
INSERT INTO location_additional_info (id, location_db_id, key, value) VALUES ('29', '9', 'cont', 'South America');
INSERT INTO location_additional_info (id, location_db_id, key, value) VALUES ('30', '10', 'cont', 'South America');
INSERT INTO location_additional_info (id, location_db_id, key, value) VALUES ('31', '11', 'cont', 'South America');
INSERT INTO location_additional_info (id, location_db_id, key, value) VALUES ('32', '12', 'cont', 'South America');
INSERT INTO location_additional_info (id, location_db_id, key, value) VALUES ('33', '13', 'cont', 'Africa');
INSERT INTO location_additional_info (id, location_db_id, key, value) VALUES ('34', '14', 'cont', 'Africa');
INSERT INTO location_additional_info (id, location_db_id, key, value) VALUES ('35', '15', 'cont', 'Africa');
INSERT INTO location_additional_info (id, location_db_id, key, value) VALUES ('36', '16', 'cont', 'Africa');
INSERT INTO location_additional_info (id, location_db_id, key, value) VALUES ('37', '17', 'cont', 'Africa');
INSERT INTO location_additional_info (id, location_db_id, key, value) VALUES ('38', '1', 'creg', 'LAC');
INSERT INTO location_additional_info (id, location_db_id, key, value) VALUES ('39', '3', 'creg', 'NA');
INSERT INTO location_additional_info (id, location_db_id, key, value) VALUES ('40', '4', 'creg', 'SSA');
INSERT INTO location_additional_info (id, location_db_id, key, value) VALUES ('41', '5', 'creg', 'SSA');
INSERT INTO location_additional_info (id, location_db_id, key, value) VALUES ('42', '6', 'creg', 'LAC');
INSERT INTO location_additional_info (id, location_db_id, key, value) VALUES ('43', '7', 'creg', 'LAC');
INSERT INTO location_additional_info (id, location_db_id, key, value) VALUES ('44', '8', 'creg', 'LAC');
INSERT INTO location_additional_info (id, location_db_id, key, value) VALUES ('45', '9', 'creg', 'LAC');
INSERT INTO location_additional_info (id, location_db_id, key, value) VALUES ('46', '10', 'creg', 'LAC');
INSERT INTO location_additional_info (id, location_db_id, key, value) VALUES ('47', '11', 'creg', 'LAC');
INSERT INTO location_additional_info (id, location_db_id, key, value) VALUES ('48', '12', 'creg', 'LAC');
INSERT INTO location_additional_info (id, location_db_id, key, value) VALUES ('49', '13', 'creg', 'SSA');
INSERT INTO location_additional_info (id, location_db_id, key, value) VALUES ('50', '14', 'creg', 'SSA');
INSERT INTO location_additional_info (id, location_db_id, key, value) VALUES ('51', '15', 'creg', 'SSA');
INSERT INTO location_additional_info (id, location_db_id, key, value) VALUES ('52', '16', 'creg', 'SSA');
INSERT INTO location_additional_info (id, location_db_id, key, value) VALUES ('53', '17', 'creg', 'SSA');
INSERT INTO location_additional_info (id, location_db_id, key, value) VALUES ('54', '1', 'adm3', 'San Ramon');
INSERT INTO location_additional_info (id, location_db_id, key, value) VALUES ('55', '4', 'adm3', 'Gurue');
INSERT INTO location_additional_info (id, location_db_id, key, value) VALUES ('56', '5', 'adm3', 'Umbeluzi');
INSERT INTO location_additional_info (id, location_db_id, key, value) VALUES ('57', '6', 'adm3', 'Perené');
INSERT INTO location_additional_info (id, location_db_id, key, value) VALUES ('58', '7', 'adm3', 'Pichanaki');
INSERT INTO location_additional_info (id, location_db_id, key, value) VALUES ('59', '8', 'adm3', 'Rio Tambo');
INSERT INTO location_additional_info (id, location_db_id, key, value) VALUES ('60', '9', 'adm3', 'Rio Tambo');
INSERT INTO location_additional_info (id, location_db_id, key, value) VALUES ('61', '10', 'adm3', 'Rio Tambo');
INSERT INTO location_additional_info (id, location_db_id, key, value) VALUES ('62', '11', 'adm3', 'Rio Tambo');
INSERT INTO location_additional_info (id, location_db_id, key, value) VALUES ('63', '12', 'adm3', 'Coviriali');
INSERT INTO location_additional_info (id, location_db_id, key, value) VALUES ('64', '1', 'adm2', 'Chanchamayo');
INSERT INTO location_additional_info (id, location_db_id, key, value) VALUES ('65', '4', 'adm2', 'Gurue');
INSERT INTO location_additional_info (id, location_db_id, key, value) VALUES ('66', '5', 'adm2', 'Boane');
INSERT INTO location_additional_info (id, location_db_id, key, value) VALUES ('67', '6', 'adm2', 'Chanchamayo');
INSERT INTO location_additional_info (id, location_db_id, key, value) VALUES ('68', '7', 'adm2', 'Chanchamayo');
INSERT INTO location_additional_info (id, location_db_id, key, value) VALUES ('69', '8', 'adm2', 'Satipo');
INSERT INTO location_additional_info (id, location_db_id, key, value) VALUES ('70', '9', 'adm2', 'Satipo');
INSERT INTO location_additional_info (id, location_db_id, key, value) VALUES ('71', '10', 'adm2', 'Satipo');
INSERT INTO location_additional_info (id, location_db_id, key, value) VALUES ('72', '11', 'adm2', 'Satipo');
INSERT INTO location_additional_info (id, location_db_id, key, value) VALUES ('73', '12', 'adm2', 'Satipo');
INSERT INTO location_additional_info (id, location_db_id, key, value) VALUES ('74', '13', 'adm2', 'Ejisu-Juaben');
INSERT INTO location_additional_info (id, location_db_id, key, value) VALUES ('75', '15', 'adm2', 'Kassena-Nankana');
INSERT INTO location_additional_info (id, location_db_id, key, value) VALUES ('76', '1', 'adm1', 'Junin');
INSERT INTO location_additional_info (id, location_db_id, key, value) VALUES ('77', '4', 'adm1', 'Zambezia');
INSERT INTO location_additional_info (id, location_db_id, key, value) VALUES ('78', '5', 'adm1', 'Maputo');
INSERT INTO location_additional_info (id, location_db_id, key, value) VALUES ('79', '6', 'adm1', 'Junin');
INSERT INTO location_additional_info (id, location_db_id, key, value) VALUES ('80', '7', 'adm1', 'Junin');
INSERT INTO location_additional_info (id, location_db_id, key, value) VALUES ('81', '8', 'adm1', 'Junin');
INSERT INTO location_additional_info (id, location_db_id, key, value) VALUES ('82', '9', 'adm1', 'Junin');
INSERT INTO location_additional_info (id, location_db_id, key, value) VALUES ('83', '10', 'adm1', 'Junin');
INSERT INTO location_additional_info (id, location_db_id, key, value) VALUES ('84', '11', 'adm1', 'Junin');
INSERT INTO location_additional_info (id, location_db_id, key, value) VALUES ('85', '12', 'adm1', 'Junin');
INSERT INTO location_additional_info (id, location_db_id, key, value) VALUES ('86', '13', 'adm1', 'Ashanti');
INSERT INTO location_additional_info (id, location_db_id, key, value) VALUES ('87', '14', 'adm1', 'Central');
INSERT INTO location_additional_info (id, location_db_id, key, value) VALUES ('88', '15', 'adm1', 'Upper East');
INSERT INTO location_additional_info (id, location_db_id, key, value) VALUES ('89', '17', 'adm1', 'Serere');
INSERT INTO location_additional_info (id, location_db_id, key, value) VALUES ('90', '1', 'annualTotalPrecipitation', '360');
INSERT INTO location_additional_info (id, location_db_id, key, value) VALUES ('91', '3', 'annualTotalPrecipitation', '6.4');
INSERT INTO location_additional_info (id, location_db_id, key, value) VALUES ('92', '1', 'annualMeanTemperature', '23');
INSERT INTO location_additional_info (id, location_db_id, key, value) VALUES ('93', '3', 'annualMeanTemperature', '19.2');

INSERT INTO contact (id, name, email, type, orcid, institute_name) VALUES ('1', 'A. Breeder', 'a.breeder@brapi.org', 'Breeder', '0000-0002-0607-8728', 'Plant Science Institute');
INSERT INTO contact (id, name, email, type, orcid, institute_name) VALUES ('2', 'B. Breeder', 'b.breeder@brapi.org', 'Breeder', '0000-0002-0607-8729', 'Plant Science Institute');
INSERT INTO contact (id, name, email, type, orcid, institute_name) VALUES ('3', 'A. Technician', 'a.technician@brapi.org', 'Technician', '0000-0002-0607-8731', 'Plant Science Institute');
INSERT INTO contact (id, name, email, type, orcid, institute_name) VALUES ('4', 'B. Technician', 'b.technician@brapi.org', 'Technician', '0000-0002-0607-8732', 'Plant Science Institute');

INSERT INTO scale_valid_value(id, max, min)	VALUES ('1', '0', '99999');
INSERT INTO scale (id, datatype, decimal_places, name, xref, valid_value_id)	VALUES ('1', 'integer', 0, 'Centimeter', 'xref', '1');
INSERT INTO method(id, description, formula, method_class, name, reference)	VALUES ('1', 'Used for finding the lengths of the sides of a right triangle', 'a^2 + b^2 = c^2', 'classy', 'pythagorean theorem', 'google.com');
INSERT INTO trait (id, attribute, default_value, description, entity, main_abbreviation, name, status, trait_class, xref) VALUES ('1', 'height', '0', 'height', 'entity', 'H', 'Height', 'active', 'Int', 'xref');

INSERT INTO program (crop_id, id, name, abbreviation, objective, lead_person) VALUES ('1', '1', 'P1', 'G. Leader', 'Global Population Improvement', 'Program 1');
INSERT INTO program (crop_id, id, name, abbreviation, objective, lead_person) VALUES ('1', '2', 'P2', 'M. Breeder', 'XYZ', 'Program 2');
INSERT INTO program (crop_id, id, name, abbreviation, objective, lead_person) VALUES ('1', '3', 'P3', 'W. Select', 'XYZ', 'Program 3');
INSERT INTO program (crop_id, id, name, abbreviation, objective, lead_person) VALUES ('1', '4', 'P4', 'G. Gain', 'ABC', 'Program 4');
INSERT INTO program (crop_id, id, name, abbreviation, objective, lead_person) VALUES ('1', '5', 'P5', 'C. Improvement', 'Processing', 'Program 5');
INSERT INTO program (crop_id, id, name, abbreviation, objective, lead_person) VALUES ('1', '6', 'P6', 'A. Test', 'Demo', 'Program 6');
	
INSERT INTO trial (program_id, id, trial_name, start_date, end_date, active, dataset_licence, datasetpui) VALUES ('1', '101', 'Peru Yield Trial 1', '1/1/2013', '7/5/2013', false, 'https://creativecommons.org/licenses/by/4.0', 'doi:10.15454/312953986E3');
INSERT INTO trial (program_id, id, trial_name, start_date, end_date, active, dataset_licence, datasetpui) VALUES ('1', '102', 'Peru Yield Trial 2', '6/1/2014', '1/15/2015', false, 'https://creativecommons.org/licenses/by/4.0', 'doi:10.15454/1234992349');
INSERT INTO trial (program_id, id, trial_name, start_date, end_date, active, dataset_licence, datasetpui) VALUES ('2', '103', 'Ghana Genotype Trial 1', '5/1/2011', '12/15/2011', false, 'https://creativecommons.org/licenses/by/4.0', 'doi:10.15454/134591245');
INSERT INTO trial (program_id, id, trial_name, start_date, end_date, active, dataset_licence, datasetpui) VALUES ('3', '104', 'Ghana Yield Trial 1', '7/1/2012', '2/1/2013', false, 'https://creativecommons.org/licenses/by/4.0', 'doi:10.15454/1235919');
INSERT INTO trial (program_id, id, trial_name, start_date, end_date, active, dataset_licence, datasetpui) VALUES ('3', '105', 'Ghana Yield Trial 2', '8/15/2013', '2/28/2014', false, 'https://creativecommons.org/licenses/by/4.0', 'doi:10.15454/13425915');
INSERT INTO trial (program_id, id, trial_name, start_date, end_date, active, dataset_licence, datasetpui) VALUES ('3', '106', 'Ghana Yield Trial 3', '9/22/2014', '3/21/2015', true, 'https://creativecommons.org/licenses/by/4.0', 'doi:10.15454/125512251');
INSERT INTO trial (program_id, id, trial_name, start_date, end_date, active, dataset_licence, datasetpui) VALUES ('4', '107', 'Mozambique Yield Trial', '5/12/2011', '11/30/2011', false, 'https://creativecommons.org/licenses/by/4.0', 'doi:10.15454/34576437');
INSERT INTO trial (program_id, id, trial_name, start_date, end_date, active, dataset_licence, datasetpui) VALUES ('4', '108', 'Mozambique Genotype Trial', '2/17/2012', '8/21/2012', false, 'https://creativecommons.org/licenses/by/4.0', 'doi:10.15454/34734756');
INSERT INTO trial (program_id, id, trial_name, start_date, end_date, active, dataset_licence, datasetpui) VALUES ('6', '109', 'Demo Yield Trial', '3/24/2016', '10/21/2016', true, 'https://creativecommons.org/licenses/by/4.0', 'doi:10.15454/35673236');

INSERT INTO trial_contact (trial_db_id, contact_db_id) VALUES ('101', '4');
INSERT INTO trial_contact (trial_db_id, contact_db_id) VALUES ('101', '3');
INSERT INTO trial_contact (trial_db_id, contact_db_id) VALUES ('102', '3');
INSERT INTO trial_contact (trial_db_id, contact_db_id) VALUES ('103', '1');
INSERT INTO trial_contact (trial_db_id, contact_db_id) VALUES ('103', '2');

INSERT INTO trial_additional_info (id, trial_db_id, key, value) VALUES ('1', '101', 'publications', 'pmid:239823988');
INSERT INTO trial_additional_info (id, trial_db_id, key, value) VALUES ('2', '101', 'publications', 'pmid:210494013');
INSERT INTO trial_additional_info (id, trial_db_id, key, value) VALUES ('3', '101', 'publications', 'doi:10.2345/GEZG3T23535');
INSERT INTO trial_additional_info (id, trial_db_id, key, value) VALUES ('4', '102', 'publications', 'pmid:245684568');
INSERT INTO trial_additional_info (id, trial_db_id, key, value) VALUES ('5', '102', 'publications', 'pmid:345966399');
INSERT INTO trial_additional_info (id, trial_db_id, key, value) VALUES ('6', '101', 'donorName', 'Donor1');
INSERT INTO trial_additional_info (id, trial_db_id, key, value) VALUES ('7', '101', 'specialProject', 'Project1');
INSERT INTO trial_additional_info (id, trial_db_id, key, value) VALUES ('8', '103', 'donorName', 'Donor2');
INSERT INTO trial_additional_info (id, trial_db_id, key, value) VALUES ('9', '103', 'collaborator', 'NationalPartner1');
INSERT INTO trial_additional_info (id, trial_db_id, key, value) VALUES ('10', '103', 'fundingUSD', '300000');
INSERT INTO trial_additional_info (id, trial_db_id, key, value) VALUES ('11', '104', 'donorName', 'Donor1');
INSERT INTO trial_additional_info (id, trial_db_id, key, value) VALUES ('12', '104', 'specialProject', 'Project2');
INSERT INTO trial_additional_info (id, trial_db_id, key, value) VALUES ('13', '107', 'specialProject', 'Project2');
INSERT INTO trial_additional_info (id, trial_db_id, key, value) VALUES ('14', '107', 'fundingUSD', '1000000');
INSERT INTO trial_additional_info (id, trial_db_id, key, value) VALUES ('15', '108', 'donorName', 'Donor1');
INSERT INTO trial_additional_info (id, trial_db_id, key, value) VALUES ('16', '108', 'collaborator', 'NationalPartner1');
INSERT INTO trial_additional_info (id, trial_db_id, key, value) VALUES ('17', '109', 'fundingUSD', '500000');
INSERT INTO trial_additional_info (id, trial_db_id, key, value) VALUES ('18', '109', 'specialProject', 'Project1');

INSERT INTO study_type (id, name, description) VALUES ('1', 'Crossing Nursery', 'Description for Nursery study type');
INSERT INTO study_type (id, name, description) VALUES ('2', 'Yield study', 'Description for yield study type');
INSERT INTO study_type (id, name, description) VALUES ('3', 'Genotype', 'Description for Genotyping study type');

INSERT INTO study (trial_id, location_id, study_type_id, id, study_name, study_description, start_date, end_date, active, licence, version, "timestamp") VALUES ('101', '1', '2', '1001', 'Study 1', 'Field yield phenotyping study', '1/1/2013', '1/1/2014', true, 'https://creativecommons.org/licenses/by/4.0', '1.1', '01/01/15');
INSERT INTO study (trial_id, location_id, study_type_id, id, study_name, study_description, start_date, end_date, active, licence, version, "timestamp") VALUES ('101', '1', '2', '1002', 'Study 2', 'Field yield phenotyping study', '1/1/2014', '1/1/2015', true, 'https://creativecommons.org/licenses/by/4.0', '2.3', '01/01/16');
INSERT INTO study (trial_id, location_id, study_type_id, id, study_name, study_description, start_date, end_date, active, licence, version, "timestamp") VALUES ('102', '2', '1', '1003', 'Study 3', 'Nursery study description', '1/1/2011', '1/1/2012', false, 'https://creativecommons.org/licenses/by/4.0', '0.1', '01/01/14');

INSERT INTO study_contact (study_db_id, contact_db_id) VALUES ('1001', '1');
INSERT INTO study_contact (study_db_id, contact_db_id) VALUES ('1001', '2');
INSERT INTO study_contact (study_db_id, contact_db_id) VALUES ('1002', '2');
INSERT INTO study_contact (study_db_id, contact_db_id) VALUES ('1003', '3');
INSERT INTO study_contact (study_db_id, contact_db_id) VALUES ('1003', '4');

INSERT INTO study_additional_info (id, study_db_id, key, value) VALUES ('1', '1001', 'studyObjective', 'Increase yield');
INSERT INTO study_additional_info (id, study_db_id, key, value) VALUES ('2', '1002', 'publications', 'pmid:24039865287545');
INSERT INTO study_additional_info (id, study_db_id, key, value) VALUES ('3', '1002', 'publications', 'pmid:23643517318968');

INSERT INTO data_link (id, study_db_id, name, type, url) VALUES ('1', '1001', 'image-archive12.zip', 'Image archive', 'http://data.inra.fr/archive/multi-spect-flowering.zip');
INSERT INTO data_link (id, study_db_id, name, type, url) VALUES ('2', '1001', 'image-archive13.zip', 'Image archive', 'http://data.inra.fr/archive/biomass-img.zip');
INSERT INTO data_link (id, study_db_id, name, type, url) VALUES ('3', '1002', 'trial-layout.pdf', 'Trial layout documentation', 'http://data.inra.fr/archive/trial-layout.pdf');

INSERT INTO season (id, year, season) VALUES ('1', '2011', 'fall');
INSERT INTO season (id, year, season) VALUES ('2', '2012', 'winter');
INSERT INTO season (id, year, season) VALUES ('3', '2012', 'spring');
INSERT INTO season (id, year, season) VALUES ('4', '2012', 'summer');
INSERT INTO season (id, year, season) VALUES ('5', '2012', 'fall');
INSERT INTO season (id, year, season) VALUES ('6', '2013', 'winter');
INSERT INTO season (id, year, season) VALUES ('7', '2013', 'spring');
INSERT INTO season (id, year, season) VALUES ('8', '2013', 'summer');
INSERT INTO season (id, year, season) VALUES ('9', '2013', 'fall');
INSERT INTO season (id, year, season) VALUES ('10', '2014', 'winter');

INSERT INTO study_season (study_db_id, season_db_id) VALUES ('1001', '1');
INSERT INTO study_season (study_db_id, season_db_id) VALUES ('1001', '2');
INSERT INTO study_season (study_db_id, season_db_id) VALUES ('1002', '2');
INSERT INTO study_season (study_db_id, season_db_id) VALUES ('1003', '3');

INSERT INTO observation_unit (study_id, germplasm_id, id, observation_unit_name, observation_level, observation_levels, entry_number, entry_type, plot_number, block_number, plant_number, x, y, replicate, pedigree_id, uploaded_by, operator) VALUES ('1001', '1', '1', 'Plot 1', 'plot', 'block:1;plot:1', '1', 'test', '1', '1', NULL, '1', '1', '0', '3', 'Bob', 'Bob');
INSERT INTO observation_unit (study_id, germplasm_id, id, observation_unit_name, observation_level, observation_levels, entry_number, entry_type, plot_number, block_number, plant_number, x, y, replicate, pedigree_id, uploaded_by, operator) VALUES ('1001', '1', '2', 'Plant 1', 'plant', 'block:1;plot:1;plant:1', '2', 'test', '1', '1', '1', '1', '1', '0', '3', 'Bob', 'Bob');
INSERT INTO observation_unit (study_id, germplasm_id, id, observation_unit_name, observation_level, observation_levels, entry_number, entry_type, plot_number, block_number, plant_number, x, y, replicate, pedigree_id, uploaded_by, operator) VALUES ('1001', '2', '3', 'Plot 2', 'plot', 'block:1;plot:2', '3', 'test', '2', '1', NULL, '1', '2', '0', '3', 'Bob', 'Bob');
INSERT INTO observation_unit (study_id, germplasm_id, id, observation_unit_name, observation_level, observation_levels, entry_number, entry_type, plot_number, block_number, plant_number, x, y, replicate, pedigree_id, uploaded_by, operator) VALUES ('1001', '2', '4', 'Plant 2', 'plant', 'block:1;plot:2;plant:2', '4', 'test', '2', '1', '2', '1', '2', '0', '3', 'Bob', 'Bob');
INSERT INTO observation_unit (study_id, germplasm_id, id, observation_unit_name, observation_level, observation_levels, entry_number, entry_type, plot_number, block_number, plant_number, x, y, replicate, pedigree_id, uploaded_by, operator) VALUES ('1002', '1', '5', 'Plot 3', 'plot', 'block:1;plot:3 ', '5', 'test', '3', '1', NULL, '1', '1', '0', '3', 'Bob', 'Bob');
INSERT INTO observation_unit (study_id, germplasm_id, id, observation_unit_name, observation_level, observation_levels, entry_number, entry_type, plot_number, block_number, plant_number, x, y, replicate, pedigree_id, uploaded_by, operator) VALUES ('1002', '1', '6', 'Plant 3', 'plant', 'block:1;plot:3;plant:3', '6', 'test', '3', '1', '3', '1', '1', '0', '3', 'Bob', 'Bob');
INSERT INTO observation_unit (study_id, germplasm_id, id, observation_unit_name, observation_level, observation_levels, entry_number, entry_type, plot_number, block_number, plant_number, x, y, replicate, pedigree_id, uploaded_by, operator) VALUES ('1002', '3', '7', 'Plot 4', 'plot', 'block:1;plot:4', '7', 'test', '4', '1', NULL, '1', '2', '0', '3', 'Bob', 'Bob');
INSERT INTO observation_unit (study_id, germplasm_id, id, observation_unit_name, observation_level, observation_levels, entry_number, entry_type, plot_number, block_number, plant_number, x, y, replicate, pedigree_id, uploaded_by, operator) VALUES ('1002', '3', '8', 'Plant 4', 'plant', 'block:1;plot:4;plant:4', '8', 'test', '4', '1', '4', '1', '2', '0', '3', 'Bob', 'Bob');
INSERT INTO observation_unit (study_id, germplasm_id, id, observation_unit_name, observation_level, observation_levels, entry_number, entry_type, plot_number, block_number, plant_number, x, y, replicate, pedigree_id, uploaded_by, operator) VALUES ('1003', '4', '9', 'Plot 5', 'plot', 'block:101;plot:5', '1', 'check', '5', '101', NULL, '1', '1', '1', '3', 'Bob', 'Bob');
INSERT INTO observation_unit (study_id, germplasm_id, id, observation_unit_name, observation_level, observation_levels, entry_number, entry_type, plot_number, block_number, plant_number, x, y, replicate, pedigree_id, uploaded_by, operator) VALUES ('1003', '4', '10', 'Plant 5', 'plant', 'block:101;plot:5;plant:5', '1', 'test', '5', '101', '5', '1', '1', '1', '3', 'Bob', 'Bob');
INSERT INTO observation_unit (study_id, germplasm_id, id, observation_unit_name, observation_level, observation_levels, entry_number, entry_type, plot_number, block_number, plant_number, x, y, replicate, pedigree_id, uploaded_by, operator) VALUES ('1003', '2', '11', 'Plot 6', 'plot', 'block:101;plot:6', '1', 'test', '6', '101', NULL, '1', '1', '1', '3', 'Bob', 'Bob');

INSERT INTO observation_unit_xref (id, observation_unit_db_id, source, xref) VALUES ('1', '1', 'ebi.biosample', 'SAMEA179865230');
INSERT INTO observation_unit_xref (id, observation_unit_db_id, source, xref) VALUES ('2', '1', 'gnpis.lot', 'INRA:CoeSt6 _SMH03');
INSERT INTO observation_unit_xref (id, observation_unit_db_id, source, xref) VALUES ('3', '1', 'kernelDB', '239865');
INSERT INTO observation_unit_xref (id, observation_unit_db_id, source, xref) VALUES ('4', '2', 'ebi.biosample', 'SAMEA179865815');
INSERT INTO observation_unit_xref (id, observation_unit_db_id, source, xref) VALUES ('5', '2', 'gnpis.lot', 'INRA:CoeSt6 _SMH13');
INSERT INTO observation_unit_xref (id, observation_unit_db_id, source, xref) VALUES ('6', '2', 'kernelDB', '239167');
INSERT INTO observation_unit_xref (id, observation_unit_db_id, source, xref) VALUES ('7', '3', 'ebi.biosample', 'SAMEA179865682');
INSERT INTO observation_unit_xref (id, observation_unit_db_id, source, xref) VALUES ('8', '3', 'gnpis.lot', 'INRA:CoeSt6 _SMH51');
INSERT INTO observation_unit_xref (id, observation_unit_db_id, source, xref) VALUES ('9', '3', 'kernelDB', '239146');
INSERT INTO observation_unit_xref (id, observation_unit_db_id, source, xref) VALUES ('10', '4', 'ebi.biosample', 'SAMEA179865891');
INSERT INTO observation_unit_xref (id, observation_unit_db_id, source, xref) VALUES ('11', '4', 'gnpis.lot', 'INRA:CoeSt6 _SMH89');
INSERT INTO observation_unit_xref (id, observation_unit_db_id, source, xref) VALUES ('12', '4', 'kernelDB', '239612');

INSERT INTO treatment (id, observation_unit_db_id, factor, modality) VALUES ('1', '1', 'water regimen', 'deficit');
INSERT INTO treatment (id, observation_unit_db_id, factor, modality) VALUES ('2', '2', 'water regimen', 'deficit');
INSERT INTO treatment (id, observation_unit_db_id, factor, modality) VALUES ('3', '5', 'water regimen', 'deficit');
INSERT INTO treatment (id, observation_unit_db_id, factor, modality) VALUES ('4', '6', 'water regimen', 'deficit');
INSERT INTO treatment (id, observation_unit_db_id, factor, modality) VALUES ('5', '3', 'water regimen', 'normal');
INSERT INTO treatment (id, observation_unit_db_id, factor, modality) VALUES ('6', '4', 'water regimen', 'normal');
INSERT INTO treatment (id, observation_unit_db_id, factor, modality) VALUES ('7', '7', 'water regimen', 'normal');
INSERT INTO treatment (id, observation_unit_db_id, factor, modality) VALUES ('8', '8', 'water regimen', 'normal');

INSERT INTO ontology(id, authors, copyright, description, licence, ontology_name, version, xref)	VALUES ('MO_123', 'Bob', '2017 Ontology.org', 'Ontology.org', 'Apache', 'Ontology.org', '17', 'https://ontology.org');

INSERT INTO observation_variable (id, crop, default_value, growth_stage, institution, language, scientist, status, submission_timestamp, ontology_id, xref, name, trait_id, method_id, scale_id) VALUES ('MO_123:100002', 'maize', '10', '1', 'Cornell', 'English', 'Bob', 'active', '2011-06-14T22:12:51Z', 'MO_123', 'MO_123:100002', 'Plant height', '1', '1', '1');
INSERT INTO observation_variable (id, crop, default_value, growth_stage, institution, language, scientist, status, submission_timestamp, ontology_id, xref, name, trait_id, method_id, scale_id) VALUES ('MO_123:100003', 'maize', '10', '1', 'Cornell', 'English', 'Bob', 'active', '2011-06-14T22:12:51Z', 'MO_123', 'MO_123:100006', 'Carotenoid', '1', '1', '1');
INSERT INTO observation_variable (id, crop, default_value, growth_stage, institution, language, scientist, status, submission_timestamp, ontology_id, xref, name, trait_id, method_id, scale_id) VALUES ('MO_123:100004', 'maize', '10', '1', 'Cornell', 'English', 'Bob', 'active', '2011-06-14T22:12:51Z', 'MO_123', 'MO_123:100003', 'Root weight', '1', '1', '1');
INSERT INTO observation_variable (id, crop, default_value, growth_stage, institution, language, scientist, status, submission_timestamp, ontology_id, xref, name, trait_id, method_id, scale_id) VALUES ('MO_123:100005', 'maize', '10', '1', 'Cornell', 'English', 'Bob', 'active', '2011-06-14T22:12:51Z', 'MO_123', 'MO_123:100004', 'Root color', '1', '1', '1');
INSERT INTO observation_variable (id, crop, default_value, growth_stage, institution, language, scientist, status, submission_timestamp, ontology_id, xref, name, trait_id, method_id, scale_id) VALUES ('MO_123:100006', 'maize', '10', '1', 'Cornell', 'English', 'Bob', 'active', '2011-06-14T22:12:51Z', 'MO_123', 'MO_123:100005', 'Virus susceptibility', '1', '1', '1');

INSERT INTO observation (observation_unit_id, observation_variable_id, id, observation_time_stamp, season_id, collector, value) VALUES ('1', 'MO_123:100002', '1', '2013-06-14T22:03:51Z', '1', 'A. Technician', '1.2');
INSERT INTO observation (observation_unit_id, observation_variable_id, id, observation_time_stamp, season_id, collector, value) VALUES ('1', 'MO_123:100006', '2', '2013-06-14T22:04:51Z', '1', 'A. Technician', '4.5');
INSERT INTO observation (observation_unit_id, observation_variable_id, id, observation_time_stamp, season_id, collector, value) VALUES ('2', 'MO_123:100002', '3', '2013-06-14T22:05:51Z', '1', 'A. Technician', '1.1');
INSERT INTO observation (observation_unit_id, observation_variable_id, id, observation_time_stamp, season_id, collector, value) VALUES ('2', 'MO_123:100006', '4', '2013-06-14T22:06:51Z', '1', 'A. Technician', '5.1');
INSERT INTO observation (observation_unit_id, observation_variable_id, id, observation_time_stamp, season_id, collector, value) VALUES ('3', 'MO_123:100003', '5', '2013-06-14T22:07:51Z', '4', 'A. Technician', '2.1');
INSERT INTO observation (observation_unit_id, observation_variable_id, id, observation_time_stamp, season_id, collector, value) VALUES ('3', 'MO_123:100004', '6', '2013-06-14T22:08:51Z', '4', 'A. Technician', 'dark blue');
INSERT INTO observation (observation_unit_id, observation_variable_id, id, observation_time_stamp, season_id, collector, value) VALUES ('4', 'MO_123:100003', '7', '2013-06-14T22:09:51Z', '5', 'A. Technician', '1.8');
INSERT INTO observation (observation_unit_id, observation_variable_id, id, observation_time_stamp, season_id, collector, value) VALUES ('4', 'MO_123:100004', '8', '2013-06-14T22:10:51Z', '5', 'A. Technician', 'blue');
INSERT INTO observation (observation_unit_id, observation_variable_id, id, observation_time_stamp, season_id, collector, value) VALUES ('5', 'MO_123:100002', '9', '2013-06-14T22:11:51Z', '3', 'A. Technician', '2.1');
INSERT INTO observation (observation_unit_id, observation_variable_id, id, observation_time_stamp, season_id, collector, value) VALUES ('6', 'MO_123:100006', '10', '2013-06-14T22:12:51Z', '3', 'A. Technician', '4.5');
INSERT INTO observation (observation_unit_id, observation_variable_id, id, observation_time_stamp, season_id, collector, value) VALUES ('7', 'MO_123:100003', '11', '2013-06-14T22:13:51Z', '3', 'A. Technician', '1.4');
INSERT INTO observation (observation_unit_id, observation_variable_id, id, observation_time_stamp, season_id, collector, value) VALUES ('8', 'MO_123:100004', '12', '2013-06-14T22:14:51Z', '3', 'A. Technician', 'red');
INSERT INTO observation (observation_unit_id, observation_variable_id, id, observation_time_stamp, season_id, collector, value) VALUES ('9', 'MO_123:100002', '13', '2011-06-14T22:03:51Z', '2', 'B. Tech', '10');
INSERT INTO observation (observation_unit_id, observation_variable_id, id, observation_time_stamp, season_id, collector, value) VALUES ('9', 'MO_123:100003', '14', '2011-06-14T22:04:51Z', '2', 'B. Tech', '20');
INSERT INTO observation (observation_unit_id, observation_variable_id, id, observation_time_stamp, season_id, collector, value) VALUES ('9', 'MO_123:100004', '15', '2011-06-14T22:05:51Z', '2', 'B. Tech', 'red');
INSERT INTO observation (observation_unit_id, observation_variable_id, id, observation_time_stamp, season_id, collector, value) VALUES ('10', 'MO_123:100002', '16', '2011-06-14T22:06:51Z', '2', 'B. Tech', '100');
INSERT INTO observation (observation_unit_id, observation_variable_id, id, observation_time_stamp, season_id, collector, value) VALUES ('10', 'MO_123:100003', '17', '2011-06-14T22:07:51Z', '2', 'B. Tech', '9');
INSERT INTO observation (observation_unit_id, observation_variable_id, id, observation_time_stamp, season_id, collector, value) VALUES ('10', 'MO_123:100005', '18', '2011-06-14T22:08:51Z', '2', 'B. Tech', '2');
INSERT INTO observation (observation_unit_id, observation_variable_id, id, observation_time_stamp, season_id, collector, value) VALUES ('11', 'MO_123:100002', '19', '2011-06-14T22:09:51Z', '2', 'B. Tech', '11');
INSERT INTO observation (observation_unit_id, observation_variable_id, id, observation_time_stamp, season_id, collector, value) VALUES ('11', 'MO_123:100003', '20', '2011-06-14T22:10:51Z', '2', 'B. Tech', '12');
INSERT INTO observation (observation_unit_id, observation_variable_id, id, observation_time_stamp, season_id, collector, value) VALUES ('11', 'MO_123:100004', '21', '2011-06-14T22:11:51Z', '2', 'B. Tech', 'black');
INSERT INTO observation (observation_unit_id, observation_variable_id, id, observation_time_stamp, season_id, collector, value) VALUES ('11', 'MO_123:100005', '22', '2011-06-14T22:12:51Z', '2', 'B. Tech', '5');

INSERT INTO taxon (id, taxon_id, source_name) VALUES ('0', '2340', 'ncbiTaxon');
INSERT INTO taxon (id, taxon_id, source_name) VALUES ('2', 'E312', 'ciradTaxon');

INSERT INTO germplasm_taxon (taxon_dbid, germplasm_dbid) VALUES ('0', '1');
INSERT INTO germplasm_taxon (taxon_dbid, germplasm_dbid) VALUES ('2', '1');
INSERT INTO germplasm_taxon (taxon_dbid, germplasm_dbid) VALUES ('0', '2');
INSERT INTO germplasm_taxon (taxon_dbid, germplasm_dbid) VALUES ('2', '2');
INSERT INTO germplasm_taxon (taxon_dbid, germplasm_dbid) VALUES ('0', '3');
INSERT INTO germplasm_taxon (taxon_dbid, germplasm_dbid) VALUES ('2', '3');
INSERT INTO germplasm_taxon (taxon_dbid, germplasm_dbid) VALUES ('0', '4');
INSERT INTO germplasm_taxon (taxon_dbid, germplasm_dbid) VALUES ('2', '4');
INSERT INTO germplasm_taxon (taxon_dbid, germplasm_dbid) VALUES ('0', '5');
INSERT INTO germplasm_taxon (taxon_dbid, germplasm_dbid) VALUES ('2', '5');
INSERT INTO germplasm_taxon (taxon_dbid, germplasm_dbid) VALUES ('0', '6');
INSERT INTO germplasm_taxon (taxon_dbid, germplasm_dbid) VALUES ('2', '6');
INSERT INTO germplasm_taxon (taxon_dbid, germplasm_dbid) VALUES ('0', '7');
INSERT INTO germplasm_taxon (taxon_dbid, germplasm_dbid) VALUES ('2', '7');
INSERT INTO germplasm_taxon (taxon_dbid, germplasm_dbid) VALUES ('0', '8');
INSERT INTO germplasm_taxon (taxon_dbid, germplasm_dbid) VALUES ('2', '8');
INSERT INTO germplasm_taxon (taxon_dbid, germplasm_dbid) VALUES ('0', '9');
INSERT INTO germplasm_taxon (taxon_dbid, germplasm_dbid) VALUES ('2', '9');

